title,category,cuisine,ingredients,prep_time_min,cook_time_min,total_time_min,serves,difficulty,vegetarian,summary,instructions,difficulty rating
Herb Chicken Rice Bowl,entree,American,"['chicken breast', 'olive oil', 'rice']",10,10,20,6,easy,False,A savory weeknight entree built around chicken with rice bowl.,1. Prep the chicken breast and gather the other ingredients. 2. Cook the rice or grain until tender. 3. Cook the chicken breast with olive oil and rice until fully cooked. 4. Layer everything in a bowl and serve hot.,1
Garlic Chicken Rice Bowl,entree,American,"['chicken breast', 'olive oil', 'rice', 'garlic']",20,10,30,2,easy,False,A savory weeknight entree built around chicken with rice bowl.,1. Prep the chicken breast and gather the other ingredients. 2. Cook the rice or grain until tender. 3. Cook the chicken breast with olive oil and rice until fully cooked. 4. Layer everything in a bowl and serve hot.,1
Smoky Chicken Rice Bowl,entree,American,"['chicken breast', 'olive oil', 'rice', 'garlic powder', 'garlic']",12,10,22,6,easy,False,A hearty and simple main dish built around chicken with rice bowl.,1. Prep the chicken breast and gather the other ingredients. 2. Cook the rice or grain until tender. 3. Cook the chicken breast with olive oil and rice until fully cooked. 4. Layer everything in a bowl and serve hot.,2
Lemon Pepper Chicken Rice Bowl,entree,American,"['chicken breast', 'olive oil', 'rice', 'butter', 'garlic powder', 'garlic']",12,10,22,6,easy,False,A comfort-food style dinner built around chicken with rice bowl.,1. Prep the chicken breast and gather the other ingredients. 2. Cook the rice or grain until tender. 3. Cook the chicken breast with olive oil and rice until fully cooked. 4. Layer everything in a bowl and serve hot.,2
Roasted Chicken Rice Bowl,entree,American,"['chicken breast', 'olive oil', 'rice', 'onion', 'garlic powder', 'paprika', 'garlic']",10,10,20,4,easy,False,A hearty and simple main dish built around chicken with rice bowl.,1. Prep the chicken breast and gather the other ingredients. 2. Cook the rice or grain until tender. 3. Cook the chicken breast with olive oil and rice until fully cooked. 4. Layer everything in a bowl and serve hot.,2
Homestyle Chicken Rice Bowl,entree,American,"['chicken breast', 'olive oil', 'rice', 'spinach', 'onion', 'butter', 'garlic powder', 'garlic']",20,10,30,6,easy,False,A comfort-food style dinner built around chicken with rice bowl.,1. Prep the chicken breast and gather the other ingredients. 2. Cook the rice or grain until tender. 3. Cook the chicken breast with olive oil and rice until fully cooked. 4. Layer everything in a bowl and serve hot.,3
Chipotle Chicken Rice Bowl,entree,Mexican,"['chicken breast', 'olive oil', 'rice', 'spinach', 'tomato', 'onion', 'lime', 'jalapeno', 'garlic']",20,10,30,4,easy,False,A bold and zesty main dish built around chicken with rice bowl.,1. Prep the chicken breast and gather the other ingredients. 2. Cook the rice or grain until tender. 3. Cook the chicken breast with olive oil and rice until fully cooked. 4. Layer everything in a bowl and serve hot.,3
Cilantro Lime Chicken Rice Bowl,entree,Mexican,"['chicken breast', 'olive oil', 'salt', 'black pepper', 'rice', 'cabbage', 'carrot', 'green onion', 'lime', 'garlic']",20,10,30,6,easy,False,A bold and zesty main dish built around chicken with rice bowl.,1. Prep the chicken breast and gather the other ingredients. 2. Cook the rice or grain until tender. 3. Cook the chicken breast with olive oil and salt until fully cooked. 4. Layer everything in a bowl and serve hot.,3
Spicy Chicken Rice Bowl,entree,Mexican,"['chicken breast', 'olive oil', 'rice', 'garlic']",18,10,28,4,easy,False,A family-friendly taco night style meal built around chicken with rice bowl.,1. Prep the chicken breast and gather the other ingredients. 2. Cook the rice or grain until tender. 3. Cook the chicken breast with olive oil and rice until fully cooked. 4. Layer everything in a bowl and serve hot.,1
Smoky Chicken Eggplant Rice Bowl,entree,Mexican,"['chicken breast', 'olive oil', 'rice', 'cumin', 'garlic']",12,10,22,6,easy,False,A bold and zesty main dish built around chicken with rice bowl.,1. Prep the chicken breast and gather the other ingredients. 2. Cook the rice or grain until tender. 3. Cook the chicken breast with olive oil and rice until fully cooked. 4. Layer everything in a bowl and serve hot.,2
Salsa Verde Chicken Rice Bowl,entree,Mexican,"['chicken breast', 'olive oil', 'rice', 'broccoli', 'cumin', 'garlic']",20,10,30,4,easy,False,A family-friendly taco night style meal built around chicken with rice bowl.,1. Prep the chicken breast and gather the other ingredients. 2. Cook the rice or grain until tender. 3. Cook the chicken breast with olive oil and rice until fully cooked. 4. Layer everything in a bowl and serve hot.,2
Southwest Chicken Rice Bowl,entree,Mexican,"['chicken breast', 'olive oil', 'rice', 'eggplant', 'tomato', 'cumin', 'garlic']",10,10,20,6,easy,False,A Mexican-inspired entree with bright flavors built around chicken with rice bowl.,1. Prep the chicken breast and gather the other ingredients. 2. Cook the rice or grain until tender. 3. Cook the chicken breast with olive oil and rice until fully cooked. 4. Layer everything in a bowl and serve hot.,2
Lemon Herb Chicken Rice Bowl,entree,Mediterranean,"['chicken breast', 'olive oil', 'rice', 'spinach', 'tomato', 'onion', 'feta', 'garlic']",12,18,30,4,easy,False,A bright Mediterranean-style entree built around chicken with rice bowl.,1. Prep the chicken breast and gather the other ingredients. 2. Cook the rice or grain until tender. 3. Cook the chicken breast with olive oil and rice until fully cooked. 4. Layer everything in a bowl and serve hot.,3
Mediterranean Chicken Rice Bowl,entree,Mediterranean,"['chicken breast', 'olive oil', 'rice']",20,10,30,4,easy,False,A light but satisfying dinner built around chicken with rice bowl.,1. Prep the chicken breast and gather the other ingredients. 2. Cook the rice or grain until tender. 3. Cook the chicken breast with olive oil and rice until fully cooked. 4. Layer everything in a bowl and serve hot.,1
Garlic Oregano Chicken Rice Bowl,entree,Mediterranean,"['chicken breast', 'olive oil', 'rice', 'parsley', 'garlic']",20,10,30,2,easy,False,A bright Mediterranean-style entree built around chicken with rice bowl.,1. Prep the chicken breast and gather the other ingredients. 2. Cook the rice or grain until tender. 3. Cook the chicken breast with olive oil and rice until fully cooked. 4. Layer everything in a bowl and serve hot.,2
Tomato Olive Chicken Rice Bowl,entree,Mediterranean,"['chicken breast', 'olive oil', 'rice', 'cauliflower', 'carrot', 'garlic']",10,10,20,6,easy,False,A light but satisfying dinner built around chicken with rice bowl.,1. Prep the chicken breast and gather the other ingredients. 2. Cook the rice or grain until tender. 3. Cook the chicken breast with olive oil and rice until fully cooked. 4. Layer everything in a bowl and serve hot.,2
Zesty Herb Chicken Rice Bowl,entree,Mediterranean,"['chicken breast', 'olive oil', 'rice', 'cauliflower', 'carrot', 'parsley', 'garlic']",18,10,28,6,easy,False,A fresh and herb-forward main dish built around chicken with rice bowl.,1. Prep the chicken breast and gather the other ingredients. 2. Cook the rice or grain until tender. 3. Cook the chicken breast with olive oil and rice until fully cooked. 4. Layer everything in a bowl and serve hot.,2
Sun-Dried Tomato Chicken Rice Bowl,entree,Mediterranean,"['chicken breast', 'olive oil', 'rice', 'sweet potato', 'onion', 'black beans', 'lemon', 'olives', 'garlic']",15,10,25,6,easy,False,A bright Mediterranean-style entree built around chicken with rice bowl.,1. Prep the chicken breast and gather the other ingredients. 2. Cook the rice or grain until tender. 3. Cook the chicken breast with olive oil and rice until fully cooked. 4. Layer everything in a bowl and serve hot.,3
Ginger Garlic Chicken Rice Bowl,entree,Asian,"['chicken breast', 'olive oil', 'rice']",15,10,25,6,easy,False,A quick Asian-inspired entree built around chicken with rice bowl.,1. Prep the chicken breast and gather the other ingredients. 2. Cook the rice or grain until tender. 3. Cook the chicken breast with olive oil and rice until fully cooked. 4. Layer everything in a bowl and serve hot.,1
Sesame Chicken Rice Bowl,entree,Asian,"['chicken breast', 'olive oil', 'rice', 'garlic']",18,10,28,2,easy,False,A savory umami-forward main dish built around chicken with rice bowl.,1. Prep the chicken breast and gather the other ingredients. 2. Cook the rice or grain until tender. 3. Cook the chicken breast with olive oil and rice until fully cooked. 4. Layer everything in a bowl and serve hot.,1
Soy Glazed Chicken Rice Bowl,entree,Asian,"['chicken breast', 'olive oil', 'rice', 'onion', 'garlic']",12,18,30,6,easy,False,A savory umami-forward main dish built around chicken with rice bowl.,1. Prep the chicken breast and gather the other ingredients. 2. Cook the rice or grain until tender. 3. Cook the chicken breast with olive oil and rice until fully cooked. 4. Layer everything in a bowl and serve hot.,2
Sweet Chili Chicken Rice Bowl,entree,Asian,"['chicken breast', 'olive oil', 'rice', 'corn', 'onion', 'garlic']",18,10,28,2,easy,False,A quick Asian-inspired entree built around chicken with rice bowl.,1. Prep the chicken breast and gather the other ingredients. 2. Cook the rice or grain until tender. 3. Cook the chicken breast with olive oil and rice until fully cooked. 4. Layer everything in a bowl and serve hot.,2
Teriyaki Chicken Rice Bowl,entree,Asian,"['chicken breast', 'olive oil', 'rice', 'spinach', 'onion', 'soy sauce', 'garlic']",12,10,22,4,easy,False,A takeout-style dinner made at home built around chicken with rice bowl.,1. Prep the chicken breast and gather the other ingredients. 2. Cook the rice or grain until tender. 3. Cook the chicken breast with olive oil and rice until fully cooked. 4. Layer everything in a bowl and serve hot.,2
Scallion Chicken Rice Bowl,entree,Asian,"['chicken breast', 'olive oil', 'rice', 'spinach', 'tomato', 'onion', 'sesame oil', 'garlic']",10,10,20,4,easy,False,A takeout-style dinner made at home built around chicken with rice bowl.,1. Prep the chicken breast and gather the other ingredients. 2. Cook the rice or grain until tender. 3. Cook the chicken breast with olive oil and rice until fully cooked. 4. Layer everything in a bowl and serve hot.,3
Tuscan Chicken Pasta,entree,Italian,"['chicken breast', 'olive oil', 'pasta', 'sweet potato', 'onion', 'black beans', 'spinach', 'garlic', 'parmesan']",15,10,25,6,easy,False,A savory herb-rich dinner built around chicken with pasta.,1. Prep the chicken breast and gather the other ingredients. 2. Cook the pasta according to package directions. 3. Cook the chicken breast with olive oil and pasta until fully cooked. 4. Toss everything together with the cooked pasta and serve hot.,3
Basil Tomato Chicken Pasta,entree,Italian,"['chicken breast', 'olive oil', 'salt', 'black pepper', 'pasta', 'kale', 'white beans', 'cream', 'garlic', 'parmesan']",10,25,35,6,easy,False,A savory herb-rich dinner built around chicken with pasta.,1. Prep the chicken breast and gather the other ingredients. 2. Cook the pasta according to package directions. 3. Cook the chicken breast with olive oil and salt until fully cooked. 4. Toss everything together with the cooked pasta and serve hot.,3
Garlic Parmesan Chicken Pasta,entree,Italian,"['chicken breast', 'olive oil', 'pasta', 'parmesan']",18,10,28,4,easy,False,A savory herb-rich dinner built around chicken with pasta.,1. Prep the chicken breast and gather the other ingredients. 2. Cook the pasta according to package directions. 3. Cook the chicken breast with olive oil and pasta until fully cooked. 4. Toss everything together with the cooked pasta and serve hot.,1
Rustic Chicken Pasta,entree,Italian,"['chicken breast', 'olive oil', 'pasta', 'parmesan', 'garlic']",10,15,25,4,easy,False,A Italian-inspired comfort entree built around chicken with pasta.,1. Prep the chicken breast and gather the other ingredients. 2. Cook the pasta according to package directions. 3. Cook the chicken breast with olive oil and pasta until fully cooked. 4. Toss everything together with the cooked pasta and serve hot.,2
Creamy Herb Chicken Pasta,entree,Italian,"['chicken breast', 'olive oil', 'pasta', 'broccoli', 'garlic', 'parmesan']",10,10,20,2,easy,False,A savory herb-rich dinner built around chicken with pasta.,1. Prep the chicken breast and gather the other ingredients. 2. Cook the pasta according to package directions. 3. Cook the chicken breast with olive oil and pasta until fully cooked. 4. Toss everything together with the cooked pasta and serve hot.,2
Roasted Garlic Chicken Pasta,entree,Italian,"['chicken breast', 'olive oil', 'pasta', 'onion', 'basil', 'garlic', 'parmesan']",15,10,25,2,easy,False,A Italian-inspired comfort entree built around chicken with pasta.,1. Prep the chicken breast and gather the other ingredients. 2. Cook the pasta according to package directions. 3. Cook the chicken breast with olive oil and pasta until fully cooked. 4. Toss everything together with the cooked pasta and serve hot.,2
Lemon Herb Chicken Pasta,entree,Mediterranean,"['chicken breast', 'olive oil', 'pasta', 'kale', 'white beans', 'oregano', 'garlic', 'parmesan']",15,15,30,6,easy,False,A fresh and herb-forward main dish built around chicken with pasta.,1. Prep the chicken breast and gather the other ingredients. 2. Cook the pasta according to package directions. 3. Cook the chicken breast with olive oil and pasta until fully cooked. 4. Toss everything together with the cooked pasta and serve hot.,3
Mediterranean Chicken Pasta,entree,Mediterranean,"['chicken breast', 'olive oil', 'pasta']",18,17,35,4,easy,False,A fresh and herb-forward main dish built around chicken with pasta.,1. Prep the chicken breast and gather the other ingredients. 2. Cook the pasta according to package directions. 3. Cook the chicken breast with olive oil and pasta until fully cooked. 4. Toss everything together with the cooked pasta and serve hot.,1
Garlic Oregano Chicken Pasta,entree,Mediterranean,"['chicken breast', 'olive oil', 'pasta', 'garlic', 'parmesan']",10,20,30,6,easy,False,A fresh and herb-forward main dish built around chicken with pasta.,1. Prep the chicken breast and gather the other ingredients. 2. Cook the pasta according to package directions. 3. Cook the chicken breast with olive oil and pasta until fully cooked. 4. Toss everything together with the cooked pasta and serve hot.,2
Tomato Olive Chicken Pasta,entree,Mediterranean,"['chicken breast', 'olive oil', 'pasta', 'eggplant', 'garlic', 'parmesan']",12,10,22,2,easy,False,A light but satisfying dinner built around chicken with pasta.,1. Prep the chicken breast and gather the other ingredients. 2. Cook the pasta according to package directions. 3. Cook the chicken breast with olive oil and pasta until fully cooked. 4. Toss everything together with the cooked pasta and serve hot.,2
Zesty Herb Chicken Pasta,entree,Mediterranean,"['chicken breast', 'olive oil', 'pasta', 'onion', 'oregano', 'garlic', 'parmesan']",20,10,30,6,easy,False,A fresh and herb-forward main dish built around chicken with pasta.,1. Prep the chicken breast and gather the other ingredients. 2. Cook the pasta according to package directions. 3. Cook the chicken breast with olive oil and pasta until fully cooked. 4. Toss everything together with the cooked pasta and serve hot.,2
Sun-Dried Tomato Chicken Pasta,entree,Mediterranean,"['chicken breast', 'olive oil', 'pasta', 'broccoli', 'carrot', 'snap peas', 'cucumber', 'garlic', 'parmesan']",15,15,30,2,easy,False,A fresh and herb-forward main dish built around chicken with pasta.,1. Prep the chicken breast and gather the other ingredients. 2. Cook the pasta according to package directions. 3. Cook the chicken breast with olive oil and pasta until fully cooked. 4. Toss everything together with the cooked pasta and serve hot.,3
Herb Chicken Pasta,entree,American,"['chicken breast', 'olive oil', 'pasta']",20,10,30,6,easy,False,A savory weeknight entree built around chicken with pasta.,1. Prep the chicken breast and gather the other ingredients. 2. Cook the pasta according to package directions. 3. Cook the chicken breast with olive oil and pasta until fully cooked. 4. Toss everything together with the cooked pasta and serve hot.,1
Garlic Chicken Pasta,entree,American,"['chicken breast', 'olive oil', 'pasta', 'parmesan']",18,10,28,2,easy,False,A comfort-food style dinner built around chicken with pasta.,1. Prep the chicken breast and gather the other ingredients. 2. Cook the pasta according to package directions. 3. Cook the chicken breast with olive oil and pasta until fully cooked. 4. Toss everything together with the cooked pasta and serve hot.,1
Smoky Chicken Pasta,entree,American,"['chicken breast', 'olive oil', 'pasta', 'garlic', 'parmesan']",10,10,20,4,easy,False,A hearty and simple main dish built around chicken with pasta.,1. Prep the chicken breast and gather the other ingredients. 2. Cook the pasta according to package directions. 3. Cook the chicken breast with olive oil and pasta until fully cooked. 4. Toss everything together with the cooked pasta and serve hot.,2
Lemon Pepper Chicken Pasta,entree,American,"['chicken breast', 'olive oil', 'pasta', 'parsley', 'garlic', 'parmesan']",20,10,30,4,easy,False,A comfort-food style dinner built around chicken with pasta.,1. Prep the chicken breast and gather the other ingredients. 2. Cook the pasta according to package directions. 3. Cook the chicken breast with olive oil and pasta until fully cooked. 4. Toss everything together with the cooked pasta and serve hot.,2
Roasted Chicken Pasta,entree,American,"['chicken breast', 'olive oil', 'pasta', 'thyme', 'garlic powder', 'garlic', 'parmesan']",12,10,22,2,easy,False,A hearty and simple main dish built around chicken with pasta.,1. Prep the chicken breast and gather the other ingredients. 2. Cook the pasta according to package directions. 3. Cook the chicken breast with olive oil and pasta until fully cooked. 4. Toss everything together with the cooked pasta and serve hot.,2
Homestyle Chicken Pasta,entree,American,"['chicken breast', 'olive oil', 'pasta', 'onion', 'thyme', 'paprika', 'garlic', 'parmesan']",18,10,28,4,easy,False,A comfort-food style dinner built around chicken with pasta.,1. Prep the chicken breast and gather the other ingredients. 2. Cook the pasta according to package directions. 3. Cook the chicken breast with olive oil and pasta until fully cooked. 4. Toss everything together with the cooked pasta and serve hot.,3
Herb Chicken Tacos,entree,American,"['chicken breast', 'olive oil', 'corn tortillas', 'sweet potato', 'onion', 'parsley', 'garlic powder', 'lime', 'cilantro']",10,20,30,6,easy,False,A savory weeknight entree built around chicken with tacos.,1. Prep the chicken breast and gather the other ingredients. 2. Warm the tortillas or wraps. 3. Cook the chicken breast with olive oil and corn tortillas until fully cooked. 4. Fill with the cooked ingredients and serve warm.,3
Garlic Chicken Tacos,entree,American,"['chicken breast', 'olive oil', 'corn tortillas', 'eggplant', 'tomato', 'zucchini', 'paprika', 'rosemary', 'lime', 'cilantro']",15,10,25,6,easy,False,A hearty and simple main dish built around chicken with tacos.,1. Prep the chicken breast and gather the other ingredients. 2. Warm the tortillas or wraps. 3. Cook the chicken breast with olive oil and corn tortillas until fully cooked. 4. Fill with the cooked ingredients and serve warm.,3
Smoky Chicken Tacos,entree,American,"['chicken breast', 'olive oil', 'lime', 'cilantro']",10,10,20,2,easy,False,A savory weeknight entree built around chicken with tacos.,1. Prep the chicken breast and gather the other ingredients. 2. Warm the tortillas or wraps. 3. Cook the chicken breast with olive oil and lime until fully cooked. 4. Fill with the cooked ingredients and serve warm.,1
Lemon Pepper Chicken Tacos,entree,American,"['chicken breast', 'olive oil', 'butter', 'lime', 'cilantro']",18,10,28,6,easy,False,A comfort-food style dinner built around chicken with tacos.,1. Prep the chicken breast and gather the other ingredients. 2. Warm the tortillas or wraps. 3. Cook the chicken breast with olive oil and butter until fully cooked. 4. Fill with the cooked ingredients and serve warm.,2
Roasted Chicken Tacos,entree,American,"['chicken breast', 'olive oil', 'parsley', 'thyme', 'lime', 'cilantro']",12,10,22,2,easy,False,A savory weeknight entree built around chicken with tacos.,1. Prep the chicken breast and gather the other ingredients. 2. Warm the tortillas or wraps. 3. Cook the chicken breast with olive oil and parsley until fully cooked. 4. Fill with the cooked ingredients and serve warm.,2
Homestyle Chicken Tacos,entree,American,"['chicken breast', 'olive oil', 'corn tortillas', 'butter', 'parsley', 'lime', 'cilantro']",12,18,30,2,easy,False,A savory weeknight entree built around chicken with tacos.,1. Prep the chicken breast and gather the other ingredients. 2. Warm the tortillas or wraps. 3. Cook the chicken breast with olive oil and corn tortillas until fully cooked. 4. Fill with the cooked ingredients and serve warm.,2
Chipotle Chicken Tacos,entree,Mexican,"['chicken breast', 'olive oil', 'corn tortillas', 'onion', 'bell pepper', 'cumin', 'cilantro', 'lime']",15,10,25,6,easy,False,A Mexican-inspired entree with bright flavors built around chicken with tacos.,1. Prep the chicken breast and gather the other ingredients. 2. Warm the tortillas or wraps. 3. Cook the chicken breast with olive oil and corn tortillas until fully cooked. 4. Fill with the cooked ingredients and serve warm.,3
Cilantro Lime Chicken Tacos,entree,Mexican,"['chicken breast', 'olive oil', 'cilantro']",12,10,22,6,easy,False,A Mexican-inspired entree with bright flavors built around chicken with tacos.,1. Prep the chicken breast and gather the other ingredients. 2. Warm the tortillas or wraps. 3. Cook the chicken breast with olive oil and cilantro until fully cooked. 4. Fill with the cooked ingredients and serve warm.,1
Spicy Chicken Tacos,entree,Mexican,"['chicken breast', 'olive oil', 'corn tortillas', 'lime', 'cilantro']",20,10,30,6,easy,False,A bold and zesty main dish built around chicken with tacos.,1. Prep the chicken breast and gather the other ingredients. 2. Warm the tortillas or wraps. 3. Cook the chicken breast with olive oil and corn tortillas until fully cooked. 4. Fill with the cooked ingredients and serve warm.,2
Smoky Chicken Cabbage Tacos,entree,Mexican,"['chicken breast', 'olive oil', 'corn tortillas', 'cabbage', 'cilantro', 'lime']",20,10,30,4,easy,False,A bold and zesty main dish built around chicken with tacos.,1. Prep the chicken breast and gather the other ingredients. 2. Warm the tortillas or wraps. 3. Cook the chicken breast with olive oil and corn tortillas until fully cooked. 4. Fill with the cooked ingredients and serve warm.,2
Salsa Verde Chicken Tacos,entree,Mexican,"['chicken breast', 'olive oil', 'corn tortillas', 'kale', 'white beans', 'lime', 'cilantro']",12,10,22,2,easy,False,A Mexican-inspired entree with bright flavors built around chicken with tacos.,1. Prep the chicken breast and gather the other ingredients. 2. Warm the tortillas or wraps. 3. Cook the chicken breast with olive oil and corn tortillas until fully cooked. 4. Fill with the cooked ingredients and serve warm.,2
Southwest Chicken Tacos,entree,Mexican,"['chicken breast', 'olive oil', 'corn tortillas', 'kale', 'white beans', 'tomato', 'corn', 'lime', 'cilantro']",20,10,30,4,easy,False,A family-friendly taco night style meal built around chicken with tacos.,1. Prep the chicken breast and gather the other ingredients. 2. Warm the tortillas or wraps. 3. Cook the chicken breast with olive oil and corn tortillas until fully cooked. 4. Fill with the cooked ingredients and serve warm.,3
Herb Chicken Salad,entree,American,"['chicken breast', 'olive oil', 'butter']",18,10,28,6,easy,False,A savory weeknight entree built around chicken with salad.,1. Prep the chicken breast and gather the other ingredients. 2. Prepare the fresh ingredients and dressing. 3. Cook the chicken breast with olive oil and butter until fully cooked. 4. Toss everything together and serve.,1
Garlic Chicken Salad,entree,American,"['chicken breast', 'olive oil', 'paprika', 'thyme']",10,10,20,6,easy,False,A hearty and simple main dish built around chicken with salad.,1. Prep the chicken breast and gather the other ingredients. 2. Prepare the fresh ingredients and dressing. 3. Cook the chicken breast with olive oil and paprika until fully cooked. 4. Toss everything together and serve.,1
Smoky Chicken Salad,entree,American,"['chicken breast', 'olive oil', 'mixed greens', 'cabbage', 'garlic powder']",18,10,28,6,easy,False,A comfort-food style dinner built around chicken with salad.,1. Prep the chicken breast and gather the other ingredients. 2. Prepare the fresh ingredients and dressing. 3. Cook the chicken breast with olive oil and mixed greens until fully cooked. 4. Toss everything together and serve.,2
Lemon Pepper Chicken Salad,entree,American,"['chicken breast', 'olive oil', 'mixed greens', 'kale', 'butter', 'paprika']",15,10,25,6,easy,False,A comfort-food style dinner built around chicken with salad.,1. Prep the chicken breast and gather the other ingredients. 2. Prepare the fresh ingredients and dressing. 3. Cook the chicken breast with olive oil and mixed greens until fully cooked. 4. Toss everything together and serve.,2
Roasted Chicken Salad,entree,American,"['chicken breast', 'olive oil', 'mixed greens', 'eggplant', 'tomato', 'butter', 'paprika']",20,10,30,6,easy,False,A savory weeknight entree built around chicken with salad.,1. Prep the chicken breast and gather the other ingredients. 2. Prepare the fresh ingredients and dressing. 3. Cook the chicken breast with olive oil and mixed greens until fully cooked. 4. Toss everything together and serve.,2
Homestyle Chicken Salad,entree,American,"['chicken breast', 'olive oil', 'mixed greens', 'eggplant', 'tomato', 'zucchini', 'paprika', 'rosemary']",10,15,25,4,easy,False,A hearty and simple main dish built around chicken with salad.,1. Prep the chicken breast and gather the other ingredients. 2. Prepare the fresh ingredients and dressing. 3. Cook the chicken breast with olive oil and mixed greens until fully cooked. 4. Toss everything together and serve.,3
Lemon Herb Chicken Salad,entree,Mediterranean,"['chicken breast', 'olive oil', 'salt', 'black pepper', 'mixed greens', 'broccoli', 'carrot', 'snap peas', 'oregano']",18,10,28,2,easy,False,A light but satisfying dinner built around chicken with salad.,1. Prep the chicken breast and gather the other ingredients. 2. Prepare the fresh ingredients and dressing. 3. Cook the chicken breast with olive oil and salt until fully cooked. 4. Toss everything together and serve.,3
Mediterranean Chicken Salad,entree,Mediterranean,"['chicken breast', 'olive oil', 'salt', 'black pepper', 'mixed greens', 'cauliflower', 'carrot', 'peas', 'tomato', 'lemon']",12,10,22,2,easy,False,A fresh and herb-forward main dish built around chicken with salad.,1. Prep the chicken breast and gather the other ingredients. 2. Prepare the fresh ingredients and dressing. 3. Cook the chicken breast with olive oil and salt until fully cooked. 4. Toss everything together and serve.,3
Garlic Oregano Chicken Salad,entree,Mediterranean,"['chicken breast', 'olive oil', 'onion', 'oregano']",10,15,25,4,easy,False,A bright Mediterranean-style entree built around chicken with salad.,1. Prep the chicken breast and gather the other ingredients. 2. Prepare the fresh ingredients and dressing. 3. Cook the chicken breast with olive oil and onion until fully cooked. 4. Toss everything together and serve.,1
Tomato Olive Chicken Salad,entree,Mediterranean,"['chicken breast', 'olive oil', 'mixed greens', 'onion', 'oregano']",18,10,28,4,easy,False,A fresh and herb-forward main dish built around chicken with salad.,1. Prep the chicken breast and gather the other ingredients. 2. Prepare the fresh ingredients and dressing. 3. Cook the chicken breast with olive oil and mixed greens until fully cooked. 4. Toss everything together and serve.,2
Zesty Herb Chicken Salad,entree,Mediterranean,"['chicken breast', 'olive oil', 'mixed greens', 'mushrooms', 'onion', 'feta']",10,10,20,2,easy,False,A fresh and herb-forward main dish built around chicken with salad.,1. Prep the chicken breast and gather the other ingredients. 2. Prepare the fresh ingredients and dressing. 3. Cook the chicken breast with olive oil and mixed greens until fully cooked. 4. Toss everything together and serve.,2
Sun-Dried Tomato Chicken Salad,entree,Mediterranean,"['chicken breast', 'olive oil', 'mixed greens', 'cabbage', 'carrot', 'green onion', 'olives']",10,15,25,4,easy,False,A light but satisfying dinner built around chicken with salad.,1. Prep the chicken breast and gather the other ingredients. 2. Prepare the fresh ingredients and dressing. 3. Cook the chicken breast with olive oil and mixed greens until fully cooked. 4. Toss everything together and serve.,2
Herb Chicken Soup,entree,American,"['chicken breast', 'olive oil', 'broth', 'kale', 'white beans', 'thyme', 'butter', 'garlic']",10,20,30,2,medium,False,A savory weeknight entree built around chicken with soup.,"1. Prep the chicken breast and gather the other ingredients. 2. Simmer the ingredients in a pot until tender. 3. Cook the chicken breast with olive oil and broth until fully cooked. 4. Stir well, taste, and serve hot.",3
Garlic Chicken Soup,entree,American,"['chicken breast', 'olive oil', 'broth']",10,25,35,4,medium,False,A savory weeknight entree built around chicken with soup.,"1. Prep the chicken breast and gather the other ingredients. 2. Simmer the ingredients in a pot until tender. 3. Cook the chicken breast with olive oil and broth until fully cooked. 4. Stir well, taste, and serve hot.",1
Smoky Chicken Soup,entree,American,"['chicken breast', 'olive oil', 'broth', 'thyme', 'garlic']",18,17,35,6,medium,False,A comfort-food style dinner built around chicken with soup.,"1. Prep the chicken breast and gather the other ingredients. 2. Simmer the ingredients in a pot until tender. 3. Cook the chicken breast with olive oil and broth until fully cooked. 4. Stir well, taste, and serve hot.",2
Lemon Pepper Chicken Soup,entree,American,"['chicken breast', 'olive oil', 'broth', 'rosemary', 'parsley', 'garlic']",15,15,30,4,medium,False,A savory weeknight entree built around chicken with soup.,"1. Prep the chicken breast and gather the other ingredients. 2. Simmer the ingredients in a pot until tender. 3. Cook the chicken breast with olive oil and broth until fully cooked. 4. Stir well, taste, and serve hot.",2
Roasted Chicken Soup,entree,American,"['chicken breast', 'olive oil', 'broth', 'onion', 'rosemary', 'garlic powder', 'garlic']",15,15,30,6,medium,False,A savory weeknight entree built around chicken with soup.,"1. Prep the chicken breast and gather the other ingredients. 2. Simmer the ingredients in a pot until tender. 3. Cook the chicken breast with olive oil and broth until fully cooked. 4. Stir well, taste, and serve hot.",2
Homestyle Chicken Soup,entree,American,"['chicken breast', 'olive oil', 'broth', 'cauliflower', 'carrot', 'peas', 'garlic powder', 'butter', 'garlic']",12,18,30,4,medium,False,A savory weeknight entree built around chicken with soup.,"1. Prep the chicken breast and gather the other ingredients. 2. Simmer the ingredients in a pot until tender. 3. Cook the chicken breast with olive oil and broth until fully cooked. 4. Stir well, taste, and serve hot.",3
Lemon Herb Chicken Soup,entree,Mediterranean,"['chicken breast', 'olive oil', 'broth']",20,25,45,4,medium,False,A light but satisfying dinner built around chicken with soup.,"1. Prep the chicken breast and gather the other ingredients. 2. Simmer the ingredients in a pot until tender. 3. Cook the chicken breast with olive oil and broth until fully cooked. 4. Stir well, taste, and serve hot.",1
Mediterranean Chicken Soup,entree,Mediterranean,"['chicken breast', 'olive oil', 'broth', 'garlic']",12,18,30,2,medium,False,A fresh and herb-forward main dish built around chicken with soup.,"1. Prep the chicken breast and gather the other ingredients. 2. Simmer the ingredients in a pot until tender. 3. Cook the chicken breast with olive oil and broth until fully cooked. 4. Stir well, taste, and serve hot.",1
Garlic Oregano Chicken Soup,entree,Mediterranean,"['chicken breast', 'olive oil', 'broth', 'oregano', 'garlic']",15,25,40,6,medium,False,A bright Mediterranean-style entree built around chicken with soup.,"1. Prep the chicken breast and gather the other ingredients. 2. Simmer the ingredients in a pot until tender. 3. Cook the chicken breast with olive oil and broth until fully cooked. 4. Stir well, taste, and serve hot.",2
Tomato Olive Chicken Soup,entree,Mediterranean,"['chicken breast', 'olive oil', 'broth', 'cauliflower', 'parsley', 'garlic']",12,28,40,4,medium,False,A bright Mediterranean-style entree built around chicken with soup.,"1. Prep the chicken breast and gather the other ingredients. 2. Simmer the ingredients in a pot until tender. 3. Cook the chicken breast with olive oil and broth until fully cooked. 4. Stir well, taste, and serve hot.",2
Zesty Herb Chicken Soup,entree,Mediterranean,"['chicken breast', 'olive oil', 'broth', 'cauliflower', 'carrot', 'lemon', 'garlic']",10,25,35,6,medium,False,A fresh and herb-forward main dish built around chicken with soup.,"1. Prep the chicken breast and gather the other ingredients. 2. Simmer the ingredients in a pot until tender. 3. Cook the chicken breast with olive oil and broth until fully cooked. 4. Stir well, taste, and serve hot.",2
Sun-Dried Tomato Chicken Soup,entree,Mediterranean,"['chicken breast', 'olive oil', 'broth', 'mushrooms', 'onion', 'peas', 'lemon', 'garlic']",18,27,45,6,medium,False,A fresh and herb-forward main dish built around chicken with soup.,"1. Prep the chicken breast and gather the other ingredients. 2. Simmer the ingredients in a pot until tender. 3. Cook the chicken breast with olive oil and broth until fully cooked. 4. Stir well, taste, and serve hot.",3
Ginger Garlic Chicken Soup,entree,Asian,"['chicken breast', 'olive oil', 'broth', 'cabbage', 'carrot', 'green onion', 'sesame oil', 'honey', 'garlic']",12,23,35,4,medium,False,A quick Asian-inspired entree built around chicken with soup.,"1. Prep the chicken breast and gather the other ingredients. 2. Simmer the ingredients in a pot until tender. 3. Cook the chicken breast with olive oil and broth until fully cooked. 4. Stir well, taste, and serve hot.",3
Sesame Chicken Soup,entree,Asian,"['chicken breast', 'olive oil', 'salt', 'black pepper', 'broth', 'spinach', 'tomato', 'onion', 'green onion', 'garlic']",10,25,35,2,medium,False,A quick Asian-inspired entree built around chicken with soup.,"1. Prep the chicken breast and gather the other ingredients. 2. Simmer the ingredients in a pot until tender. 3. Cook the chicken breast with olive oil and salt until fully cooked. 4. Stir well, taste, and serve hot.",3
Soy Glazed Chicken Soup,entree,Asian,"['chicken breast', 'olive oil', 'broth', 'garlic']",10,20,30,6,medium,False,A savory umami-forward main dish built around chicken with soup.,"1. Prep the chicken breast and gather the other ingredients. 2. Simmer the ingredients in a pot until tender. 3. Cook the chicken breast with olive oil and broth until fully cooked. 4. Stir well, taste, and serve hot.",1
Sweet Chili Chicken Soup,entree,Asian,"['chicken breast', 'olive oil', 'broth', 'cabbage', 'garlic']",20,15,35,6,medium,False,A savory umami-forward main dish built around chicken with soup.,"1. Prep the chicken breast and gather the other ingredients. 2. Simmer the ingredients in a pot until tender. 3. Cook the chicken breast with olive oil and broth until fully cooked. 4. Stir well, taste, and serve hot.",2
Teriyaki Chicken Soup,entree,Asian,"['chicken breast', 'olive oil', 'broth', 'onion', 'soy sauce', 'garlic']",12,28,40,4,medium,False,A quick Asian-inspired entree built around chicken with soup.,"1. Prep the chicken breast and gather the other ingredients. 2. Simmer the ingredients in a pot until tender. 3. Cook the chicken breast with olive oil and broth until fully cooked. 4. Stir well, taste, and serve hot.",2
Scallion Chicken Soup,entree,Asian,"['chicken breast', 'olive oil', 'broth', 'cauliflower', 'carrot', 'peas', 'garlic']",20,20,40,2,medium,False,A quick Asian-inspired entree built around chicken with soup.,"1. Prep the chicken breast and gather the other ingredients. 2. Simmer the ingredients in a pot until tender. 3. Cook the chicken breast with olive oil and broth until fully cooked. 4. Stir well, taste, and serve hot.",2
Herb Chicken Sheet Pan Dinner,entree,American,"['chicken breast', 'olive oil', 'onion', 'bell pepper', 'cauliflower', 'carrot', 'paprika', 'thyme']",12,18,30,4,easy,False,A hearty and simple main dish built around chicken with sheet pan dinner.,1. Prep the chicken breast and gather the other ingredients. 2. Heat a pan over medium heat. 3. Cook the chicken breast with olive oil and onion until fully cooked. 4. Combine everything and serve hot.,3
Garlic Chicken Sheet Pan Dinner,entree,American,"['chicken breast', 'olive oil', 'thyme']",20,15,35,2,easy,False,A comfort-food style dinner built around chicken with sheet pan dinner.,1. Prep the chicken breast and gather the other ingredients. 2. Heat a pan over medium heat. 3. Cook the chicken breast with olive oil and thyme until fully cooked. 4. Combine everything and serve hot.,1
Smoky Chicken Sheet Pan Dinner,entree,American,"['chicken breast', 'olive oil', 'onion', 'garlic powder', 'thyme']",10,25,35,4,easy,False,A comfort-food style dinner built around chicken with sheet pan dinner.,1. Prep the chicken breast and gather the other ingredients. 2. Heat a pan over medium heat. 3. Cook the chicken breast with olive oil and onion until fully cooked. 4. Combine everything and serve hot.,2
Lemon Pepper Chicken Sheet Pan Dinner,entree,American,"['chicken breast', 'olive oil', 'onion', 'bell pepper', 'rosemary', 'garlic powder']",15,25,40,6,easy,False,A savory weeknight entree built around chicken with sheet pan dinner.,1. Prep the chicken breast and gather the other ingredients. 2. Heat a pan over medium heat. 3. Cook the chicken breast with olive oil and onion until fully cooked. 4. Combine everything and serve hot.,2
Roasted Chicken Sheet Pan Dinner,entree,American,"['chicken breast', 'olive oil', 'onion', 'bell pepper', 'broccoli', 'carrot', 'butter']",12,33,45,4,easy,False,A comfort-food style dinner built around chicken with sheet pan dinner.,1. Prep the chicken breast and gather the other ingredients. 2. Heat a pan over medium heat. 3. Cook the chicken breast with olive oil and onion until fully cooked. 4. Combine everything and serve hot.,2
Homestyle Chicken Sheet Pan Dinner,entree,American,"['chicken breast', 'olive oil', 'onion', 'bell pepper', 'eggplant', 'tomato', 'zucchini', 'paprika', 'thyme']",20,15,35,2,easy,False,A comfort-food style dinner built around chicken with sheet pan dinner.,1. Prep the chicken breast and gather the other ingredients. 2. Heat a pan over medium heat. 3. Cook the chicken breast with olive oil and onion until fully cooked. 4. Combine everything and serve hot.,3
Lemon Herb Chicken Sheet Pan Dinner,entree,Mediterranean,"['chicken breast', 'olive oil', 'onion']",20,15,35,6,easy,False,A light but satisfying dinner built around chicken with sheet pan dinner.,1. Prep the chicken breast and gather the other ingredients. 2. Heat a pan over medium heat. 3. Cook the chicken breast with olive oil and onion until fully cooked. 4. Combine everything and serve hot.,1
Mediterranean Chicken Sheet Pan Dinner,entree,Mediterranean,"['chicken breast', 'olive oil', 'onion', 'bell pepper']",10,25,35,2,easy,False,A bright Mediterranean-style entree built around chicken with sheet pan dinner.,1. Prep the chicken breast and gather the other ingredients. 2. Heat a pan over medium heat. 3. Cook the chicken breast with olive oil and onion until fully cooked. 4. Combine everything and serve hot.,1
Garlic Oregano Chicken Sheet Pan Dinner,entree,Mediterranean,"['chicken breast', 'olive oil', 'onion', 'bell pepper', 'oregano']",15,15,30,4,easy,False,A fresh and herb-forward main dish built around chicken with sheet pan dinner.,1. Prep the chicken breast and gather the other ingredients. 2. Heat a pan over medium heat. 3. Cook the chicken breast with olive oil and onion until fully cooked. 4. Combine everything and serve hot.,2
Tomato Olive Chicken Sheet Pan Dinner,entree,Mediterranean,"['chicken breast', 'olive oil', 'onion', 'bell pepper', 'cabbage', 'lemon']",10,25,35,4,easy,False,A fresh and herb-forward main dish built around chicken with sheet pan dinner.,1. Prep the chicken breast and gather the other ingredients. 2. Heat a pan over medium heat. 3. Cook the chicken breast with olive oil and onion until fully cooked. 4. Combine everything and serve hot.,2
Zesty Herb Chicken Sheet Pan Dinner,entree,Mediterranean,"['chicken breast', 'olive oil', 'onion', 'bell pepper', 'zucchini', 'olives', 'tomato']",10,20,30,6,easy,False,A light but satisfying dinner built around chicken with sheet pan dinner.,1. Prep the chicken breast and gather the other ingredients. 2. Heat a pan over medium heat. 3. Cook the chicken breast with olive oil and onion until fully cooked. 4. Combine everything and serve hot.,2
Sun-Dried Tomato Chicken Sheet Pan Dinner,entree,Mediterranean,"['chicken breast', 'olive oil', 'onion', 'bell pepper', 'broccoli', 'carrot', 'snap peas', 'cucumber']",18,22,40,2,easy,False,A fresh and herb-forward main dish built around chicken with sheet pan dinner.,1. Prep the chicken breast and gather the other ingredients. 2. Heat a pan over medium heat. 3. Cook the chicken breast with olive oil and onion until fully cooked. 4. Combine everything and serve hot.,3
Herb Chicken Skillet,entree,American,"['chicken breast', 'olive oil', 'salt', 'black pepper', 'onion', 'garlic', 'mushrooms', 'parsley', 'paprika']",12,23,35,4,easy,False,A hearty and simple main dish built around chicken with skillet.,1. Prep the chicken breast and gather the other ingredients. 2. Heat a pan over medium heat. 3. Cook the chicken breast with olive oil and salt until fully cooked. 4. Combine everything and serve hot.,3
Garlic Chicken Skillet,entree,American,"['chicken breast', 'olive oil', 'salt', 'black pepper', 'onion', 'garlic', 'broccoli', 'carrot', 'rosemary', 'parsley']",15,10,25,6,easy,False,A comfort-food style dinner built around chicken with skillet.,1. Prep the chicken breast and gather the other ingredients. 2. Heat a pan over medium heat. 3. Cook the chicken breast with olive oil and salt until fully cooked. 4. Combine everything and serve hot.,3
Smoky Chicken Skillet,entree,American,"['chicken breast', 'olive oil', 'garlic powder', 'butter']",12,18,30,4,easy,False,A comfort-food style dinner built around chicken with skillet.,1. Prep the chicken breast and gather the other ingredients. 2. Heat a pan over medium heat. 3. Cook the chicken breast with olive oil and garlic powder until fully cooked. 4. Combine everything and serve hot.,1
Lemon Pepper Chicken Skillet,entree,American,"['chicken breast', 'olive oil', 'onion', 'garlic', 'butter']",12,10,22,4,easy,False,A savory weeknight entree built around chicken with skillet.,1. Prep the chicken breast and gather the other ingredients. 2. Heat a pan over medium heat. 3. Cook the chicken breast with olive oil and onion until fully cooked. 4. Combine everything and serve hot.,2
Roasted Chicken Skillet,entree,American,"['chicken breast', 'olive oil', 'onion', 'garlic', 'thyme', 'parsley']",10,15,25,6,easy,False,A hearty and simple main dish built around chicken with skillet.,1. Prep the chicken breast and gather the other ingredients. 2. Heat a pan over medium heat. 3. Cook the chicken breast with olive oil and onion until fully cooked. 4. Combine everything and serve hot.,2
Homestyle Chicken Skillet,entree,American,"['chicken breast', 'olive oil', 'onion', 'garlic', 'cauliflower', 'parsley', 'butter']",15,20,35,4,easy,False,A hearty and simple main dish built around chicken with skillet.,1. Prep the chicken breast and gather the other ingredients. 2. Heat a pan over medium heat. 3. Cook the chicken breast with olive oil and onion until fully cooked. 4. Combine everything and serve hot.,2
Chipotle Chicken Skillet,entree,Mexican,"['chicken breast', 'olive oil', 'onion', 'garlic', 'broccoli', 'carrot', 'snap peas', 'cilantro']",15,10,25,4,easy,False,A bold and zesty main dish built around chicken with skillet.,1. Prep the chicken breast and gather the other ingredients. 2. Heat a pan over medium heat. 3. Cook the chicken breast with olive oil and onion until fully cooked. 4. Combine everything and serve hot.,3
Cilantro Lime Chicken Skillet,entree,Mexican,"['chicken breast', 'olive oil', 'lime']",20,15,35,4,easy,False,A Mexican-inspired entree with bright flavors built around chicken with skillet.,1. Prep the chicken breast and gather the other ingredients. 2. Heat a pan over medium heat. 3. Cook the chicken breast with olive oil and lime until fully cooked. 4. Combine everything and serve hot.,1
Spicy Chicken Skillet,entree,Mexican,"['chicken breast', 'olive oil', 'garlic', 'cilantro', 'lime']",20,10,30,2,easy,False,A family-friendly taco night style meal built around chicken with skillet.,1. Prep the chicken breast and gather the other ingredients. 2. Heat a pan over medium heat. 3. Cook the chicken breast with olive oil and garlic until fully cooked. 4. Combine everything and serve hot.,2
Smoky Chicken Cabbage Skillet,entree,Mexican,"['chicken breast', 'olive oil', 'onion', 'garlic', 'cabbage', 'cumin']",12,18,30,2,easy,False,A family-friendly taco night style meal built around chicken with skillet.,1. Prep the chicken breast and gather the other ingredients. 2. Heat a pan over medium heat. 3. Cook the chicken breast with olive oil and onion until fully cooked. 4. Combine everything and serve hot.,2
Salsa Verde Chicken Skillet,entree,Mexican,"['chicken breast', 'olive oil', 'onion', 'garlic', 'sweet potato', 'cilantro', 'chili powder']",18,17,35,2,easy,False,A bold and zesty main dish built around chicken with skillet.,1. Prep the chicken breast and gather the other ingredients. 2. Heat a pan over medium heat. 3. Cook the chicken breast with olive oil and onion until fully cooked. 4. Combine everything and serve hot.,2
Southwest Chicken Skillet,entree,Mexican,"['chicken breast', 'olive oil', 'salt', 'black pepper', 'onion', 'garlic', 'bell pepper', 'zucchini', 'chili powder']",18,17,35,4,easy,False,A family-friendly taco night style meal built around chicken with skillet.,1. Prep the chicken breast and gather the other ingredients. 2. Heat a pan over medium heat. 3. Cook the chicken breast with olive oil and salt until fully cooked. 4. Combine everything and serve hot.,3
Ginger Garlic Chicken Skillet,entree,Asian,"['chicken breast', 'olive oil', 'garlic']",18,12,30,2,easy,False,A savory umami-forward main dish built around chicken with skillet.,1. Prep the chicken breast and gather the other ingredients. 2. Heat a pan over medium heat. 3. Cook the chicken breast with olive oil and garlic until fully cooked. 4. Combine everything and serve hot.,1
Sesame Chicken Skillet,entree,Asian,"['chicken breast', 'olive oil', 'onion', 'garlic']",15,20,35,2,easy,False,A quick Asian-inspired entree built around chicken with skillet.,1. Prep the chicken breast and gather the other ingredients. 2. Heat a pan over medium heat. 3. Cook the chicken breast with olive oil and onion until fully cooked. 4. Combine everything and serve hot.,1
Soy Glazed Chicken Skillet,entree,Asian,"['chicken breast', 'olive oil', 'onion', 'garlic', 'bell pepper']",15,15,30,2,easy,False,A savory umami-forward main dish built around chicken with skillet.,1. Prep the chicken breast and gather the other ingredients. 2. Heat a pan over medium heat. 3. Cook the chicken breast with olive oil and onion until fully cooked. 4. Combine everything and serve hot.,2
Sweet Chili Chicken Skillet,entree,Asian,"['chicken breast', 'olive oil', 'onion', 'garlic', 'corn', 'bell pepper']",10,20,30,4,easy,False,A savory umami-forward main dish built around chicken with skillet.,"1. Prep the chicken breast and gather the other ingredients. 2. Simmer the ingredients in a pot until tender. 3. Cook the chicken breast with olive oil and onion until fully cooked. 4. Stir well, taste, and serve hot.",2
Teriyaki Chicken Skillet,entree,Asian,"['chicken breast', 'olive oil', 'onion', 'garlic', 'bell pepper', 'zucchini', 'ginger']",10,20,30,6,easy,False,A quick Asian-inspired entree built around chicken with skillet.,1. Prep the chicken breast and gather the other ingredients. 2. Heat a pan over medium heat. 3. Cook the chicken breast with olive oil and onion until fully cooked. 4. Combine everything and serve hot.,2
Scallion Chicken Skillet,entree,Asian,"['chicken breast', 'olive oil', 'onion', 'garlic', 'mushrooms', 'peas', 'sesame oil', 'green onion']",20,10,30,2,easy,False,A savory umami-forward main dish built around chicken with skillet.,1. Prep the chicken breast and gather the other ingredients. 2. Heat a pan over medium heat. 3. Cook the chicken breast with olive oil and onion until fully cooked. 4. Combine everything and serve hot.,3
Tuscan Chicken Skillet,entree,Italian,"['chicken breast', 'olive oil', 'salt', 'black pepper', 'onion', 'garlic', 'corn', 'basil', 'oregano']",18,10,28,6,easy,False,A Italian-inspired comfort entree built around chicken with skillet.,1. Prep the chicken breast and gather the other ingredients. 2. Heat a pan over medium heat. 3. Cook the chicken breast with olive oil and salt until fully cooked. 4. Combine everything and serve hot.,3
Basil Tomato Chicken Skillet,entree,Italian,"['chicken breast', 'olive oil', 'salt', 'black pepper', 'onion', 'garlic', 'bell pepper', 'zucchini', 'cream']",18,10,28,6,easy,False,A simple pasta-night style main dish built around chicken with skillet.,1. Prep the chicken breast and gather the other ingredients. 2. Heat a pan over medium heat. 3. Cook the chicken breast with olive oil and salt until fully cooked. 4. Combine everything and serve hot.,3
Garlic Parmesan Chicken Skillet,entree,Italian,"['chicken breast', 'olive oil', 'garlic', 'basil']",12,13,25,4,easy,False,A simple pasta-night style main dish built around chicken with skillet.,1. Prep the chicken breast and gather the other ingredients. 2. Heat a pan over medium heat. 3. Cook the chicken breast with olive oil and garlic until fully cooked. 4. Combine everything and serve hot.,1
Rustic Chicken Skillet,entree,Italian,"['chicken breast', 'olive oil', 'onion', 'garlic', 'sweet potato']",15,15,30,4,easy,False,A savory herb-rich dinner built around chicken with skillet.,1. Prep the chicken breast and gather the other ingredients. 2. Heat a pan over medium heat. 3. Cook the chicken breast with olive oil and onion until fully cooked. 4. Combine everything and serve hot.,2
Creamy Herb Chicken Skillet,entree,Italian,"['chicken breast', 'olive oil', 'onion', 'garlic', 'mushrooms', 'peas']",20,15,35,2,easy,False,A Italian-inspired comfort entree built around chicken with skillet.,1. Prep the chicken breast and gather the other ingredients. 2. Heat a pan over medium heat. 3. Cook the chicken breast with olive oil and onion until fully cooked. 4. Combine everything and serve hot.,2
Roasted Garlic Chicken Skillet,entree,Italian,"['chicken breast', 'olive oil', 'onion', 'garlic', 'spinach', 'basil', 'parmesan']",20,15,35,6,easy,False,A Italian-inspired comfort entree built around chicken with skillet.,1. Prep the chicken breast and gather the other ingredients. 2. Heat a pan over medium heat. 3. Cook the chicken breast with olive oil and onion until fully cooked. 4. Combine everything and serve hot.,2
Ginger Garlic Chicken Curry,entree,Asian,"['chicken breast', 'olive oil', 'onion', 'garlic', 'coconut milk', 'eggplant', 'tomato', 'ginger']",18,27,45,2,medium,False,A takeout-style dinner made at home built around chicken with curry.,1. Prep the chicken breast and gather the other ingredients. 2. Heat a pan over medium heat. 3. Cook the chicken breast with olive oil and onion until fully cooked. 4. Combine everything and serve hot.,3
Sesame Chicken Curry,entree,Asian,"['chicken breast', 'olive oil', 'ginger']",12,28,40,6,medium,False,A quick Asian-inspired entree built around chicken with curry.,1. Prep the chicken breast and gather the other ingredients. 2. Heat a pan over medium heat. 3. Cook the chicken breast with olive oil and ginger until fully cooked. 4. Combine everything and serve hot.,1
Soy Glazed Chicken Curry,entree,Asian,"['chicken breast', 'olive oil', 'sweet potato', 'soy sauce', 'ginger']",15,20,35,2,medium,False,A takeout-style dinner made at home built around chicken with curry.,1. Prep the chicken breast and gather the other ingredients. 2. Heat a pan over medium heat. 3. Cook the chicken breast with olive oil and sweet potato until fully cooked. 4. Combine everything and serve hot.,2
Sweet Chili Chicken Curry,entree,Asian,"['chicken breast', 'olive oil', 'onion', 'garlic', 'coconut milk', 'ginger']",20,15,35,4,medium,False,A savory umami-forward main dish built around chicken with curry.,"1. Prep the chicken breast and gather the other ingredients. 2. Simmer the ingredients in a pot until tender. 3. Cook the chicken breast with olive oil and onion until fully cooked. 4. Stir well, taste, and serve hot.",2
Teriyaki Chicken Curry,entree,Asian,"['chicken breast', 'olive oil', 'onion', 'garlic', 'coconut milk', 'sweet potato', 'ginger']",18,22,40,6,medium,False,A savory umami-forward main dish built around chicken with curry.,1. Prep the chicken breast and gather the other ingredients. 2. Heat a pan over medium heat. 3. Cook the chicken breast with olive oil and onion until fully cooked. 4. Combine everything and serve hot.,2
Scallion Chicken Curry,entree,Asian,"['chicken breast', 'olive oil', 'onion', 'garlic', 'coconut milk', 'spinach', 'tomato', 'honey', 'ginger']",20,15,35,2,medium,False,A savory umami-forward main dish built around chicken with curry.,1. Prep the chicken breast and gather the other ingredients. 2. Heat a pan over medium heat. 3. Cook the chicken breast with olive oil and onion until fully cooked. 4. Combine everything and serve hot.,3
Ginger Garlic Chicken Stir-Fry,entree,Asian,"['chicken breast', 'olive oil', 'garlic']",18,12,30,4,easy,False,A quick Asian-inspired entree built around chicken with stir-fry.,1. Prep the chicken breast and gather the other ingredients. 2. Heat a skillet or wok over medium-high heat. 3. Cook the chicken breast with olive oil and garlic until fully cooked. 4. Stir-fry everything until cooked through and serve hot.,1
Sesame Chicken Stir-Fry,entree,Asian,"['chicken breast', 'olive oil', 'ginger', 'garlic']",18,12,30,2,easy,False,A quick Asian-inspired entree built around chicken with stir-fry.,1. Prep the chicken breast and gather the other ingredients. 2. Heat a skillet or wok over medium-high heat. 3. Cook the chicken breast with olive oil and ginger until fully cooked. 4. Stir-fry everything until cooked through and serve hot.,1
Soy Glazed Chicken Stir-Fry,entree,Asian,"['chicken breast', 'olive oil', 'bell pepper', 'onion', 'garlic']",18,12,30,2,easy,False,A quick Asian-inspired entree built around chicken with stir-fry.,1. Prep the chicken breast and gather the other ingredients. 2. Heat a skillet or wok over medium-high heat. 3. Cook the chicken breast with olive oil and bell pepper until fully cooked. 4. Stir-fry everything until cooked through and serve hot.,2
Sweet Chili Chicken Stir-Fry,entree,Asian,"['chicken breast', 'olive oil', 'bell pepper', 'onion', 'soy sauce', 'garlic']",20,10,30,6,easy,False,A takeout-style dinner made at home built around chicken with stir-fry.,"1. Prep the chicken breast and gather the other ingredients. 2. Simmer the ingredients in a pot until tender. 3. Cook the chicken breast with olive oil and bell pepper until fully cooked. 4. Stir well, taste, and serve hot.",2
Teriyaki Chicken Stir-Fry,entree,Asian,"['chicken breast', 'olive oil', 'bell pepper', 'onion', 'eggplant', 'ginger', 'garlic']",10,10,20,2,easy,False,A quick Asian-inspired entree built around chicken with stir-fry.,1. Prep the chicken breast and gather the other ingredients. 2. Heat a skillet or wok over medium-high heat. 3. Cook the chicken breast with olive oil and bell pepper until fully cooked. 4. Stir-fry everything until cooked through and serve hot.,2
Scallion Chicken Stir-Fry,entree,Asian,"['chicken breast', 'olive oil', 'bell pepper', 'onion', 'kale', 'white beans', 'ginger', 'garlic']",15,10,25,6,easy,False,A savory umami-forward main dish built around chicken with stir-fry.,1. Prep the chicken breast and gather the other ingredients. 2. Heat a skillet or wok over medium-high heat. 3. Cook the chicken breast with olive oil and bell pepper until fully cooked. 4. Stir-fry everything until cooked through and serve hot.,3
Herb Chicken Wrap,entree,American,"['chicken breast', 'olive oil', 'flour tortillas', 'cabbage', 'carrot', 'parsley', 'rosemary', 'lime', 'cilantro']",10,10,20,2,easy,False,A hearty and simple main dish built around chicken with wrap.,1. Prep the chicken breast and gather the other ingredients. 2. Warm the tortillas or wraps. 3. Cook the chicken breast with olive oil and flour tortillas until fully cooked. 4. Fill with the cooked ingredients and serve warm.,3
Garlic Chicken Wrap,entree,American,"['chicken breast', 'olive oil', 'flour tortillas', 'cabbage', 'carrot', 'green onion', 'butter', 'paprika', 'lime', 'cilantro']",18,10,28,2,easy,False,A comfort-food style dinner built around chicken with wrap.,1. Prep the chicken breast and gather the other ingredients. 2. Warm the tortillas or wraps. 3. Cook the chicken breast with olive oil and flour tortillas until fully cooked. 4. Fill with the cooked ingredients and serve warm.,3
Smoky Chicken Wrap,entree,American,"['chicken breast', 'olive oil', 'lime', 'cilantro']",15,10,25,4,easy,False,A hearty and simple main dish built around chicken with wrap.,1. Prep the chicken breast and gather the other ingredients. 2. Warm the tortillas or wraps. 3. Cook the chicken breast with olive oil and lime until fully cooked. 4. Fill with the cooked ingredients and serve warm.,1
Lemon Pepper Chicken Wrap,entree,American,"['chicken breast', 'olive oil', 'butter', 'lime', 'cilantro']",12,10,22,2,easy,False,A hearty and simple main dish built around chicken with wrap.,1. Prep the chicken breast and gather the other ingredients. 2. Warm the tortillas or wraps. 3. Cook the chicken breast with olive oil and butter until fully cooked. 4. Fill with the cooked ingredients and serve warm.,2
Roasted Chicken Wrap,entree,American,"['chicken breast', 'olive oil', 'flour tortillas', 'garlic powder', 'lime', 'cilantro']",12,13,25,6,easy,False,A comfort-food style dinner built around chicken with wrap.,1. Prep the chicken breast and gather the other ingredients. 2. Warm the tortillas or wraps. 3. Cook the chicken breast with olive oil and flour tortillas until fully cooked. 4. Fill with the cooked ingredients and serve warm.,2
Homestyle Chicken Wrap,entree,American,"['chicken breast', 'olive oil', 'onion', 'garlic powder', 'thyme', 'lime', 'cilantro']",12,13,25,4,easy,False,A savory weeknight entree built around chicken with wrap.,1. Prep the chicken breast and gather the other ingredients. 2. Warm the tortillas or wraps. 3. Cook the chicken breast with olive oil and onion until fully cooked. 4. Fill with the cooked ingredients and serve warm.,2
Chipotle Chicken Wrap,entree,Mexican,"['chicken breast', 'olive oil', 'flour tortillas', 'eggplant', 'tomato', 'zucchini', 'lime', 'cilantro']",15,10,25,4,easy,False,A family-friendly taco night style meal built around chicken with wrap.,1. Prep the chicken breast and gather the other ingredients. 2. Warm the tortillas or wraps. 3. Cook the chicken breast with olive oil and flour tortillas until fully cooked. 4. Fill with the cooked ingredients and serve warm.,3
Cilantro Lime Chicken Wrap,entree,Mexican,"['chicken breast', 'olive oil', 'lime']",15,10,25,2,easy,False,A Mexican-inspired entree with bright flavors built around chicken with wrap.,1. Prep the chicken breast and gather the other ingredients. 2. Warm the tortillas or wraps. 3. Cook the chicken breast with olive oil and lime until fully cooked. 4. Fill with the cooked ingredients and serve warm.,1
Spicy Chicken Wrap,entree,Mexican,"['chicken breast', 'olive oil', 'cumin', 'lime', 'cilantro']",12,10,22,4,easy,False,A bold and zesty main dish built around chicken with wrap.,1. Prep the chicken breast and gather the other ingredients. 2. Warm the tortillas or wraps. 3. Cook the chicken breast with olive oil and cumin until fully cooked. 4. Fill with the cooked ingredients and serve warm.,2
Smoky Chicken Cauliflower Wrap,entree,Mexican,"['chicken breast', 'olive oil', 'flour tortillas', 'cumin', 'lime', 'cilantro']",10,15,25,6,easy,False,A bold and zesty main dish built around chicken with wrap.,1. Prep the chicken breast and gather the other ingredients. 2. Warm the tortillas or wraps. 3. Cook the chicken breast with olive oil and flour tortillas until fully cooked. 4. Fill with the cooked ingredients and serve warm.,2
Salsa Verde Chicken Wrap,entree,Mexican,"['chicken breast', 'olive oil', 'flour tortillas', 'onion', 'chili powder', 'lime', 'cilantro']",10,10,20,4,easy,False,A bold and zesty main dish built around chicken with wrap.,1. Prep the chicken breast and gather the other ingredients. 2. Warm the tortillas or wraps. 3. Cook the chicken breast with olive oil and flour tortillas until fully cooked. 4. Fill with the cooked ingredients and serve warm.,2
Southwest Chicken Wrap,entree,Mexican,"['chicken breast', 'olive oil', 'flour tortillas', 'mushrooms', 'onion', 'peas', 'lime', 'jalapeno', 'cilantro']",12,13,25,2,easy,False,A family-friendly taco night style meal built around chicken with wrap.,1. Prep the chicken breast and gather the other ingredients. 2. Warm the tortillas or wraps. 3. Cook the chicken breast with olive oil and flour tortillas until fully cooked. 4. Fill with the cooked ingredients and serve warm.,3
Lemon Herb Chicken Wrap,entree,Mediterranean,"['chicken breast', 'olive oil', 'cilantro']",18,10,28,6,easy,False,A bright Mediterranean-style entree built around chicken with wrap.,1. Prep the chicken breast and gather the other ingredients. 2. Warm the tortillas or wraps. 3. Cook the chicken breast with olive oil and cilantro until fully cooked. 4. Fill with the cooked ingredients and serve warm.,1
Mediterranean Chicken Wrap,entree,Mediterranean,"['chicken breast', 'olive oil', 'lime', 'cilantro']",12,10,22,6,easy,False,A light but satisfying dinner built around chicken with wrap.,1. Prep the chicken breast and gather the other ingredients. 2. Warm the tortillas or wraps. 3. Cook the chicken breast with olive oil and lime until fully cooked. 4. Fill with the cooked ingredients and serve warm.,1
Garlic Oregano Chicken Wrap,entree,Mediterranean,"['chicken breast', 'olive oil', 'feta', 'lime', 'cilantro']",18,10,28,4,easy,False,A fresh and herb-forward main dish built around chicken with wrap.,1. Prep the chicken breast and gather the other ingredients. 2. Warm the tortillas or wraps. 3. Cook the chicken breast with olive oil and feta until fully cooked. 4. Fill with the cooked ingredients and serve warm.,2
Tomato Olive Chicken Wrap,entree,Mediterranean,"['chicken breast', 'olive oil', 'onion', 'lemon', 'lime', 'cilantro']",10,10,20,2,easy,False,A fresh and herb-forward main dish built around chicken with wrap.,1. Prep the chicken breast and gather the other ingredients. 2. Warm the tortillas or wraps. 3. Cook the chicken breast with olive oil and onion until fully cooked. 4. Fill with the cooked ingredients and serve warm.,2
Zesty Herb Chicken Wrap,entree,Mediterranean,"['chicken breast', 'olive oil', 'onion', 'lemon', 'parsley', 'lime', 'cilantro']",12,13,25,4,easy,False,A fresh and herb-forward main dish built around chicken with wrap.,1. Prep the chicken breast and gather the other ingredients. 2. Warm the tortillas or wraps. 3. Cook the chicken breast with olive oil and onion until fully cooked. 4. Fill with the cooked ingredients and serve warm.,2
Sun-Dried Tomato Chicken Wrap,entree,Mediterranean,"['chicken breast', 'olive oil', 'flour tortillas', 'corn', 'onion', 'lemon', 'lime', 'cilantro']",18,10,28,4,easy,False,A light but satisfying dinner built around chicken with wrap.,1. Prep the chicken breast and gather the other ingredients. 2. Warm the tortillas or wraps. 3. Cook the chicken breast with olive oil and flour tortillas until fully cooked. 4. Fill with the cooked ingredients and serve warm.,3
Herb Chicken Grain Bowl,entree,American,"['chicken breast', 'olive oil', 'quinoa', 'eggplant', 'tomato', 'zucchini', 'paprika', 'thyme', 'garlic']",15,20,35,2,easy,False,A comfort-food style dinner built around chicken with grain bowl.,1. Prep the chicken breast and gather the other ingredients. 2. Cook the rice or grain until tender. 3. Cook the chicken breast with olive oil and quinoa until fully cooked. 4. Layer everything in a bowl and serve hot.,3
Garlic Chicken Grain Bowl,entree,American,"['chicken breast', 'olive oil', 'salt', 'black pepper', 'quinoa', 'corn', 'onion', 'paprika', 'parsley', 'garlic']",18,10,28,4,easy,False,A savory weeknight entree built around chicken with grain bowl.,1. Prep the chicken breast and gather the other ingredients. 2. Cook the rice or grain until tender. 3. Cook the chicken breast with olive oil and salt until fully cooked. 4. Layer everything in a bowl and serve hot.,3
Smoky Chicken Grain Bowl,entree,American,"['chicken breast', 'olive oil', 'quinoa', 'garlic']",15,10,25,6,easy,False,A savory weeknight entree built around chicken with grain bowl.,1. Prep the chicken breast and gather the other ingredients. 2. Cook the rice or grain until tender. 3. Cook the chicken breast with olive oil and quinoa until fully cooked. 4. Layer everything in a bowl and serve hot.,1
Lemon Pepper Chicken Grain Bowl,entree,American,"['chicken breast', 'olive oil', 'quinoa', 'thyme', 'garlic']",15,15,30,6,easy,False,A savory weeknight entree built around chicken with grain bowl.,1. Prep the chicken breast and gather the other ingredients. 2. Cook the rice or grain until tender. 3. Cook the chicken breast with olive oil and quinoa until fully cooked. 4. Layer everything in a bowl and serve hot.,2
Roasted Chicken Grain Bowl,entree,American,"['chicken breast', 'olive oil', 'quinoa', 'cauliflower', 'parsley', 'garlic']",15,15,30,4,easy,False,A savory weeknight entree built around chicken with grain bowl.,1. Prep the chicken breast and gather the other ingredients. 2. Cook the rice or grain until tender. 3. Cook the chicken breast with olive oil and quinoa until fully cooked. 4. Layer everything in a bowl and serve hot.,2
Homestyle Chicken Grain Bowl,entree,American,"['chicken breast', 'olive oil', 'quinoa', 'kale', 'parsley', 'garlic powder', 'garlic']",10,15,25,2,easy,False,A hearty and simple main dish built around chicken with grain bowl.,1. Prep the chicken breast and gather the other ingredients. 2. Cook the rice or grain until tender. 3. Cook the chicken breast with olive oil and quinoa until fully cooked. 4. Layer everything in a bowl and serve hot.,2
Lemon Herb Chicken Grain Bowl,entree,Mediterranean,"['chicken breast', 'olive oil', 'quinoa', 'eggplant', 'tomato', 'zucchini', 'olives', 'garlic']",15,20,35,4,easy,False,A bright Mediterranean-style entree built around chicken with grain bowl.,1. Prep the chicken breast and gather the other ingredients. 2. Cook the rice or grain until tender. 3. Cook the chicken breast with olive oil and quinoa until fully cooked. 4. Layer everything in a bowl and serve hot.,3
Mediterranean Chicken Grain Bowl,entree,Mediterranean,"['chicken breast', 'olive oil', 'quinoa']",15,10,25,6,easy,False,A bright Mediterranean-style entree built around chicken with grain bowl.,1. Prep the chicken breast and gather the other ingredients. 2. Cook the rice or grain until tender. 3. Cook the chicken breast with olive oil and quinoa until fully cooked. 4. Layer everything in a bowl and serve hot.,1
Garlic Oregano Chicken Grain Bowl,entree,Mediterranean,"['chicken breast', 'olive oil', 'quinoa', 'feta', 'garlic']",18,12,30,6,easy,False,A bright Mediterranean-style entree built around chicken with grain bowl.,1. Prep the chicken breast and gather the other ingredients. 2. Cook the rice or grain until tender. 3. Cook the chicken breast with olive oil and quinoa until fully cooked. 4. Layer everything in a bowl and serve hot.,2
Tomato Olive Chicken Grain Bowl,entree,Mediterranean,"['chicken breast', 'olive oil', 'quinoa', 'cabbage', 'oregano', 'garlic']",12,13,25,4,easy,False,A bright Mediterranean-style entree built around chicken with grain bowl.,1. Prep the chicken breast and gather the other ingredients. 2. Cook the rice or grain until tender. 3. Cook the chicken breast with olive oil and quinoa until fully cooked. 4. Layer everything in a bowl and serve hot.,2
Zesty Herb Chicken Grain Bowl,entree,Mediterranean,"['chicken breast', 'olive oil', 'quinoa', 'onion', 'bell pepper', 'parsley', 'garlic']",20,10,30,2,easy,False,A fresh and herb-forward main dish built around chicken with grain bowl.,1. Prep the chicken breast and gather the other ingredients. 2. Cook the rice or grain until tender. 3. Cook the chicken breast with olive oil and quinoa until fully cooked. 4. Layer everything in a bowl and serve hot.,2
Sun-Dried Tomato Chicken Grain Bowl,entree,Mediterranean,"['chicken breast', 'olive oil', 'quinoa', 'broccoli', 'carrot', 'snap peas', 'lemon', 'feta', 'garlic']",20,10,30,2,easy,False,A bright Mediterranean-style entree built around chicken with grain bowl.,1. Prep the chicken breast and gather the other ingredients. 2. Cook the rice or grain until tender. 3. Cook the chicken breast with olive oil and quinoa until fully cooked. 4. Layer everything in a bowl and serve hot.,3
Herb Chicken Stew,entree,American,"['chicken breast', 'olive oil', 'broth']",18,27,45,2,medium,False,A savory weeknight entree built around chicken with stew.,"1. Prep the chicken breast and gather the other ingredients. 2. Simmer the ingredients in a pot until tender. 3. Cook the chicken breast with olive oil and broth until fully cooked. 4. Stir well, taste, and serve hot.",1
Garlic Chicken Stew,entree,American,"['chicken breast', 'olive oil', 'broth', 'garlic']",12,28,40,4,medium,False,A hearty and simple main dish built around chicken with stew.,"1. Prep the chicken breast and gather the other ingredients. 2. Simmer the ingredients in a pot until tender. 3. Cook the chicken breast with olive oil and broth until fully cooked. 4. Stir well, taste, and serve hot.",1
Smoky Chicken Stew,entree,American,"['chicken breast', 'olive oil', 'broth', 'thyme', 'garlic']",15,35,50,6,medium,False,A hearty and simple main dish built around chicken with stew.,"1. Prep the chicken breast and gather the other ingredients. 2. Simmer the ingredients in a pot until tender. 3. Cook the chicken breast with olive oil and broth until fully cooked. 4. Stir well, taste, and serve hot.",2
Lemon Pepper Chicken Stew,entree,American,"['chicken breast', 'olive oil', 'broth', 'rosemary', 'paprika', 'garlic']",12,33,45,2,medium,False,A savory weeknight entree built around chicken with stew.,"1. Prep the chicken breast and gather the other ingredients. 2. Simmer the ingredients in a pot until tender. 3. Cook the chicken breast with olive oil and broth until fully cooked. 4. Stir well, taste, and serve hot.",2
Roasted Chicken Stew,entree,American,"['chicken breast', 'olive oil', 'broth', 'carrot', 'butter', 'paprika', 'garlic']",15,25,40,4,medium,False,A hearty and simple main dish built around chicken with stew.,"1. Prep the chicken breast and gather the other ingredients. 2. Simmer the ingredients in a pot until tender. 3. Cook the chicken breast with olive oil and broth until fully cooked. 4. Stir well, taste, and serve hot.",2
Homestyle Chicken Stew,entree,American,"['chicken breast', 'olive oil', 'broth', 'carrot', 'celery', 'onion', 'butter', 'garlic']",12,28,40,6,medium,False,A hearty and simple main dish built around chicken with stew.,"1. Prep the chicken breast and gather the other ingredients. 2. Simmer the ingredients in a pot until tender. 3. Cook the chicken breast with olive oil and broth until fully cooked. 4. Stir well, taste, and serve hot.",3
Lemon Herb Chicken Stew,entree,Mediterranean,"['chicken breast', 'olive oil', 'broth', 'carrot', 'celery', 'onion', 'bell pepper', 'lemon', 'garlic']",18,27,45,4,medium,False,A fresh and herb-forward main dish built around chicken with stew.,"1. Prep the chicken breast and gather the other ingredients. 2. Simmer the ingredients in a pot until tender. 3. Cook the chicken breast with olive oil and broth until fully cooked. 4. Stir well, taste, and serve hot.",3
Mediterranean Chicken Stew,entree,Mediterranean,"['chicken breast', 'olive oil', 'broth', 'carrot', 'celery', 'onion', 'bell pepper', 'feta', 'oregano', 'garlic']",10,30,40,2,medium,False,A light but satisfying dinner built around chicken with stew.,"1. Prep the chicken breast and gather the other ingredients. 2. Simmer the ingredients in a pot until tender. 3. Cook the chicken breast with olive oil and broth until fully cooked. 4. Stir well, taste, and serve hot.",3
Garlic Oregano Chicken Stew,entree,Mediterranean,"['chicken breast', 'olive oil', 'broth', 'garlic']",15,30,45,4,medium,False,A light but satisfying dinner built around chicken with stew.,"1. Prep the chicken breast and gather the other ingredients. 2. Simmer the ingredients in a pot until tender. 3. Cook the chicken breast with olive oil and broth until fully cooked. 4. Stir well, taste, and serve hot.",1
Tomato Olive Chicken Stew,entree,Mediterranean,"['chicken breast', 'olive oil', 'broth', 'carrot', 'garlic']",10,30,40,6,medium,False,A light but satisfying dinner built around chicken with stew.,"1. Prep the chicken breast and gather the other ingredients. 2. Simmer the ingredients in a pot until tender. 3. Cook the chicken breast with olive oil and broth until fully cooked. 4. Stir well, taste, and serve hot.",2
Zesty Herb Chicken Stew,entree,Mediterranean,"['chicken breast', 'olive oil', 'broth', 'feta', 'oregano', 'garlic']",10,40,50,4,medium,False,A bright Mediterranean-style entree built around chicken with stew.,"1. Prep the chicken breast and gather the other ingredients. 2. Simmer the ingredients in a pot until tender. 3. Cook the chicken breast with olive oil and broth until fully cooked. 4. Stir well, taste, and serve hot.",2
Sun-Dried Tomato Chicken Stew,entree,Mediterranean,"['chicken breast', 'olive oil', 'broth', 'onion', 'oregano', 'feta', 'garlic']",10,35,45,2,medium,False,A fresh and herb-forward main dish built around chicken with stew.,"1. Prep the chicken breast and gather the other ingredients. 2. Simmer the ingredients in a pot until tender. 3. Cook the chicken breast with olive oil and broth until fully cooked. 4. Stir well, taste, and serve hot.",2
Herb Beef Rice Bowl,entree,American,"['beef sirloin', 'olive oil', 'rice', 'corn', 'onion', 'parsley', 'thyme', 'garlic']",12,13,25,2,easy,False,A savory weeknight entree built around beef with rice bowl.,1. Prep the beef sirloin and gather the other ingredients. 2. Cook the rice or grain until tender. 3. Cook the beef sirloin with olive oil and rice until fully cooked. 4. Layer everything in a bowl and serve hot.,3
Garlic Beef Rice Bowl,entree,American,"['beef sirloin', 'olive oil', 'rice']",18,10,28,4,easy,False,A savory weeknight entree built around beef with rice bowl.,1. Prep the beef sirloin and gather the other ingredients. 2. Cook the rice or grain until tender. 3. Cook the beef sirloin with olive oil and rice until fully cooked. 4. Layer everything in a bowl and serve hot.,1
Smoky Beef Rice Bowl,entree,American,"['beef sirloin', 'olive oil', 'rice', 'butter', 'garlic']",12,10,22,6,easy,False,A savory weeknight entree built around beef with rice bowl.,1. Prep the beef sirloin and gather the other ingredients. 2. Cook the rice or grain until tender. 3. Cook the beef sirloin with olive oil and rice until fully cooked. 4. Layer everything in a bowl and serve hot.,2
Lemon Pepper Beef Rice Bowl,entree,American,"['beef sirloin', 'olive oil', 'rice', 'parsley', 'thyme', 'garlic']",18,10,28,6,easy,False,A hearty and simple main dish built around beef with rice bowl.,1. Prep the beef sirloin and gather the other ingredients. 2. Cook the rice or grain until tender. 3. Cook the beef sirloin with olive oil and rice until fully cooked. 4. Layer everything in a bowl and serve hot.,2
Roasted Beef Rice Bowl,entree,American,"['beef sirloin', 'olive oil', 'rice', 'onion', 'garlic powder', 'thyme', 'garlic']",20,10,30,4,easy,False,A hearty and simple main dish built around beef with rice bowl.,1. Prep the beef sirloin and gather the other ingredients. 2. Cook the rice or grain until tender. 3. Cook the beef sirloin with olive oil and rice until fully cooked. 4. Layer everything in a bowl and serve hot.,2
Homestyle Beef Rice Bowl,entree,American,"['beef sirloin', 'olive oil', 'rice', 'onion', 'bell pepper', 'zucchini', 'thyme', 'parsley', 'garlic']",12,18,30,6,easy,False,A hearty and simple main dish built around beef with rice bowl.,1. Prep the beef sirloin and gather the other ingredients. 2. Cook the rice or grain until tender. 3. Cook the beef sirloin with olive oil and rice until fully cooked. 4. Layer everything in a bowl and serve hot.,3
Chipotle Beef Rice Bowl,entree,Mexican,"['beef sirloin', 'olive oil', 'rice']",12,18,30,2,easy,False,A bold and zesty main dish built around beef with rice bowl.,1. Prep the beef sirloin and gather the other ingredients. 2. Cook the rice or grain until tender. 3. Cook the beef sirloin with olive oil and rice until fully cooked. 4. Layer everything in a bowl and serve hot.,1
Cilantro Lime Beef Rice Bowl,entree,Mexican,"['beef sirloin', 'olive oil', 'rice', 'garlic']",18,10,28,2,easy,False,A bold and zesty main dish built around beef with rice bowl.,1. Prep the beef sirloin and gather the other ingredients. 2. Cook the rice or grain until tender. 3. Cook the beef sirloin with olive oil and rice until fully cooked. 4. Layer everything in a bowl and serve hot.,1
Spicy Beef Rice Bowl,entree,Mexican,"['beef sirloin', 'olive oil', 'rice', 'cilantro', 'garlic']",18,10,28,6,easy,False,A family-friendly taco night style meal built around beef with rice bowl.,1. Prep the beef sirloin and gather the other ingredients. 2. Cook the rice or grain until tender. 3. Cook the beef sirloin with olive oil and rice until fully cooked. 4. Layer everything in a bowl and serve hot.,2
Smoky Beef Sweet Potato Rice Bowl,entree,Mexican,"['beef sirloin', 'olive oil', 'rice', 'sweet potato', 'onion', 'garlic']",12,10,22,4,easy,False,A Mexican-inspired entree with bright flavors built around beef with rice bowl.,1. Prep the beef sirloin and gather the other ingredients. 2. Cook the rice or grain until tender. 3. Cook the beef sirloin with olive oil and rice until fully cooked. 4. Layer everything in a bowl and serve hot.,2
Salsa Verde Beef Rice Bowl,entree,Mexican,"['beef sirloin', 'olive oil', 'rice', 'spinach', 'onion', 'cilantro', 'garlic']",10,10,20,4,easy,False,A Mexican-inspired entree with bright flavors built around beef with rice bowl.,1. Prep the beef sirloin and gather the other ingredients. 2. Cook the rice or grain until tender. 3. Cook the beef sirloin with olive oil and rice until fully cooked. 4. Layer everything in a bowl and serve hot.,2
Southwest Beef Rice Bowl,entree,Mexican,"['beef sirloin', 'olive oil', 'rice', 'mushrooms', 'onion', 'cumin', 'cilantro', 'garlic']",10,20,30,4,easy,False,A bold and zesty main dish built around beef with rice bowl.,1. Prep the beef sirloin and gather the other ingredients. 2. Cook the rice or grain until tender. 3. Cook the beef sirloin with olive oil and rice until fully cooked. 4. Layer everything in a bowl and serve hot.,3
Lemon Herb Beef Rice Bowl,entree,Mediterranean,"['beef sirloin', 'olive oil', 'rice', 'kale', 'white beans', 'tomato', 'cucumber', 'olives', 'garlic']",10,10,20,6,easy,False,A bright Mediterranean-style entree built around beef with rice bowl.,1. Prep the beef sirloin and gather the other ingredients. 2. Cook the rice or grain until tender. 3. Cook the beef sirloin with olive oil and rice until fully cooked. 4. Layer everything in a bowl and serve hot.,3
Mediterranean Beef Rice Bowl,entree,Mediterranean,"['beef sirloin', 'olive oil', 'salt', 'black pepper', 'rice', 'kale', 'white beans', 'tomato', 'parsley', 'garlic']",12,18,30,2,easy,False,A light but satisfying dinner built around beef with rice bowl.,1. Prep the beef sirloin and gather the other ingredients. 2. Cook the rice or grain until tender. 3. Cook the beef sirloin with olive oil and salt until fully cooked. 4. Layer everything in a bowl and serve hot.,3
Garlic Oregano Beef Rice Bowl,entree,Mediterranean,"['beef sirloin', 'olive oil', 'rice', 'garlic']",20,10,30,4,easy,False,A fresh and herb-forward main dish built around beef with rice bowl.,1. Prep the beef sirloin and gather the other ingredients. 2. Cook the rice or grain until tender. 3. Cook the beef sirloin with olive oil and rice until fully cooked. 4. Layer everything in a bowl and serve hot.,1
Tomato Olive Beef Rice Bowl,entree,Mediterranean,"['beef sirloin', 'olive oil', 'rice', 'oregano', 'garlic']",12,10,22,6,easy,False,A light but satisfying dinner built around beef with rice bowl.,1. Prep the beef sirloin and gather the other ingredients. 2. Cook the rice or grain until tender. 3. Cook the beef sirloin with olive oil and rice until fully cooked. 4. Layer everything in a bowl and serve hot.,2
Zesty Herb Beef Rice Bowl,entree,Mediterranean,"['beef sirloin', 'olive oil', 'rice', 'onion', 'bell pepper', 'garlic']",15,10,25,4,easy,False,A light but satisfying dinner built around beef with rice bowl.,1. Prep the beef sirloin and gather the other ingredients. 2. Cook the rice or grain until tender. 3. Cook the beef sirloin with olive oil and rice until fully cooked. 4. Layer everything in a bowl and serve hot.,2
Sun-Dried Tomato Beef Rice Bowl,entree,Mediterranean,"['beef sirloin', 'olive oil', 'rice', 'eggplant', 'tomato', 'parsley', 'garlic']",15,15,30,4,easy,False,A light but satisfying dinner built around beef with rice bowl.,1. Prep the beef sirloin and gather the other ingredients. 2. Cook the rice or grain until tender. 3. Cook the beef sirloin with olive oil and rice until fully cooked. 4. Layer everything in a bowl and serve hot.,2
Ginger Garlic Beef Rice Bowl,entree,Asian,"['beef sirloin', 'olive oil', 'rice', 'mushrooms', 'onion', 'peas', 'green onion', 'garlic']",15,15,30,6,easy,False,A savory umami-forward main dish built around beef with rice bowl.,1. Prep the beef sirloin and gather the other ingredients. 2. Cook the rice or grain until tender. 3. Cook the beef sirloin with olive oil and rice until fully cooked. 4. Layer everything in a bowl and serve hot.,3
Sesame Beef Rice Bowl,entree,Asian,"['beef sirloin', 'olive oil', 'rice']",20,10,30,4,easy,False,A quick Asian-inspired entree built around beef with rice bowl.,1. Prep the beef sirloin and gather the other ingredients. 2. Cook the rice or grain until tender. 3. Cook the beef sirloin with olive oil and rice until fully cooked. 4. Layer everything in a bowl and serve hot.,1
Soy Glazed Beef Rice Bowl,entree,Asian,"['beef sirloin', 'olive oil', 'rice', 'eggplant', 'garlic']",18,10,28,4,easy,False,A savory umami-forward main dish built around beef with rice bowl.,1. Prep the beef sirloin and gather the other ingredients. 2. Cook the rice or grain until tender. 3. Cook the beef sirloin with olive oil and rice until fully cooked. 4. Layer everything in a bowl and serve hot.,2
Sweet Chili Beef Rice Bowl,entree,Asian,"['beef sirloin', 'olive oil', 'rice', 'ginger', 'soy sauce', 'garlic']",15,15,30,4,easy,False,A quick Asian-inspired entree built around beef with rice bowl.,1. Prep the beef sirloin and gather the other ingredients. 2. Cook the rice or grain until tender. 3. Cook the beef sirloin with olive oil and rice until fully cooked. 4. Layer everything in a bowl and serve hot.,2
Teriyaki Beef Rice Bowl,entree,Asian,"['beef sirloin', 'olive oil', 'rice', 'eggplant', 'tomato', 'zucchini', 'garlic']",10,10,20,6,easy,False,A quick Asian-inspired entree built around beef with rice bowl.,1. Prep the beef sirloin and gather the other ingredients. 2. Cook the rice or grain until tender. 3. Cook the beef sirloin with olive oil and rice until fully cooked. 4. Layer everything in a bowl and serve hot.,2
Scallion Beef Rice Bowl,entree,Asian,"['beef sirloin', 'olive oil', 'rice', 'broccoli', 'carrot', 'snap peas', 'honey', 'sesame oil', 'garlic']",20,10,30,2,easy,False,A takeout-style dinner made at home built around beef with rice bowl.,1. Prep the beef sirloin and gather the other ingredients. 2. Cook the rice or grain until tender. 3. Cook the beef sirloin with olive oil and rice until fully cooked. 4. Layer everything in a bowl and serve hot.,3
Herb Beef Pasta,entree,American,"['beef sirloin', 'olive oil', 'pasta']",10,10,20,6,easy,False,A comfort-food style dinner built around beef with pasta.,1. Prep the beef sirloin and gather the other ingredients. 2. Cook the pasta according to package directions. 3. Cook the beef sirloin with olive oil and pasta until fully cooked. 4. Toss everything together with the cooked pasta and serve hot.,1
Garlic Beef Pasta,entree,American,"['beef sirloin', 'olive oil', 'pasta', 'parmesan']",18,12,30,2,easy,False,A comfort-food style dinner built around beef with pasta.,1. Prep the beef sirloin and gather the other ingredients. 2. Cook the pasta according to package directions. 3. Cook the beef sirloin with olive oil and pasta until fully cooked. 4. Toss everything together with the cooked pasta and serve hot.,1
Smoky Beef Pasta,entree,American,"['beef sirloin', 'olive oil', 'pasta', 'garlic', 'parmesan']",20,10,30,2,easy,False,A hearty and simple main dish built around beef with pasta.,1. Prep the beef sirloin and gather the other ingredients. 2. Cook the pasta according to package directions. 3. Cook the beef sirloin with olive oil and pasta until fully cooked. 4. Toss everything together with the cooked pasta and serve hot.,2
Lemon Pepper Beef Pasta,entree,American,"['beef sirloin', 'olive oil', 'pasta', 'rosemary', 'garlic', 'parmesan']",12,18,30,6,easy,False,A hearty and simple main dish built around beef with pasta.,1. Prep the beef sirloin and gather the other ingredients. 2. Cook the pasta according to package directions. 3. Cook the beef sirloin with olive oil and pasta until fully cooked. 4. Toss everything together with the cooked pasta and serve hot.,2
Roasted Beef Pasta,entree,American,"['beef sirloin', 'olive oil', 'pasta', 'butter', 'thyme', 'garlic', 'parmesan']",20,10,30,4,easy,False,A hearty and simple main dish built around beef with pasta.,1. Prep the beef sirloin and gather the other ingredients. 2. Cook the pasta according to package directions. 3. Cook the beef sirloin with olive oil and pasta until fully cooked. 4. Toss everything together with the cooked pasta and serve hot.,2
Homestyle Beef Pasta,entree,American,"['beef sirloin', 'olive oil', 'pasta', 'onion', 'bell pepper', 'paprika', 'garlic', 'parmesan']",18,10,28,6,easy,False,A hearty and simple main dish built around beef with pasta.,1. Prep the beef sirloin and gather the other ingredients. 2. Cook the pasta according to package directions. 3. Cook the beef sirloin with olive oil and pasta until fully cooked. 4. Toss everything together with the cooked pasta and serve hot.,3
Lemon Herb Beef Pasta,entree,Mediterranean,"['beef sirloin', 'olive oil', 'pasta', 'sweet potato', 'onion', 'black beans', 'oregano', 'garlic', 'parmesan']",15,10,25,6,easy,False,A bright Mediterranean-style entree built around beef with pasta.,1. Prep the beef sirloin and gather the other ingredients. 2. Cook the pasta according to package directions. 3. Cook the beef sirloin with olive oil and pasta until fully cooked. 4. Toss everything together with the cooked pasta and serve hot.,3
Mediterranean Beef Pasta,entree,Mediterranean,"['beef sirloin', 'olive oil', 'pasta', 'sweet potato', 'onion', 'black beans', 'tomato', 'olives', 'garlic', 'parmesan']",20,10,30,4,easy,False,A light but satisfying dinner built around beef with pasta.,1. Prep the beef sirloin and gather the other ingredients. 2. Cook the pasta according to package directions. 3. Cook the beef sirloin with olive oil and pasta until fully cooked. 4. Toss everything together with the cooked pasta and serve hot.,3
Garlic Oregano Beef Pasta,entree,Mediterranean,"['beef sirloin', 'olive oil', 'pasta', 'parmesan']",15,15,30,4,easy,False,A fresh and herb-forward main dish built around beef with pasta.,1. Prep the beef sirloin and gather the other ingredients. 2. Cook the pasta according to package directions. 3. Cook the beef sirloin with olive oil and pasta until fully cooked. 4. Toss everything together with the cooked pasta and serve hot.,1
Tomato Olive Beef Pasta,entree,Mediterranean,"['beef sirloin', 'olive oil', 'pasta', 'garlic', 'parmesan']",15,10,25,4,easy,False,A bright Mediterranean-style entree built around beef with pasta.,1. Prep the beef sirloin and gather the other ingredients. 2. Cook the pasta according to package directions. 3. Cook the beef sirloin with olive oil and pasta until fully cooked. 4. Toss everything together with the cooked pasta and serve hot.,2
Zesty Herb Beef Pasta,entree,Mediterranean,"['beef sirloin', 'olive oil', 'pasta', 'parsley', 'garlic', 'parmesan']",10,20,30,6,easy,False,A fresh and herb-forward main dish built around beef with pasta.,1. Prep the beef sirloin and gather the other ingredients. 2. Cook the pasta according to package directions. 3. Cook the beef sirloin with olive oil and pasta until fully cooked. 4. Toss everything together with the cooked pasta and serve hot.,2
Sun-Dried Tomato Beef Pasta,entree,Mediterranean,"['beef sirloin', 'olive oil', 'pasta', 'cauliflower', 'carrot', 'garlic', 'parmesan']",20,10,30,6,easy,False,A bright Mediterranean-style entree built around beef with pasta.,1. Prep the beef sirloin and gather the other ingredients. 2. Cook the pasta according to package directions. 3. Cook the beef sirloin with olive oil and pasta until fully cooked. 4. Toss everything together with the cooked pasta and serve hot.,2
Herb Beef Tacos,entree,American,"['beef sirloin', 'olive oil', 'corn tortillas', 'onion', 'bell pepper', 'paprika', 'lime', 'cilantro']",15,15,30,4,easy,False,A comfort-food style dinner built around beef with tacos.,1. Prep the beef sirloin and gather the other ingredients. 2. Warm the tortillas or wraps. 3. Cook the beef sirloin with olive oil and corn tortillas until fully cooked. 4. Fill with the cooked ingredients and serve warm.,3
Garlic Beef Tacos,entree,American,"['beef sirloin', 'olive oil', 'sweet potato']",18,10,28,6,easy,False,A comfort-food style dinner built around beef with tacos.,1. Prep the beef sirloin and gather the other ingredients. 2. Warm the tortillas or wraps. 3. Cook the beef sirloin with olive oil and sweet potato until fully cooked. 4. Fill with the cooked ingredients and serve warm.,1
Smoky Beef Tacos,entree,American,"['beef sirloin', 'olive oil', 'garlic powder', 'lime', 'cilantro']",10,15,25,4,easy,False,A savory weeknight entree built around beef with tacos.,1. Prep the beef sirloin and gather the other ingredients. 2. Warm the tortillas or wraps. 3. Cook the beef sirloin with olive oil and garlic powder until fully cooked. 4. Fill with the cooked ingredients and serve warm.,2
Lemon Pepper Beef Tacos,entree,American,"['beef sirloin', 'olive oil', 'thyme', 'butter', 'lime', 'cilantro']",12,18,30,6,easy,False,A hearty and simple main dish built around beef with tacos.,1. Prep the beef sirloin and gather the other ingredients. 2. Warm the tortillas or wraps. 3. Cook the beef sirloin with olive oil and thyme until fully cooked. 4. Fill with the cooked ingredients and serve warm.,2
Roasted Beef Tacos,entree,American,"['beef sirloin', 'olive oil', 'corn tortillas', 'kale', 'paprika', 'lime', 'cilantro']",15,15,30,2,easy,False,A savory weeknight entree built around beef with tacos.,1. Prep the beef sirloin and gather the other ingredients. 2. Warm the tortillas or wraps. 3. Cook the beef sirloin with olive oil and corn tortillas until fully cooked. 4. Fill with the cooked ingredients and serve warm.,2
Homestyle Beef Tacos,entree,American,"['beef sirloin', 'olive oil', 'corn tortillas', 'onion', 'bell pepper', 'paprika', 'parsley', 'lime', 'cilantro']",12,18,30,2,easy,False,A savory weeknight entree built around beef with tacos.,1. Prep the beef sirloin and gather the other ingredients. 2. Warm the tortillas or wraps. 3. Cook the beef sirloin with olive oil and corn tortillas until fully cooked. 4. Fill with the cooked ingredients and serve warm.,3
Chipotle Beef Tacos,entree,Mexican,"['beef sirloin', 'olive oil', 'cilantro']",15,15,30,4,easy,False,A bold and zesty main dish built around beef with tacos.,1. Prep the beef sirloin and gather the other ingredients. 2. Warm the tortillas or wraps. 3. Cook the beef sirloin with olive oil and cilantro until fully cooked. 4. Fill with the cooked ingredients and serve warm.,1
Cilantro Lime Beef Tacos,entree,Mexican,"['beef sirloin', 'olive oil', 'lime', 'cilantro']",20,10,30,6,easy,False,A family-friendly taco night style meal built around beef with tacos.,1. Prep the beef sirloin and gather the other ingredients. 2. Warm the tortillas or wraps. 3. Cook the beef sirloin with olive oil and lime until fully cooked. 4. Fill with the cooked ingredients and serve warm.,1
Spicy Beef Tacos,entree,Mexican,"['beef sirloin', 'olive oil', 'chili powder', 'lime', 'cilantro']",20,10,30,2,easy,False,A bold and zesty main dish built around beef with tacos.,1. Prep the beef sirloin and gather the other ingredients. 2. Warm the tortillas or wraps. 3. Cook the beef sirloin with olive oil and chili powder until fully cooked. 4. Fill with the cooked ingredients and serve warm.,2
Smoky Beef Onion Tacos,entree,Mexican,"['beef sirloin', 'olive oil', 'corn tortillas', 'onion', 'lime', 'cilantro']",20,10,30,4,easy,False,A bold and zesty main dish built around beef with tacos.,1. Prep the beef sirloin and gather the other ingredients. 2. Warm the tortillas or wraps. 3. Cook the beef sirloin with olive oil and corn tortillas until fully cooked. 4. Fill with the cooked ingredients and serve warm.,2
Salsa Verde Beef Tacos,entree,Mexican,"['beef sirloin', 'olive oil', 'corn tortillas', 'mushrooms', 'onion', 'cilantro', 'lime']",10,10,20,6,easy,False,A family-friendly taco night style meal built around beef with tacos.,1. Prep the beef sirloin and gather the other ingredients. 2. Warm the tortillas or wraps. 3. Cook the beef sirloin with olive oil and corn tortillas until fully cooked. 4. Fill with the cooked ingredients and serve warm.,2
Southwest Beef Tacos,entree,Mexican,"['beef sirloin', 'olive oil', 'corn tortillas', 'mushrooms', 'onion', 'cilantro', 'chili powder', 'lime']",12,18,30,6,easy,False,A bold and zesty main dish built around beef with tacos.,1. Prep the beef sirloin and gather the other ingredients. 2. Warm the tortillas or wraps. 3. Cook the beef sirloin with olive oil and corn tortillas until fully cooked. 4. Fill with the cooked ingredients and serve warm.,3
Herb Beef Salad,entree,American,"['beef sirloin', 'olive oil', 'salt', 'black pepper', 'mixed greens', 'cabbage', 'carrot', 'thyme', 'garlic powder']",15,10,25,6,easy,False,A hearty and simple main dish built around beef with salad.,1. Prep the beef sirloin and gather the other ingredients. 2. Prepare the fresh ingredients and dressing. 3. Cook the beef sirloin with olive oil and salt until fully cooked. 4. Toss everything together and serve.,3
Garlic Beef Salad,entree,American,"['beef sirloin', 'olive oil', 'salt', 'black pepper', 'mixed greens', 'cabbage', 'carrot', 'green onion', 'garlic powder', 'rosemary']",18,10,28,2,easy,False,A comfort-food style dinner built around beef with salad.,1. Prep the beef sirloin and gather the other ingredients. 2. Prepare the fresh ingredients and dressing. 3. Cook the beef sirloin with olive oil and salt until fully cooked. 4. Toss everything together and serve.,3
Smoky Beef Salad,entree,American,"['beef sirloin', 'olive oil', 'mixed greens', 'paprika']",10,10,20,2,easy,False,A comfort-food style dinner built around beef with salad.,1. Prep the beef sirloin and gather the other ingredients. 2. Prepare the fresh ingredients and dressing. 3. Cook the beef sirloin with olive oil and mixed greens until fully cooked. 4. Toss everything together and serve.,1
Lemon Pepper Beef Salad,entree,American,"['beef sirloin', 'olive oil', 'onion', 'garlic powder', 'thyme']",15,10,25,4,easy,False,A comfort-food style dinner built around beef with salad.,1. Prep the beef sirloin and gather the other ingredients. 2. Prepare the fresh ingredients and dressing. 3. Cook the beef sirloin with olive oil and onion until fully cooked. 4. Toss everything together and serve.,2
Roasted Beef Salad,entree,American,"['beef sirloin', 'olive oil', 'mixed greens', 'cabbage', 'parsley', 'rosemary']",20,10,30,4,easy,False,A comfort-food style dinner built around beef with salad.,1. Prep the beef sirloin and gather the other ingredients. 2. Prepare the fresh ingredients and dressing. 3. Cook the beef sirloin with olive oil and mixed greens until fully cooked. 4. Toss everything together and serve.,2
Homestyle Beef Salad,entree,American,"['beef sirloin', 'olive oil', 'mixed greens', 'mushrooms', 'onion', 'garlic powder', 'butter']",10,10,20,4,easy,False,A savory weeknight entree built around beef with salad.,1. Prep the beef sirloin and gather the other ingredients. 2. Prepare the fresh ingredients and dressing. 3. Cook the beef sirloin with olive oil and mixed greens until fully cooked. 4. Toss everything together and serve.,2
Lemon Herb Beef Salad,entree,Mediterranean,"['beef sirloin', 'olive oil', 'mixed greens', 'mushrooms', 'onion', 'peas', 'oregano', 'cucumber']",15,10,25,4,easy,False,A fresh and herb-forward main dish built around beef with salad.,1. Prep the beef sirloin and gather the other ingredients. 2. Prepare the fresh ingredients and dressing. 3. Cook the beef sirloin with olive oil and mixed greens until fully cooked. 4. Toss everything together and serve.,3
Mediterranean Beef Salad,entree,Mediterranean,"['beef sirloin', 'olive oil', 'oregano']",20,10,30,4,easy,False,A light but satisfying dinner built around beef with salad.,1. Prep the beef sirloin and gather the other ingredients. 2. Prepare the fresh ingredients and dressing. 3. Cook the beef sirloin with olive oil and oregano until fully cooked. 4. Toss everything together and serve.,1
Garlic Oregano Beef Salad,entree,Mediterranean,"['beef sirloin', 'olive oil', 'mixed greens', 'onion', 'lemon']",18,10,28,6,easy,False,A fresh and herb-forward main dish built around beef with salad.,1. Prep the beef sirloin and gather the other ingredients. 2. Prepare the fresh ingredients and dressing. 3. Cook the beef sirloin with olive oil and mixed greens until fully cooked. 4. Toss everything together and serve.,2
Tomato Olive Beef Salad,entree,Mediterranean,"['beef sirloin', 'olive oil', 'mixed greens', 'mushrooms', 'onion', 'parsley']",20,10,30,6,easy,False,A bright Mediterranean-style entree built around beef with salad.,1. Prep the beef sirloin and gather the other ingredients. 2. Prepare the fresh ingredients and dressing. 3. Cook the beef sirloin with olive oil and mixed greens until fully cooked. 4. Toss everything together and serve.,2
Zesty Herb Beef Salad,entree,Mediterranean,"['beef sirloin', 'olive oil', 'mixed greens', 'spinach', 'tomato', 'onion', 'lemon']",10,10,20,6,easy,False,A bright Mediterranean-style entree built around beef with salad.,1. Prep the beef sirloin and gather the other ingredients. 2. Prepare the fresh ingredients and dressing. 3. Cook the beef sirloin with olive oil and mixed greens until fully cooked. 4. Toss everything together and serve.,2
Sun-Dried Tomato Beef Salad,entree,Mediterranean,"['beef sirloin', 'olive oil', 'salt', 'black pepper', 'mixed greens', 'sweet potato', 'onion', 'black beans', 'oregano']",10,10,20,2,easy,False,A bright Mediterranean-style entree built around beef with salad.,1. Prep the beef sirloin and gather the other ingredients. 2. Prepare the fresh ingredients and dressing. 3. Cook the beef sirloin with olive oil and salt until fully cooked. 4. Toss everything together and serve.,3
Herb Beef Soup,entree,American,"['beef sirloin', 'olive oil', 'broth']",10,20,30,6,medium,False,A hearty and simple main dish built around beef with soup.,"1. Prep the beef sirloin and gather the other ingredients. 2. Simmer the ingredients in a pot until tender. 3. Cook the beef sirloin with olive oil and broth until fully cooked. 4. Stir well, taste, and serve hot.",1
Garlic Beef Soup,entree,American,"['beef sirloin', 'olive oil', 'broth', 'garlic']",10,35,45,2,medium,False,A savory weeknight entree built around beef with soup.,"1. Prep the beef sirloin and gather the other ingredients. 2. Simmer the ingredients in a pot until tender. 3. Cook the beef sirloin with olive oil and broth until fully cooked. 4. Stir well, taste, and serve hot.",1
Smoky Beef Soup,entree,American,"['beef sirloin', 'olive oil', 'broth', 'garlic powder', 'garlic']",10,20,30,6,medium,False,A savory weeknight entree built around beef with soup.,"1. Prep the beef sirloin and gather the other ingredients. 2. Simmer the ingredients in a pot until tender. 3. Cook the beef sirloin with olive oil and broth until fully cooked. 4. Stir well, taste, and serve hot.",2
Lemon Pepper Beef Soup,entree,American,"['beef sirloin', 'olive oil', 'broth', 'rosemary', 'garlic powder', 'garlic']",12,18,30,6,medium,False,A savory weeknight entree built around beef with soup.,"1. Prep the beef sirloin and gather the other ingredients. 2. Simmer the ingredients in a pot until tender. 3. Cook the beef sirloin with olive oil and broth until fully cooked. 4. Stir well, taste, and serve hot.",2
Roasted Beef Soup,entree,American,"['beef sirloin', 'olive oil', 'broth', 'cauliflower', 'carrot', 'thyme', 'garlic']",18,22,40,2,medium,False,A hearty and simple main dish built around beef with soup.,"1. Prep the beef sirloin and gather the other ingredients. 2. Simmer the ingredients in a pot until tender. 3. Cook the beef sirloin with olive oil and broth until fully cooked. 4. Stir well, taste, and serve hot.",2
Homestyle Beef Soup,entree,American,"['beef sirloin', 'olive oil', 'broth', 'cauliflower', 'carrot', 'thyme', 'garlic powder', 'garlic']",15,25,40,6,medium,False,A comfort-food style dinner built around beef with soup.,"1. Prep the beef sirloin and gather the other ingredients. 2. Simmer the ingredients in a pot until tender. 3. Cook the beef sirloin with olive oil and broth until fully cooked. 4. Stir well, taste, and serve hot.",3
Lemon Herb Beef Soup,entree,Mediterranean,"['beef sirloin', 'olive oil', 'salt', 'black pepper', 'broth', 'eggplant', 'tomato', 'feta', 'garlic']",20,10,30,4,medium,False,A bright Mediterranean-style entree built around beef with soup.,"1. Prep the beef sirloin and gather the other ingredients. 2. Simmer the ingredients in a pot until tender. 3. Cook the beef sirloin with olive oil and salt until fully cooked. 4. Stir well, taste, and serve hot.",3
Mediterranean Beef Soup,entree,Mediterranean,"['beef sirloin', 'olive oil', 'salt', 'black pepper', 'broth', 'corn', 'bell pepper', 'onion', 'parsley', 'garlic']",10,30,40,4,medium,False,A light but satisfying dinner built around beef with soup.,"1. Prep the beef sirloin and gather the other ingredients. 2. Simmer the ingredients in a pot until tender. 3. Cook the beef sirloin with olive oil and salt until fully cooked. 4. Stir well, taste, and serve hot.",3
Garlic Oregano Beef Soup,entree,Mediterranean,"['beef sirloin', 'olive oil', 'broth', 'garlic']",12,18,30,6,medium,False,A fresh and herb-forward main dish built around beef with soup.,"1. Prep the beef sirloin and gather the other ingredients. 2. Simmer the ingredients in a pot until tender. 3. Cook the beef sirloin with olive oil and broth until fully cooked. 4. Stir well, taste, and serve hot.",1
Tomato Olive Beef Soup,entree,Mediterranean,"['beef sirloin', 'olive oil', 'broth', 'lemon', 'garlic']",20,15,35,4,medium,False,A bright Mediterranean-style entree built around beef with soup.,"1. Prep the beef sirloin and gather the other ingredients. 2. Simmer the ingredients in a pot until tender. 3. Cook the beef sirloin with olive oil and broth until fully cooked. 4. Stir well, taste, and serve hot.",2
Zesty Herb Beef Soup,entree,Mediterranean,"['beef sirloin', 'olive oil', 'broth', 'onion', 'feta', 'garlic']",10,35,45,6,medium,False,A bright Mediterranean-style entree built around beef with soup.,"1. Prep the beef sirloin and gather the other ingredients. 2. Simmer the ingredients in a pot until tender. 3. Cook the beef sirloin with olive oil and broth until fully cooked. 4. Stir well, taste, and serve hot.",2
Sun-Dried Tomato Beef Soup,entree,Mediterranean,"['beef sirloin', 'olive oil', 'broth', 'eggplant', 'parsley', 'feta', 'garlic']",20,20,40,6,medium,False,A bright Mediterranean-style entree built around beef with soup.,"1. Prep the beef sirloin and gather the other ingredients. 2. Simmer the ingredients in a pot until tender. 3. Cook the beef sirloin with olive oil and broth until fully cooked. 4. Stir well, taste, and serve hot.",2
Ginger Garlic Beef Soup,entree,Asian,"['beef sirloin', 'olive oil', 'broth', 'cauliflower', 'carrot', 'peas', 'soy sauce', 'garlic']",12,33,45,2,medium,False,A quick Asian-inspired entree built around beef with soup.,"1. Prep the beef sirloin and gather the other ingredients. 2. Simmer the ingredients in a pot until tender. 3. Cook the beef sirloin with olive oil and broth until fully cooked. 4. Stir well, taste, and serve hot.",3
Sesame Beef Soup,entree,Asian,"['beef sirloin', 'olive oil', 'broth']",20,10,30,6,medium,False,A savory umami-forward main dish built around beef with soup.,"1. Prep the beef sirloin and gather the other ingredients. 2. Simmer the ingredients in a pot until tender. 3. Cook the beef sirloin with olive oil and broth until fully cooked. 4. Stir well, taste, and serve hot.",1
Soy Glazed Beef Soup,entree,Asian,"['beef sirloin', 'olive oil', 'broth', 'ginger', 'garlic']",18,12,30,4,medium,False,A takeout-style dinner made at home built around beef with soup.,"1. Prep the beef sirloin and gather the other ingredients. 2. Simmer the ingredients in a pot until tender. 3. Cook the beef sirloin with olive oil and broth until fully cooked. 4. Stir well, taste, and serve hot.",2
Sweet Chili Beef Soup,entree,Asian,"['beef sirloin', 'olive oil', 'broth', 'onion', 'soy sauce', 'garlic']",15,25,40,4,medium,False,A takeout-style dinner made at home built around beef with soup.,"1. Prep the beef sirloin and gather the other ingredients. 2. Simmer the ingredients in a pot until tender. 3. Cook the beef sirloin with olive oil and broth until fully cooked. 4. Stir well, taste, and serve hot.",2
Teriyaki Beef Soup,entree,Asian,"['beef sirloin', 'olive oil', 'broth', 'cabbage', 'carrot', 'soy sauce', 'garlic']",12,33,45,2,medium,False,A takeout-style dinner made at home built around beef with soup.,"1. Prep the beef sirloin and gather the other ingredients. 2. Simmer the ingredients in a pot until tender. 3. Cook the beef sirloin with olive oil and broth until fully cooked. 4. Stir well, taste, and serve hot.",2
Scallion Beef Soup,entree,Asian,"['beef sirloin', 'olive oil', 'broth', 'kale', 'white beans', 'tomato', 'broccoli', 'honey', 'garlic']",20,10,30,4,medium,False,A takeout-style dinner made at home built around beef with soup.,"1. Prep the beef sirloin and gather the other ingredients. 2. Simmer the ingredients in a pot until tender. 3. Cook the beef sirloin with olive oil and broth until fully cooked. 4. Stir well, taste, and serve hot.",3
Herb Beef Sheet Pan Dinner,entree,American,"['beef sirloin', 'olive oil', 'sweet potato']",18,22,40,2,easy,False,A hearty and simple main dish built around beef with sheet pan dinner.,1. Prep the beef sirloin and gather the other ingredients. 2. Heat a pan over medium heat. 3. Cook the beef sirloin with olive oil and sweet potato until fully cooked. 4. Combine everything and serve hot.,1
Garlic Beef Sheet Pan Dinner,entree,American,"['beef sirloin', 'olive oil', 'parsley', 'thyme']",20,15,35,2,easy,False,A hearty and simple main dish built around beef with sheet pan dinner.,1. Prep the beef sirloin and gather the other ingredients. 2. Heat a pan over medium heat. 3. Cook the beef sirloin with olive oil and parsley until fully cooked. 4. Combine everything and serve hot.,1
Smoky Beef Sheet Pan Dinner,entree,American,"['beef sirloin', 'olive oil', 'onion', 'bell pepper', 'parsley']",12,23,35,4,easy,False,A hearty and simple main dish built around beef with sheet pan dinner.,1. Prep the beef sirloin and gather the other ingredients. 2. Heat a pan over medium heat. 3. Cook the beef sirloin with olive oil and onion until fully cooked. 4. Combine everything and serve hot.,2
Lemon Pepper Beef Sheet Pan Dinner,entree,American,"['beef sirloin', 'olive oil', 'onion', 'bell pepper', 'paprika', 'parsley']",12,23,35,6,easy,False,A hearty and simple main dish built around beef with sheet pan dinner.,1. Prep the beef sirloin and gather the other ingredients. 2. Heat a pan over medium heat. 3. Cook the beef sirloin with olive oil and onion until fully cooked. 4. Combine everything and serve hot.,2
Roasted Beef Sheet Pan Dinner,entree,American,"['beef sirloin', 'olive oil', 'onion', 'bell pepper', 'kale', 'butter', 'thyme']",12,23,35,4,easy,False,A savory weeknight entree built around beef with sheet pan dinner.,1. Prep the beef sirloin and gather the other ingredients. 2. Heat a pan over medium heat. 3. Cook the beef sirloin with olive oil and onion until fully cooked. 4. Combine everything and serve hot.,2
Homestyle Beef Sheet Pan Dinner,entree,American,"['beef sirloin', 'olive oil', 'onion', 'bell pepper', 'cauliflower', 'carrot', 'parsley', 'garlic powder']",12,18,30,2,easy,False,A hearty and simple main dish built around beef with sheet pan dinner.,1. Prep the beef sirloin and gather the other ingredients. 2. Heat a pan over medium heat. 3. Cook the beef sirloin with olive oil and onion until fully cooked. 4. Combine everything and serve hot.,3
Lemon Herb Beef Sheet Pan Dinner,entree,Mediterranean,"['beef sirloin', 'olive oil', 'salt', 'black pepper', 'onion', 'bell pepper', 'spinach', 'tomato', 'oregano']",15,25,40,4,easy,False,A fresh and herb-forward main dish built around beef with sheet pan dinner.,1. Prep the beef sirloin and gather the other ingredients. 2. Heat a pan over medium heat. 3. Cook the beef sirloin with olive oil and salt until fully cooked. 4. Combine everything and serve hot.,3
Mediterranean Beef Sheet Pan Dinner,entree,Mediterranean,"['beef sirloin', 'olive oil', 'salt', 'black pepper', 'onion', 'bell pepper', 'mushrooms', 'peas', 'lemon', 'cucumber']",10,30,40,2,easy,False,A fresh and herb-forward main dish built around beef with sheet pan dinner.,1. Prep the beef sirloin and gather the other ingredients. 2. Heat a pan over medium heat. 3. Cook the beef sirloin with olive oil and salt until fully cooked. 4. Combine everything and serve hot.,3
Garlic Oregano Beef Sheet Pan Dinner,entree,Mediterranean,"['beef sirloin', 'olive oil', 'onion', 'lemon']",18,27,45,6,easy,False,A bright Mediterranean-style entree built around beef with sheet pan dinner.,1. Prep the beef sirloin and gather the other ingredients. 2. Heat a pan over medium heat. 3. Cook the beef sirloin with olive oil and onion until fully cooked. 4. Combine everything and serve hot.,1
Tomato Olive Beef Sheet Pan Dinner,entree,Mediterranean,"['beef sirloin', 'olive oil', 'onion', 'bell pepper', 'feta']",18,12,30,2,easy,False,A fresh and herb-forward main dish built around beef with sheet pan dinner.,1. Prep the beef sirloin and gather the other ingredients. 2. Heat a pan over medium heat. 3. Cook the beef sirloin with olive oil and onion until fully cooked. 4. Combine everything and serve hot.,2
Zesty Herb Beef Sheet Pan Dinner,entree,Mediterranean,"['beef sirloin', 'olive oil', 'onion', 'bell pepper', 'kale', 'white beans']",10,25,35,4,easy,False,A light but satisfying dinner built around beef with sheet pan dinner.,1. Prep the beef sirloin and gather the other ingredients. 2. Heat a pan over medium heat. 3. Cook the beef sirloin with olive oil and onion until fully cooked. 4. Combine everything and serve hot.,2
Sun-Dried Tomato Beef Sheet Pan Dinner,entree,Mediterranean,"['beef sirloin', 'olive oil', 'onion', 'bell pepper', 'kale', 'white beans', 'parsley']",18,17,35,6,easy,False,A light but satisfying dinner built around beef with sheet pan dinner.,1. Prep the beef sirloin and gather the other ingredients. 2. Heat a pan over medium heat. 3. Cook the beef sirloin with olive oil and onion until fully cooked. 4. Combine everything and serve hot.,2
Herb Beef Skillet,entree,American,"['beef sirloin', 'olive oil', 'onion', 'garlic', 'kale', 'white beans', 'paprika', 'parsley']",12,10,22,4,easy,False,A hearty and simple main dish built around beef with skillet.,1. Prep the beef sirloin and gather the other ingredients. 2. Heat a pan over medium heat. 3. Cook the beef sirloin with olive oil and onion until fully cooked. 4. Combine everything and serve hot.,3
Garlic Beef Skillet,entree,American,"['beef sirloin', 'olive oil', 'sweet potato']",10,25,35,2,easy,False,A hearty and simple main dish built around beef with skillet.,1. Prep the beef sirloin and gather the other ingredients. 2. Heat a pan over medium heat. 3. Cook the beef sirloin with olive oil and sweet potato until fully cooked. 4. Combine everything and serve hot.,1
Smoky Beef Skillet,entree,American,"['beef sirloin', 'olive oil', 'garlic', 'thyme', 'rosemary']",18,17,35,2,easy,False,A comfort-food style dinner built around beef with skillet.,1. Prep the beef sirloin and gather the other ingredients. 2. Heat a pan over medium heat. 3. Cook the beef sirloin with olive oil and garlic until fully cooked. 4. Combine everything and serve hot.,2
Lemon Pepper Beef Skillet,entree,American,"['beef sirloin', 'olive oil', 'onion', 'garlic', 'butter', 'parsley']",12,18,30,2,easy,False,A hearty and simple main dish built around beef with skillet.,1. Prep the beef sirloin and gather the other ingredients. 2. Heat a pan over medium heat. 3. Cook the beef sirloin with olive oil and onion until fully cooked. 4. Combine everything and serve hot.,2
Roasted Beef Skillet,entree,American,"['beef sirloin', 'olive oil', 'onion', 'garlic', 'eggplant', 'tomato', 'garlic powder']",15,10,25,2,easy,False,A comfort-food style dinner built around beef with skillet.,1. Prep the beef sirloin and gather the other ingredients. 2. Heat a pan over medium heat. 3. Cook the beef sirloin with olive oil and onion until fully cooked. 4. Combine everything and serve hot.,2
Homestyle Beef Skillet,entree,American,"['beef sirloin', 'olive oil', 'salt', 'black pepper', 'onion', 'garlic', 'mushrooms', 'butter', 'thyme']",10,25,35,6,easy,False,A savory weeknight entree built around beef with skillet.,1. Prep the beef sirloin and gather the other ingredients. 2. Heat a pan over medium heat. 3. Cook the beef sirloin with olive oil and salt until fully cooked. 4. Combine everything and serve hot.,3
Chipotle Beef Skillet,entree,Mexican,"['beef sirloin', 'olive oil', 'lime']",15,15,30,4,easy,False,A family-friendly taco night style meal built around beef with skillet.,1. Prep the beef sirloin and gather the other ingredients. 2. Heat a pan over medium heat. 3. Cook the beef sirloin with olive oil and lime until fully cooked. 4. Combine everything and serve hot.,1
Cilantro Lime Beef Skillet,entree,Mexican,"['beef sirloin', 'olive oil', 'garlic', 'cilantro']",12,23,35,6,easy,False,A bold and zesty main dish built around beef with skillet.,1. Prep the beef sirloin and gather the other ingredients. 2. Heat a pan over medium heat. 3. Cook the beef sirloin with olive oil and garlic until fully cooked. 4. Combine everything and serve hot.,1
Spicy Beef Skillet,entree,Mexican,"['beef sirloin', 'olive oil', 'onion', 'garlic', 'cumin']",10,20,30,4,easy,False,A Mexican-inspired entree with bright flavors built around beef with skillet.,1. Prep the beef sirloin and gather the other ingredients. 2. Heat a pan over medium heat. 3. Cook the beef sirloin with olive oil and onion until fully cooked. 4. Combine everything and serve hot.,2
Smoky Beef Corn Skillet,entree,Mexican,"['beef sirloin', 'olive oil', 'onion', 'garlic', 'corn', 'lime']",10,25,35,4,easy,False,A family-friendly taco night style meal built around beef with skillet.,1. Prep the beef sirloin and gather the other ingredients. 2. Heat a pan over medium heat. 3. Cook the beef sirloin with olive oil and onion until fully cooked. 4. Combine everything and serve hot.,2
Salsa Verde Beef Skillet,entree,Mexican,"['beef sirloin', 'olive oil', 'onion', 'garlic', 'sweet potato', 'black beans', 'cumin']",10,15,25,4,easy,False,A family-friendly taco night style meal built around beef with skillet.,1. Prep the beef sirloin and gather the other ingredients. 2. Heat a pan over medium heat. 3. Cook the beef sirloin with olive oil and onion until fully cooked. 4. Combine everything and serve hot.,2
Southwest Beef Skillet,entree,Mexican,"['beef sirloin', 'olive oil', 'onion', 'garlic', 'corn', 'bell pepper', 'jalapeno', 'cilantro']",18,17,35,2,easy,False,A bold and zesty main dish built around beef with skillet.,1. Prep the beef sirloin and gather the other ingredients. 2. Heat a pan over medium heat. 3. Cook the beef sirloin with olive oil and onion until fully cooked. 4. Combine everything and serve hot.,3
Ginger Garlic Beef Skillet,entree,Asian,"['beef sirloin', 'olive oil', 'salt', 'black pepper', 'onion', 'garlic', 'spinach', 'tomato', 'ginger']",12,23,35,6,easy,False,A takeout-style dinner made at home built around beef with skillet.,1. Prep the beef sirloin and gather the other ingredients. 2. Heat a pan over medium heat. 3. Cook the beef sirloin with olive oil and salt until fully cooked. 4. Combine everything and serve hot.,3
Sesame Beef Skillet,entree,Asian,"['beef sirloin', 'olive oil', 'salt', 'black pepper', 'onion', 'garlic', 'mushrooms', 'peas', 'broccoli', 'soy sauce']",15,20,35,4,easy,False,A savory umami-forward main dish built around beef with skillet.,1. Prep the beef sirloin and gather the other ingredients. 2. Heat a pan over medium heat. 3. Cook the beef sirloin with olive oil and salt until fully cooked. 4. Combine everything and serve hot.,3
Soy Glazed Beef Skillet,entree,Asian,"['beef sirloin', 'olive oil', 'garlic', 'soy sauce']",18,12,30,2,easy,False,A savory umami-forward main dish built around beef with skillet.,1. Prep the beef sirloin and gather the other ingredients. 2. Heat a pan over medium heat. 3. Cook the beef sirloin with olive oil and garlic until fully cooked. 4. Combine everything and serve hot.,1
Sweet Chili Beef Skillet,entree,Asian,"['beef sirloin', 'olive oil', 'onion', 'garlic', 'corn']",18,10,28,4,easy,False,A quick Asian-inspired entree built around beef with skillet.,"1. Prep the beef sirloin and gather the other ingredients. 2. Simmer the ingredients in a pot until tender. 3. Cook the beef sirloin with olive oil and onion until fully cooked. 4. Stir well, taste, and serve hot.",2
Teriyaki Beef Skillet,entree,Asian,"['beef sirloin', 'olive oil', 'onion', 'garlic', 'cauliflower', 'soy sauce']",15,15,30,4,easy,False,A savory umami-forward main dish built around beef with skillet.,1. Prep the beef sirloin and gather the other ingredients. 2. Heat a pan over medium heat. 3. Cook the beef sirloin with olive oil and onion until fully cooked. 4. Combine everything and serve hot.,2
Scallion Beef Skillet,entree,Asian,"['beef sirloin', 'olive oil', 'onion', 'garlic', 'corn', 'bell pepper', 'rice vinegar']",10,20,30,2,easy,False,A savory umami-forward main dish built around beef with skillet.,1. Prep the beef sirloin and gather the other ingredients. 2. Heat a pan over medium heat. 3. Cook the beef sirloin with olive oil and onion until fully cooked. 4. Combine everything and serve hot.,2
Ginger Garlic Beef Curry,entree,Asian,"['beef sirloin', 'olive oil', 'onion', 'garlic', 'coconut milk', 'corn', 'bell pepper', 'ginger']",20,20,40,2,medium,False,A takeout-style dinner made at home built around beef with curry.,1. Prep the beef sirloin and gather the other ingredients. 2. Heat a pan over medium heat. 3. Cook the beef sirloin with olive oil and onion until fully cooked. 4. Combine everything and serve hot.,3
Sesame Beef Curry,entree,Asian,"['beef sirloin', 'olive oil', 'sweet potato']",10,20,30,2,medium,False,A quick Asian-inspired entree built around beef with curry.,1. Prep the beef sirloin and gather the other ingredients. 2. Heat a pan over medium heat. 3. Cook the beef sirloin with olive oil and sweet potato until fully cooked. 4. Combine everything and serve hot.,1
Soy Glazed Beef Curry,entree,Asian,"['beef sirloin', 'olive oil', 'garlic', 'coconut milk', 'ginger']",10,25,35,2,medium,False,A quick Asian-inspired entree built around beef with curry.,1. Prep the beef sirloin and gather the other ingredients. 2. Heat a pan over medium heat. 3. Cook the beef sirloin with olive oil and garlic until fully cooked. 4. Combine everything and serve hot.,2
Sweet Chili Beef Curry,entree,Asian,"['beef sirloin', 'olive oil', 'onion', 'garlic', 'coconut milk', 'ginger']",12,23,35,4,medium,False,A takeout-style dinner made at home built around beef with curry.,"1. Prep the beef sirloin and gather the other ingredients. 2. Simmer the ingredients in a pot until tender. 3. Cook the beef sirloin with olive oil and onion until fully cooked. 4. Stir well, taste, and serve hot.",2
Teriyaki Beef Curry,entree,Asian,"['beef sirloin', 'olive oil', 'onion', 'garlic', 'coconut milk', 'spinach', 'ginger']",20,10,30,6,medium,False,A takeout-style dinner made at home built around beef with curry.,1. Prep the beef sirloin and gather the other ingredients. 2. Heat a pan over medium heat. 3. Cook the beef sirloin with olive oil and onion until fully cooked. 4. Combine everything and serve hot.,2
Scallion Beef Curry,entree,Asian,"['beef sirloin', 'olive oil', 'onion', 'garlic', 'coconut milk', 'cauliflower', 'carrot', 'soy sauce', 'ginger']",12,18,30,6,medium,False,A savory umami-forward main dish built around beef with curry.,1. Prep the beef sirloin and gather the other ingredients. 2. Heat a pan over medium heat. 3. Cook the beef sirloin with olive oil and onion until fully cooked. 4. Combine everything and serve hot.,3
Ginger Garlic Beef Stir-Fry,entree,Asian,"['beef sirloin', 'olive oil', 'garlic']",15,15,30,2,easy,False,A quick Asian-inspired entree built around beef with stir-fry.,1. Prep the beef sirloin and gather the other ingredients. 2. Heat a skillet or wok over medium-high heat. 3. Cook the beef sirloin with olive oil and garlic until fully cooked. 4. Stir-fry everything until cooked through and serve hot.,1
Sesame Beef Stir-Fry,entree,Asian,"['beef sirloin', 'olive oil', 'onion', 'garlic']",10,20,30,4,easy,False,A quick Asian-inspired entree built around beef with stir-fry.,1. Prep the beef sirloin and gather the other ingredients. 2. Heat a skillet or wok over medium-high heat. 3. Cook the beef sirloin with olive oil and onion until fully cooked. 4. Stir-fry everything until cooked through and serve hot.,1
Soy Glazed Beef Stir-Fry,entree,Asian,"['beef sirloin', 'olive oil', 'onion', 'soy sauce', 'garlic']",12,10,22,2,easy,False,A savory umami-forward main dish built around beef with stir-fry.,1. Prep the beef sirloin and gather the other ingredients. 2. Heat a skillet or wok over medium-high heat. 3. Cook the beef sirloin with olive oil and onion until fully cooked. 4. Stir-fry everything until cooked through and serve hot.,2
Sweet Chili Beef Stir-Fry,entree,Asian,"['beef sirloin', 'olive oil', 'bell pepper', 'onion', 'eggplant', 'garlic']",18,10,28,4,easy,False,A savory umami-forward main dish built around beef with stir-fry.,"1. Prep the beef sirloin and gather the other ingredients. 2. Simmer the ingredients in a pot until tender. 3. Cook the beef sirloin with olive oil and bell pepper until fully cooked. 4. Stir well, taste, and serve hot.",2
Teriyaki Beef Stir-Fry,entree,Asian,"['beef sirloin', 'olive oil', 'bell pepper', 'onion', 'corn', 'green onion', 'garlic']",10,10,20,6,easy,False,A savory umami-forward main dish built around beef with stir-fry.,1. Prep the beef sirloin and gather the other ingredients. 2. Heat a skillet or wok over medium-high heat. 3. Cook the beef sirloin with olive oil and bell pepper until fully cooked. 4. Stir-fry everything until cooked through and serve hot.,2
Scallion Beef Stir-Fry,entree,Asian,"['beef sirloin', 'olive oil', 'bell pepper', 'onion', 'zucchini', 'ginger', 'rice vinegar', 'garlic']",10,15,25,2,easy,False,A takeout-style dinner made at home built around beef with stir-fry.,1. Prep the beef sirloin and gather the other ingredients. 2. Heat a skillet or wok over medium-high heat. 3. Cook the beef sirloin with olive oil and bell pepper until fully cooked. 4. Stir-fry everything until cooked through and serve hot.,3
Herb Beef Wrap,entree,American,"['beef sirloin', 'olive oil', 'flour tortillas', 'eggplant', 'tomato', 'rosemary', 'paprika', 'lime', 'cilantro']",10,10,20,6,easy,False,A hearty and simple main dish built around beef with wrap.,1. Prep the beef sirloin and gather the other ingredients. 2. Warm the tortillas or wraps. 3. Cook the beef sirloin with olive oil and flour tortillas until fully cooked. 4. Fill with the cooked ingredients and serve warm.,3
Garlic Beef Wrap,entree,American,"['beef sirloin', 'olive oil', 'flour tortillas', 'spinach', 'tomato', 'onion', 'thyme', 'garlic powder', 'lime', 'cilantro']",15,10,25,4,easy,False,A comfort-food style dinner built around beef with wrap.,1. Prep the beef sirloin and gather the other ingredients. 2. Warm the tortillas or wraps. 3. Cook the beef sirloin with olive oil and flour tortillas until fully cooked. 4. Fill with the cooked ingredients and serve warm.,3
Smoky Beef Wrap,entree,American,"['beef sirloin', 'olive oil', 'lime', 'cilantro']",18,10,28,4,easy,False,A hearty and simple main dish built around beef with wrap.,1. Prep the beef sirloin and gather the other ingredients. 2. Warm the tortillas or wraps. 3. Cook the beef sirloin with olive oil and lime until fully cooked. 4. Fill with the cooked ingredients and serve warm.,1
Lemon Pepper Beef Wrap,entree,American,"['beef sirloin', 'olive oil', 'thyme', 'lime', 'cilantro']",15,10,25,4,easy,False,A hearty and simple main dish built around beef with wrap.,1. Prep the beef sirloin and gather the other ingredients. 2. Warm the tortillas or wraps. 3. Cook the beef sirloin with olive oil and thyme until fully cooked. 4. Fill with the cooked ingredients and serve warm.,2
Roasted Beef Wrap,entree,American,"['beef sirloin', 'olive oil', 'sweet potato', 'thyme', 'lime', 'cilantro']",20,10,30,2,easy,False,A comfort-food style dinner built around beef with wrap.,1. Prep the beef sirloin and gather the other ingredients. 2. Warm the tortillas or wraps. 3. Cook the beef sirloin with olive oil and sweet potato until fully cooked. 4. Fill with the cooked ingredients and serve warm.,2
Homestyle Beef Wrap,entree,American,"['beef sirloin', 'olive oil', 'flour tortillas', 'garlic powder', 'thyme', 'lime', 'cilantro']",12,10,22,6,easy,False,A hearty and simple main dish built around beef with wrap.,1. Prep the beef sirloin and gather the other ingredients. 2. Warm the tortillas or wraps. 3. Cook the beef sirloin with olive oil and flour tortillas until fully cooked. 4. Fill with the cooked ingredients and serve warm.,2
Chipotle Beef Wrap,entree,Mexican,"['beef sirloin', 'olive oil', 'flour tortillas', 'spinach', 'tomato', 'onion', 'lime', 'cilantro']",10,10,20,4,easy,False,A family-friendly taco night style meal built around beef with wrap.,1. Prep the beef sirloin and gather the other ingredients. 2. Warm the tortillas or wraps. 3. Cook the beef sirloin with olive oil and flour tortillas until fully cooked. 4. Fill with the cooked ingredients and serve warm.,3
Cilantro Lime Beef Wrap,entree,Mexican,"['beef sirloin', 'olive oil', 'cilantro']",20,10,30,4,easy,False,A Mexican-inspired entree with bright flavors built around beef with wrap.,1. Prep the beef sirloin and gather the other ingredients. 2. Warm the tortillas or wraps. 3. Cook the beef sirloin with olive oil and cilantro until fully cooked. 4. Fill with the cooked ingredients and serve warm.,1
Spicy Beef Wrap,entree,Mexican,"['beef sirloin', 'olive oil', 'flour tortillas', 'lime', 'cilantro']",12,13,25,6,easy,False,A family-friendly taco night style meal built around beef with wrap.,1. Prep the beef sirloin and gather the other ingredients. 2. Warm the tortillas or wraps. 3. Cook the beef sirloin with olive oil and flour tortillas until fully cooked. 4. Fill with the cooked ingredients and serve warm.,2
Smoky Beef Onion Wrap,entree,Mexican,"['beef sirloin', 'olive oil', 'flour tortillas', 'onion', 'lime', 'cilantro']",20,10,30,6,easy,False,A bold and zesty main dish built around beef with wrap.,1. Prep the beef sirloin and gather the other ingredients. 2. Warm the tortillas or wraps. 3. Cook the beef sirloin with olive oil and flour tortillas until fully cooked. 4. Fill with the cooked ingredients and serve warm.,2
Salsa Verde Beef Wrap,entree,Mexican,"['beef sirloin', 'olive oil', 'flour tortillas', 'kale', 'white beans', 'lime', 'cilantro']",12,10,22,6,easy,False,A family-friendly taco night style meal built around beef with wrap.,1. Prep the beef sirloin and gather the other ingredients. 2. Warm the tortillas or wraps. 3. Cook the beef sirloin with olive oil and flour tortillas until fully cooked. 4. Fill with the cooked ingredients and serve warm.,2
Southwest Beef Wrap,entree,Mexican,"['beef sirloin', 'olive oil', 'flour tortillas', 'eggplant', 'tomato', 'zucchini', 'corn', 'lime', 'cilantro']",12,10,22,6,easy,False,A bold and zesty main dish built around beef with wrap.,1. Prep the beef sirloin and gather the other ingredients. 2. Warm the tortillas or wraps. 3. Cook the beef sirloin with olive oil and flour tortillas until fully cooked. 4. Fill with the cooked ingredients and serve warm.,3
Lemon Herb Beef Wrap,entree,Mediterranean,"['beef sirloin', 'olive oil', 'cilantro']",10,10,20,4,easy,False,A bright Mediterranean-style entree built around beef with wrap.,1. Prep the beef sirloin and gather the other ingredients. 2. Warm the tortillas or wraps. 3. Cook the beef sirloin with olive oil and cilantro until fully cooked. 4. Fill with the cooked ingredients and serve warm.,1
Mediterranean Beef Wrap,entree,Mediterranean,"['beef sirloin', 'olive oil', 'lime', 'cilantro']",15,10,25,2,easy,False,A fresh and herb-forward main dish built around beef with wrap.,1. Prep the beef sirloin and gather the other ingredients. 2. Warm the tortillas or wraps. 3. Cook the beef sirloin with olive oil and lime until fully cooked. 4. Fill with the cooked ingredients and serve warm.,1
Garlic Oregano Beef Wrap,entree,Mediterranean,"['beef sirloin', 'olive oil', 'lemon', 'lime', 'cilantro']",18,10,28,4,easy,False,A light but satisfying dinner built around beef with wrap.,1. Prep the beef sirloin and gather the other ingredients. 2. Warm the tortillas or wraps. 3. Cook the beef sirloin with olive oil and lemon until fully cooked. 4. Fill with the cooked ingredients and serve warm.,2
Tomato Olive Beef Wrap,entree,Mediterranean,"['beef sirloin', 'olive oil', 'flour tortillas', 'lemon', 'lime', 'cilantro']",10,15,25,6,easy,False,A light but satisfying dinner built around beef with wrap.,1. Prep the beef sirloin and gather the other ingredients. 2. Warm the tortillas or wraps. 3. Cook the beef sirloin with olive oil and flour tortillas until fully cooked. 4. Fill with the cooked ingredients and serve warm.,2
Zesty Herb Beef Wrap,entree,Mediterranean,"['beef sirloin', 'olive oil', 'flour tortillas', 'onion', 'lemon', 'lime', 'cilantro']",10,15,25,6,easy,False,A light but satisfying dinner built around beef with wrap.,1. Prep the beef sirloin and gather the other ingredients. 2. Warm the tortillas or wraps. 3. Cook the beef sirloin with olive oil and flour tortillas until fully cooked. 4. Fill with the cooked ingredients and serve warm.,2
Sun-Dried Tomato Beef Wrap,entree,Mediterranean,"['beef sirloin', 'olive oil', 'flour tortillas', 'spinach', 'tomato', 'onion', 'lime', 'cilantro']",18,10,28,2,easy,False,A light but satisfying dinner built around beef with wrap.,1. Prep the beef sirloin and gather the other ingredients. 2. Warm the tortillas or wraps. 3. Cook the beef sirloin with olive oil and flour tortillas until fully cooked. 4. Fill with the cooked ingredients and serve warm.,3
Herb Beef Grain Bowl,entree,American,"['beef sirloin', 'olive oil', 'salt', 'black pepper', 'quinoa', 'eggplant', 'tomato', 'paprika', 'garlic']",10,25,35,2,easy,False,A savory weeknight entree built around beef with grain bowl.,1. Prep the beef sirloin and gather the other ingredients. 2. Cook the rice or grain until tender. 3. Cook the beef sirloin with olive oil and salt until fully cooked. 4. Layer everything in a bowl and serve hot.,3
Garlic Beef Grain Bowl,entree,American,"['beef sirloin', 'olive oil', 'salt', 'black pepper', 'quinoa', 'broccoli', 'carrot', 'garlic powder', 'paprika', 'garlic']",10,15,25,4,easy,False,A savory weeknight entree built around beef with grain bowl.,1. Prep the beef sirloin and gather the other ingredients. 2. Cook the rice or grain until tender. 3. Cook the beef sirloin with olive oil and salt until fully cooked. 4. Layer everything in a bowl and serve hot.,3
Smoky Beef Grain Bowl,entree,American,"['beef sirloin', 'olive oil', 'quinoa', 'garlic']",12,23,35,6,easy,False,A comfort-food style dinner built around beef with grain bowl.,1. Prep the beef sirloin and gather the other ingredients. 2. Cook the rice or grain until tender. 3. Cook the beef sirloin with olive oil and quinoa until fully cooked. 4. Layer everything in a bowl and serve hot.,1
Lemon Pepper Beef Grain Bowl,entree,American,"['beef sirloin', 'olive oil', 'quinoa', 'thyme', 'garlic']",12,10,22,4,easy,False,A comfort-food style dinner built around beef with grain bowl.,1. Prep the beef sirloin and gather the other ingredients. 2. Cook the rice or grain until tender. 3. Cook the beef sirloin with olive oil and quinoa until fully cooked. 4. Layer everything in a bowl and serve hot.,2
Roasted Beef Grain Bowl,entree,American,"['beef sirloin', 'olive oil', 'quinoa', 'parsley', 'rosemary', 'garlic']",18,12,30,2,easy,False,A comfort-food style dinner built around beef with grain bowl.,1. Prep the beef sirloin and gather the other ingredients. 2. Cook the rice or grain until tender. 3. Cook the beef sirloin with olive oil and quinoa until fully cooked. 4. Layer everything in a bowl and serve hot.,2
Homestyle Beef Grain Bowl,entree,American,"['beef sirloin', 'olive oil', 'quinoa', 'onion', 'bell pepper', 'garlic powder', 'garlic']",10,10,20,4,easy,False,A hearty and simple main dish built around beef with grain bowl.,1. Prep the beef sirloin and gather the other ingredients. 2. Cook the rice or grain until tender. 3. Cook the beef sirloin with olive oil and quinoa until fully cooked. 4. Layer everything in a bowl and serve hot.,2
Lemon Herb Beef Grain Bowl,entree,Mediterranean,"['beef sirloin', 'olive oil', 'quinoa', 'cauliflower', 'carrot', 'peas', 'parsley', 'garlic']",12,23,35,6,easy,False,A bright Mediterranean-style entree built around beef with grain bowl.,1. Prep the beef sirloin and gather the other ingredients. 2. Cook the rice or grain until tender. 3. Cook the beef sirloin with olive oil and quinoa until fully cooked. 4. Layer everything in a bowl and serve hot.,3
Mediterranean Beef Grain Bowl,entree,Mediterranean,"['beef sirloin', 'olive oil', 'quinoa']",18,17,35,6,easy,False,A bright Mediterranean-style entree built around beef with grain bowl.,1. Prep the beef sirloin and gather the other ingredients. 2. Cook the rice or grain until tender. 3. Cook the beef sirloin with olive oil and quinoa until fully cooked. 4. Layer everything in a bowl and serve hot.,1
Garlic Oregano Beef Grain Bowl,entree,Mediterranean,"['beef sirloin', 'olive oil', 'quinoa', 'lemon', 'garlic']",15,10,25,6,easy,False,A fresh and herb-forward main dish built around beef with grain bowl.,1. Prep the beef sirloin and gather the other ingredients. 2. Cook the rice or grain until tender. 3. Cook the beef sirloin with olive oil and quinoa until fully cooked. 4. Layer everything in a bowl and serve hot.,2
Tomato Olive Beef Grain Bowl,entree,Mediterranean,"['beef sirloin', 'olive oil', 'quinoa', 'eggplant', 'tomato', 'garlic']",18,12,30,6,easy,False,A fresh and herb-forward main dish built around beef with grain bowl.,1. Prep the beef sirloin and gather the other ingredients. 2. Cook the rice or grain until tender. 3. Cook the beef sirloin with olive oil and quinoa until fully cooked. 4. Layer everything in a bowl and serve hot.,2
Zesty Herb Beef Grain Bowl,entree,Mediterranean,"['beef sirloin', 'olive oil', 'quinoa', 'cauliflower', 'feta', 'lemon', 'garlic']",20,10,30,6,easy,False,A light but satisfying dinner built around beef with grain bowl.,1. Prep the beef sirloin and gather the other ingredients. 2. Cook the rice or grain until tender. 3. Cook the beef sirloin with olive oil and quinoa until fully cooked. 4. Layer everything in a bowl and serve hot.,2
Sun-Dried Tomato Beef Grain Bowl,entree,Mediterranean,"['beef sirloin', 'olive oil', 'quinoa', 'onion', 'bell pepper', 'zucchini', 'tomato', 'oregano', 'garlic']",20,10,30,6,easy,False,A fresh and herb-forward main dish built around beef with grain bowl.,1. Prep the beef sirloin and gather the other ingredients. 2. Cook the rice or grain until tender. 3. Cook the beef sirloin with olive oil and quinoa until fully cooked. 4. Layer everything in a bowl and serve hot.,3
Herb Beef Stew,entree,American,"['beef sirloin', 'olive oil', 'broth']",18,27,45,4,medium,False,A hearty and simple main dish built around beef with stew.,"1. Prep the beef sirloin and gather the other ingredients. 2. Simmer the ingredients in a pot until tender. 3. Cook the beef sirloin with olive oil and broth until fully cooked. 4. Stir well, taste, and serve hot.",1
Garlic Beef Stew,entree,American,"['beef sirloin', 'olive oil', 'broth', 'garlic']",15,40,55,2,medium,False,A comfort-food style dinner built around beef with stew.,"1. Prep the beef sirloin and gather the other ingredients. 2. Simmer the ingredients in a pot until tender. 3. Cook the beef sirloin with olive oil and broth until fully cooked. 4. Stir well, taste, and serve hot.",1
Smoky Beef Stew,entree,American,"['beef sirloin', 'olive oil', 'broth', 'paprika', 'garlic']",20,25,45,4,medium,False,A comfort-food style dinner built around beef with stew.,"1. Prep the beef sirloin and gather the other ingredients. 2. Simmer the ingredients in a pot until tender. 3. Cook the beef sirloin with olive oil and broth until fully cooked. 4. Stir well, taste, and serve hot.",2
Lemon Pepper Beef Stew,entree,American,"['beef sirloin', 'olive oil', 'broth', 'thyme', 'butter', 'garlic']",10,45,55,4,medium,False,A savory weeknight entree built around beef with stew.,"1. Prep the beef sirloin and gather the other ingredients. 2. Simmer the ingredients in a pot until tender. 3. Cook the beef sirloin with olive oil and broth until fully cooked. 4. Stir well, taste, and serve hot.",2
Roasted Beef Stew,entree,American,"['beef sirloin', 'olive oil', 'broth', 'onion', 'thyme', 'butter', 'garlic']",10,45,55,4,medium,False,A comfort-food style dinner built around beef with stew.,"1. Prep the beef sirloin and gather the other ingredients. 2. Simmer the ingredients in a pot until tender. 3. Cook the beef sirloin with olive oil and broth until fully cooked. 4. Stir well, taste, and serve hot.",2
Homestyle Beef Stew,entree,American,"['beef sirloin', 'olive oil', 'broth', 'carrot', 'onion', 'thyme', 'butter', 'garlic']",10,45,55,4,medium,False,A comfort-food style dinner built around beef with stew.,"1. Prep the beef sirloin and gather the other ingredients. 2. Simmer the ingredients in a pot until tender. 3. Cook the beef sirloin with olive oil and broth until fully cooked. 4. Stir well, taste, and serve hot.",3
Lemon Herb Beef Stew,entree,Mediterranean,"['beef sirloin', 'olive oil', 'broth', 'carrot', 'celery', 'broccoli', 'snap peas', 'parsley', 'garlic']",15,25,40,2,medium,False,A fresh and herb-forward main dish built around beef with stew.,"1. Prep the beef sirloin and gather the other ingredients. 2. Simmer the ingredients in a pot until tender. 3. Cook the beef sirloin with olive oil and broth until fully cooked. 4. Stir well, taste, and serve hot.",3
Mediterranean Beef Stew,entree,Mediterranean,"['beef sirloin', 'olive oil', 'broth', 'carrot', 'celery', 'kale', 'white beans', 'parsley', 'feta', 'garlic']",20,30,50,4,medium,False,A light but satisfying dinner built around beef with stew.,"1. Prep the beef sirloin and gather the other ingredients. 2. Simmer the ingredients in a pot until tender. 3. Cook the beef sirloin with olive oil and broth until fully cooked. 4. Stir well, taste, and serve hot.",3
Garlic Oregano Beef Stew,entree,Mediterranean,"['beef sirloin', 'olive oil', 'broth', 'garlic']",12,33,45,2,medium,False,A bright Mediterranean-style entree built around beef with stew.,"1. Prep the beef sirloin and gather the other ingredients. 2. Simmer the ingredients in a pot until tender. 3. Cook the beef sirloin with olive oil and broth until fully cooked. 4. Stir well, taste, and serve hot.",1
Tomato Olive Beef Stew,entree,Mediterranean,"['beef sirloin', 'olive oil', 'broth', 'parsley', 'garlic']",20,30,50,4,medium,False,A light but satisfying dinner built around beef with stew.,"1. Prep the beef sirloin and gather the other ingredients. 2. Simmer the ingredients in a pot until tender. 3. Cook the beef sirloin with olive oil and broth until fully cooked. 4. Stir well, taste, and serve hot.",2
Zesty Herb Beef Stew,entree,Mediterranean,"['beef sirloin', 'olive oil', 'broth', 'oregano', 'lemon', 'garlic']",18,32,50,2,medium,False,A fresh and herb-forward main dish built around beef with stew.,"1. Prep the beef sirloin and gather the other ingredients. 2. Simmer the ingredients in a pot until tender. 3. Cook the beef sirloin with olive oil and broth until fully cooked. 4. Stir well, taste, and serve hot.",2
Sun-Dried Tomato Beef Stew,entree,Mediterranean,"['beef sirloin', 'olive oil', 'broth', 'carrot', 'celery', 'lemon', 'garlic']",12,38,50,6,medium,False,A bright Mediterranean-style entree built around beef with stew.,"1. Prep the beef sirloin and gather the other ingredients. 2. Simmer the ingredients in a pot until tender. 3. Cook the beef sirloin with olive oil and broth until fully cooked. 4. Stir well, taste, and serve hot.",2
Herb Turkey Rice Bowl,entree,American,"['ground turkey', 'olive oil', 'rice', 'sweet potato', 'onion', 'thyme', 'butter', 'garlic']",20,10,30,2,easy,False,A savory weeknight entree built around turkey with rice bowl.,1. Prep the ground turkey and gather the other ingredients. 2. Cook the rice or grain until tender. 3. Cook the ground turkey with olive oil and rice until fully cooked. 4. Layer everything in a bowl and serve hot.,3
Garlic Turkey Rice Bowl,entree,American,"['ground turkey', 'olive oil', 'rice']",20,10,30,4,easy,False,A hearty and simple main dish built around turkey with rice bowl.,1. Prep the ground turkey and gather the other ingredients. 2. Cook the rice or grain until tender. 3. Cook the ground turkey with olive oil and rice until fully cooked. 4. Layer everything in a bowl and serve hot.,1
Smoky Turkey Rice Bowl,entree,American,"['ground turkey', 'olive oil', 'rice', 'rosemary', 'garlic']",20,10,30,4,easy,False,A savory weeknight entree built around turkey with rice bowl.,1. Prep the ground turkey and gather the other ingredients. 2. Cook the rice or grain until tender. 3. Cook the ground turkey with olive oil and rice until fully cooked. 4. Layer everything in a bowl and serve hot.,2
Lemon Pepper Turkey Rice Bowl,entree,American,"['ground turkey', 'olive oil', 'rice', 'onion', 'paprika', 'garlic']",18,10,28,2,easy,False,A savory weeknight entree built around turkey with rice bowl.,1. Prep the ground turkey and gather the other ingredients. 2. Cook the rice or grain until tender. 3. Cook the ground turkey with olive oil and rice until fully cooked. 4. Layer everything in a bowl and serve hot.,2
Roasted Turkey Rice Bowl,entree,American,"['ground turkey', 'olive oil', 'rice', 'onion', 'butter', 'thyme', 'garlic']",18,12,30,2,easy,False,A comfort-food style dinner built around turkey with rice bowl.,1. Prep the ground turkey and gather the other ingredients. 2. Cook the rice or grain until tender. 3. Cook the ground turkey with olive oil and rice until fully cooked. 4. Layer everything in a bowl and serve hot.,2
Homestyle Turkey Rice Bowl,entree,American,"['ground turkey', 'olive oil', 'rice', 'corn', 'bell pepper', 'onion', 'garlic powder', 'parsley', 'garlic']",10,15,25,4,easy,False,A comfort-food style dinner built around turkey with rice bowl.,1. Prep the ground turkey and gather the other ingredients. 2. Cook the rice or grain until tender. 3. Cook the ground turkey with olive oil and rice until fully cooked. 4. Layer everything in a bowl and serve hot.,3
Chipotle Turkey Rice Bowl,entree,Mexican,"['ground turkey', 'olive oil', 'rice']",20,10,30,2,easy,False,A Mexican-inspired entree with bright flavors built around turkey with rice bowl.,1. Prep the ground turkey and gather the other ingredients. 2. Cook the rice or grain until tender. 3. Cook the ground turkey with olive oil and rice until fully cooked. 4. Layer everything in a bowl and serve hot.,1
Cilantro Lime Turkey Rice Bowl,entree,Mexican,"['ground turkey', 'olive oil', 'rice', 'garlic']",12,10,22,2,easy,False,A Mexican-inspired entree with bright flavors built around turkey with rice bowl.,1. Prep the ground turkey and gather the other ingredients. 2. Cook the rice or grain until tender. 3. Cook the ground turkey with olive oil and rice until fully cooked. 4. Layer everything in a bowl and serve hot.,1
Spicy Turkey Rice Bowl,entree,Mexican,"['ground turkey', 'olive oil', 'rice', 'lime', 'garlic']",10,10,20,4,easy,False,A family-friendly taco night style meal built around turkey with rice bowl.,1. Prep the ground turkey and gather the other ingredients. 2. Cook the rice or grain until tender. 3. Cook the ground turkey with olive oil and rice until fully cooked. 4. Layer everything in a bowl and serve hot.,2
Smoky Turkey Eggplant Rice Bowl,entree,Mexican,"['ground turkey', 'olive oil', 'rice', 'eggplant', 'lime', 'garlic']",12,13,25,2,easy,False,A bold and zesty main dish built around turkey with rice bowl.,1. Prep the ground turkey and gather the other ingredients. 2. Cook the rice or grain until tender. 3. Cook the ground turkey with olive oil and rice until fully cooked. 4. Layer everything in a bowl and serve hot.,2
Salsa Verde Turkey Rice Bowl,entree,Mexican,"['ground turkey', 'olive oil', 'rice', 'cauliflower', 'carrot', 'peas', 'garlic']",18,10,28,4,easy,False,A Mexican-inspired entree with bright flavors built around turkey with rice bowl.,1. Prep the ground turkey and gather the other ingredients. 2. Cook the rice or grain until tender. 3. Cook the ground turkey with olive oil and rice until fully cooked. 4. Layer everything in a bowl and serve hot.,2
Southwest Turkey Rice Bowl,entree,Mexican,"['ground turkey', 'olive oil', 'rice', 'sweet potato', 'onion', 'cumin', 'chili powder', 'garlic']",10,15,25,4,easy,False,A Mexican-inspired entree with bright flavors built around turkey with rice bowl.,1. Prep the ground turkey and gather the other ingredients. 2. Cook the rice or grain until tender. 3. Cook the ground turkey with olive oil and rice until fully cooked. 4. Layer everything in a bowl and serve hot.,3
Lemon Herb Turkey Rice Bowl,entree,Mediterranean,"['ground turkey', 'olive oil', 'rice', 'spinach', 'tomato', 'onion', 'olives', 'oregano', 'garlic']",12,10,22,4,easy,False,A light but satisfying dinner built around turkey with rice bowl.,1. Prep the ground turkey and gather the other ingredients. 2. Cook the rice or grain until tender. 3. Cook the ground turkey with olive oil and rice until fully cooked. 4. Layer everything in a bowl and serve hot.,3
Mediterranean Turkey Rice Bowl,entree,Mediterranean,"['ground turkey', 'olive oil', 'salt', 'black pepper', 'rice', 'mushrooms', 'onion', 'peas', 'lemon', 'garlic']",12,10,22,2,easy,False,A light but satisfying dinner built around turkey with rice bowl.,1. Prep the ground turkey and gather the other ingredients. 2. Cook the rice or grain until tender. 3. Cook the ground turkey with olive oil and salt until fully cooked. 4. Layer everything in a bowl and serve hot.,3
Garlic Oregano Turkey Rice Bowl,entree,Mediterranean,"['ground turkey', 'olive oil', 'rice', 'garlic']",18,10,28,4,easy,False,A bright Mediterranean-style entree built around turkey with rice bowl.,1. Prep the ground turkey and gather the other ingredients. 2. Cook the rice or grain until tender. 3. Cook the ground turkey with olive oil and rice until fully cooked. 4. Layer everything in a bowl and serve hot.,1
Tomato Olive Turkey Rice Bowl,entree,Mediterranean,"['ground turkey', 'olive oil', 'rice', 'feta', 'garlic']",15,10,25,4,easy,False,A bright Mediterranean-style entree built around turkey with rice bowl.,1. Prep the ground turkey and gather the other ingredients. 2. Cook the rice or grain until tender. 3. Cook the ground turkey with olive oil and rice until fully cooked. 4. Layer everything in a bowl and serve hot.,2
Zesty Herb Turkey Rice Bowl,entree,Mediterranean,"['ground turkey', 'olive oil', 'rice', 'oregano', 'feta', 'garlic']",12,10,22,2,easy,False,A light but satisfying dinner built around turkey with rice bowl.,1. Prep the ground turkey and gather the other ingredients. 2. Cook the rice or grain until tender. 3. Cook the ground turkey with olive oil and rice until fully cooked. 4. Layer everything in a bowl and serve hot.,2
Sun-Dried Tomato Turkey Rice Bowl,entree,Mediterranean,"['ground turkey', 'olive oil', 'rice', 'eggplant', 'parsley', 'oregano', 'garlic']",18,10,28,4,easy,False,A fresh and herb-forward main dish built around turkey with rice bowl.,1. Prep the ground turkey and gather the other ingredients. 2. Cook the rice or grain until tender. 3. Cook the ground turkey with olive oil and rice until fully cooked. 4. Layer everything in a bowl and serve hot.,2
Ginger Garlic Turkey Rice Bowl,entree,Asian,"['ground turkey', 'olive oil', 'rice', 'corn', 'bell pepper', 'onion', 'soy sauce', 'garlic']",10,15,25,6,easy,False,A savory umami-forward main dish built around turkey with rice bowl.,1. Prep the ground turkey and gather the other ingredients. 2. Cook the rice or grain until tender. 3. Cook the ground turkey with olive oil and rice until fully cooked. 4. Layer everything in a bowl and serve hot.,3
Sesame Turkey Rice Bowl,entree,Asian,"['ground turkey', 'olive oil', 'rice']",15,15,30,2,easy,False,A savory umami-forward main dish built around turkey with rice bowl.,1. Prep the ground turkey and gather the other ingredients. 2. Cook the rice or grain until tender. 3. Cook the ground turkey with olive oil and rice until fully cooked. 4. Layer everything in a bowl and serve hot.,1
Soy Glazed Turkey Rice Bowl,entree,Asian,"['ground turkey', 'olive oil', 'rice', 'ginger', 'garlic']",12,10,22,6,easy,False,A takeout-style dinner made at home built around turkey with rice bowl.,1. Prep the ground turkey and gather the other ingredients. 2. Cook the rice or grain until tender. 3. Cook the ground turkey with olive oil and rice until fully cooked. 4. Layer everything in a bowl and serve hot.,2
Sweet Chili Turkey Rice Bowl,entree,Asian,"['ground turkey', 'olive oil', 'rice', 'mushrooms', 'onion', 'garlic']",15,10,25,4,easy,False,A quick Asian-inspired entree built around turkey with rice bowl.,1. Prep the ground turkey and gather the other ingredients. 2. Cook the rice or grain until tender. 3. Cook the ground turkey with olive oil and rice until fully cooked. 4. Layer everything in a bowl and serve hot.,2
Teriyaki Turkey Rice Bowl,entree,Asian,"['ground turkey', 'olive oil', 'rice', 'sweet potato', 'onion', 'black beans', 'garlic']",12,10,22,2,easy,False,A savory umami-forward main dish built around turkey with rice bowl.,1. Prep the ground turkey and gather the other ingredients. 2. Cook the rice or grain until tender. 3. Cook the ground turkey with olive oil and rice until fully cooked. 4. Layer everything in a bowl and serve hot.,2
Scallion Turkey Rice Bowl,entree,Asian,"['ground turkey', 'olive oil', 'rice', 'cauliflower', 'carrot', 'peas', 'green onion', 'soy sauce', 'garlic']",10,15,25,2,easy,False,A takeout-style dinner made at home built around turkey with rice bowl.,1. Prep the ground turkey and gather the other ingredients. 2. Cook the rice or grain until tender. 3. Cook the ground turkey with olive oil and rice until fully cooked. 4. Layer everything in a bowl and serve hot.,3
Herb Turkey Pasta,entree,American,"['ground turkey', 'olive oil', 'pasta']",15,10,25,4,easy,False,A savory weeknight entree built around turkey with pasta.,1. Prep the ground turkey and gather the other ingredients. 2. Cook the pasta according to package directions. 3. Cook the ground turkey with olive oil and pasta until fully cooked. 4. Toss everything together with the cooked pasta and serve hot.,1
Garlic Turkey Pasta,entree,American,"['ground turkey', 'olive oil', 'pasta', 'parmesan']",15,20,35,2,easy,False,A hearty and simple main dish built around turkey with pasta.,1. Prep the ground turkey and gather the other ingredients. 2. Cook the pasta according to package directions. 3. Cook the ground turkey with olive oil and pasta until fully cooked. 4. Toss everything together with the cooked pasta and serve hot.,1
Smoky Turkey Pasta,entree,American,"['ground turkey', 'olive oil', 'pasta', 'garlic', 'parmesan']",12,13,25,2,easy,False,A comfort-food style dinner built around turkey with pasta.,1. Prep the ground turkey and gather the other ingredients. 2. Cook the pasta according to package directions. 3. Cook the ground turkey with olive oil and pasta until fully cooked. 4. Toss everything together with the cooked pasta and serve hot.,2
Lemon Pepper Turkey Pasta,entree,American,"['ground turkey', 'olive oil', 'pasta', 'paprika', 'garlic', 'parmesan']",12,10,22,2,easy,False,A comfort-food style dinner built around turkey with pasta.,1. Prep the ground turkey and gather the other ingredients. 2. Cook the pasta according to package directions. 3. Cook the ground turkey with olive oil and pasta until fully cooked. 4. Toss everything together with the cooked pasta and serve hot.,2
Roasted Turkey Pasta,entree,American,"['ground turkey', 'olive oil', 'pasta', 'thyme', 'paprika', 'garlic', 'parmesan']",12,13,25,6,easy,False,A comfort-food style dinner built around turkey with pasta.,1. Prep the ground turkey and gather the other ingredients. 2. Cook the pasta according to package directions. 3. Cook the ground turkey with olive oil and pasta until fully cooked. 4. Toss everything together with the cooked pasta and serve hot.,2
Homestyle Turkey Pasta,entree,American,"['ground turkey', 'olive oil', 'pasta', 'onion', 'butter', 'thyme', 'garlic', 'parmesan']",12,10,22,2,easy,False,A comfort-food style dinner built around turkey with pasta.,1. Prep the ground turkey and gather the other ingredients. 2. Cook the pasta according to package directions. 3. Cook the ground turkey with olive oil and pasta until fully cooked. 4. Toss everything together with the cooked pasta and serve hot.,3
Lemon Herb Turkey Pasta,entree,Mediterranean,"['ground turkey', 'olive oil', 'pasta', 'cabbage', 'carrot', 'green onion', 'olives', 'garlic', 'parmesan']",10,20,30,4,easy,False,A fresh and herb-forward main dish built around turkey with pasta.,1. Prep the ground turkey and gather the other ingredients. 2. Cook the pasta according to package directions. 3. Cook the ground turkey with olive oil and pasta until fully cooked. 4. Toss everything together with the cooked pasta and serve hot.,3
Mediterranean Turkey Pasta,entree,Mediterranean,"['ground turkey', 'olive oil', 'salt', 'black pepper', 'pasta', 'eggplant', 'tomato', 'lemon', 'garlic', 'parmesan']",18,17,35,2,easy,False,A light but satisfying dinner built around turkey with pasta.,1. Prep the ground turkey and gather the other ingredients. 2. Cook the pasta according to package directions. 3. Cook the ground turkey with olive oil and salt until fully cooked. 4. Toss everything together with the cooked pasta and serve hot.,3
Garlic Oregano Turkey Pasta,entree,Mediterranean,"['ground turkey', 'olive oil', 'pasta', 'parmesan']",20,10,30,2,easy,False,A bright Mediterranean-style entree built around turkey with pasta.,1. Prep the ground turkey and gather the other ingredients. 2. Cook the pasta according to package directions. 3. Cook the ground turkey with olive oil and pasta until fully cooked. 4. Toss everything together with the cooked pasta and serve hot.,1
Tomato Olive Turkey Pasta,entree,Mediterranean,"['ground turkey', 'olive oil', 'pasta', 'garlic', 'parmesan']",10,20,30,6,easy,False,A fresh and herb-forward main dish built around turkey with pasta.,1. Prep the ground turkey and gather the other ingredients. 2. Cook the pasta according to package directions. 3. Cook the ground turkey with olive oil and pasta until fully cooked. 4. Toss everything together with the cooked pasta and serve hot.,2
Zesty Herb Turkey Pasta,entree,Mediterranean,"['ground turkey', 'olive oil', 'pasta', 'lemon', 'garlic', 'parmesan']",15,10,25,4,easy,False,A light but satisfying dinner built around turkey with pasta.,1. Prep the ground turkey and gather the other ingredients. 2. Cook the pasta according to package directions. 3. Cook the ground turkey with olive oil and pasta until fully cooked. 4. Toss everything together with the cooked pasta and serve hot.,2
Sun-Dried Tomato Turkey Pasta,entree,Mediterranean,"['ground turkey', 'olive oil', 'pasta', 'onion', 'parsley', 'garlic', 'parmesan']",10,20,30,2,easy,False,A light but satisfying dinner built around turkey with pasta.,1. Prep the ground turkey and gather the other ingredients. 2. Cook the pasta according to package directions. 3. Cook the ground turkey with olive oil and pasta until fully cooked. 4. Toss everything together with the cooked pasta and serve hot.,2
Herb Turkey Tacos,entree,American,"['ground turkey', 'olive oil', 'corn tortillas', 'eggplant', 'rosemary', 'butter', 'lime', 'cilantro']",10,10,20,2,easy,False,A savory weeknight entree built around turkey with tacos.,1. Prep the ground turkey and gather the other ingredients. 2. Warm the tortillas or wraps. 3. Cook the ground turkey with olive oil and corn tortillas until fully cooked. 4. Fill with the cooked ingredients and serve warm.,3
Garlic Turkey Tacos,entree,American,"['ground turkey', 'olive oil', 'cilantro']",12,10,22,2,easy,False,A hearty and simple main dish built around turkey with tacos.,1. Prep the ground turkey and gather the other ingredients. 2. Warm the tortillas or wraps. 3. Cook the ground turkey with olive oil and cilantro until fully cooked. 4. Fill with the cooked ingredients and serve warm.,1
Smoky Turkey Tacos,entree,American,"['ground turkey', 'olive oil', 'garlic powder', 'lime', 'cilantro']",10,10,20,6,easy,False,A comfort-food style dinner built around turkey with tacos.,1. Prep the ground turkey and gather the other ingredients. 2. Warm the tortillas or wraps. 3. Cook the ground turkey with olive oil and garlic powder until fully cooked. 4. Fill with the cooked ingredients and serve warm.,2
Lemon Pepper Turkey Tacos,entree,American,"['ground turkey', 'olive oil', 'thyme', 'garlic powder', 'lime', 'cilantro']",20,10,30,6,easy,False,A savory weeknight entree built around turkey with tacos.,1. Prep the ground turkey and gather the other ingredients. 2. Warm the tortillas or wraps. 3. Cook the ground turkey with olive oil and thyme until fully cooked. 4. Fill with the cooked ingredients and serve warm.,2
Roasted Turkey Tacos,entree,American,"['ground turkey', 'olive oil', 'corn tortillas', 'garlic powder', 'thyme', 'lime', 'cilantro']",10,10,20,2,easy,False,A hearty and simple main dish built around turkey with tacos.,1. Prep the ground turkey and gather the other ingredients. 2. Warm the tortillas or wraps. 3. Cook the ground turkey with olive oil and corn tortillas until fully cooked. 4. Fill with the cooked ingredients and serve warm.,2
Homestyle Turkey Tacos,entree,American,"['ground turkey', 'olive oil', 'corn tortillas', 'broccoli', 'carrot', 'snap peas', 'rosemary', 'lime', 'cilantro']",20,10,30,2,easy,False,A savory weeknight entree built around turkey with tacos.,1. Prep the ground turkey and gather the other ingredients. 2. Warm the tortillas or wraps. 3. Cook the ground turkey with olive oil and corn tortillas until fully cooked. 4. Fill with the cooked ingredients and serve warm.,3
Chipotle Turkey Tacos,entree,Mexican,"['ground turkey', 'olive oil', 'lime']",20,10,30,2,easy,False,A bold and zesty main dish built around turkey with tacos.,1. Prep the ground turkey and gather the other ingredients. 2. Warm the tortillas or wraps. 3. Cook the ground turkey with olive oil and lime until fully cooked. 4. Fill with the cooked ingredients and serve warm.,1
Cilantro Lime Turkey Tacos,entree,Mexican,"['ground turkey', 'olive oil', 'lime', 'cilantro']",18,10,28,2,easy,False,A family-friendly taco night style meal built around turkey with tacos.,1. Prep the ground turkey and gather the other ingredients. 2. Warm the tortillas or wraps. 3. Cook the ground turkey with olive oil and lime until fully cooked. 4. Fill with the cooked ingredients and serve warm.,1
Spicy Turkey Tacos,entree,Mexican,"['ground turkey', 'olive oil', 'chili powder', 'lime', 'cilantro']",20,10,30,4,easy,False,A bold and zesty main dish built around turkey with tacos.,1. Prep the ground turkey and gather the other ingredients. 2. Warm the tortillas or wraps. 3. Cook the ground turkey with olive oil and chili powder until fully cooked. 4. Fill with the cooked ingredients and serve warm.,2
Smoky Turkey Sweet Potato Tacos,entree,Mexican,"['ground turkey', 'olive oil', 'sweet potato', 'chili powder', 'lime', 'cilantro']",12,13,25,6,easy,False,A Mexican-inspired entree with bright flavors built around turkey with tacos.,1. Prep the ground turkey and gather the other ingredients. 2. Warm the tortillas or wraps. 3. Cook the ground turkey with olive oil and sweet potato until fully cooked. 4. Fill with the cooked ingredients and serve warm.,2
Salsa Verde Turkey Tacos,entree,Mexican,"['ground turkey', 'olive oil', 'corn tortillas', 'kale', 'cumin', 'lime', 'cilantro']",18,10,28,4,easy,False,A family-friendly taco night style meal built around turkey with tacos.,1. Prep the ground turkey and gather the other ingredients. 2. Warm the tortillas or wraps. 3. Cook the ground turkey with olive oil and corn tortillas until fully cooked. 4. Fill with the cooked ingredients and serve warm.,2
Southwest Turkey Tacos,entree,Mexican,"['ground turkey', 'olive oil', 'corn tortillas', 'spinach', 'onion', 'cumin', 'lime', 'cilantro']",12,18,30,6,easy,False,A family-friendly taco night style meal built around turkey with tacos.,1. Prep the ground turkey and gather the other ingredients. 2. Warm the tortillas or wraps. 3. Cook the ground turkey with olive oil and corn tortillas until fully cooked. 4. Fill with the cooked ingredients and serve warm.,3
Herb Turkey Salad,entree,American,"['ground turkey', 'olive oil', 'salt', 'black pepper', 'mixed greens', 'onion', 'bell pepper', 'thyme', 'garlic powder']",20,10,30,2,easy,False,A hearty and simple main dish built around turkey with salad.,1. Prep the ground turkey and gather the other ingredients. 2. Prepare the fresh ingredients and dressing. 3. Cook the ground turkey with olive oil and salt until fully cooked. 4. Toss everything together and serve.,3
Garlic Turkey Salad,entree,American,"['ground turkey', 'olive oil', 'salt', 'black pepper', 'mixed greens', 'corn', 'bell pepper', 'onion', 'paprika', 'butter']",10,10,20,2,easy,False,A hearty and simple main dish built around turkey with salad.,1. Prep the ground turkey and gather the other ingredients. 2. Prepare the fresh ingredients and dressing. 3. Cook the ground turkey with olive oil and salt until fully cooked. 4. Toss everything together and serve.,3
Smoky Turkey Salad,entree,American,"['ground turkey', 'olive oil', 'rosemary', 'parsley']",10,10,20,2,easy,False,A comfort-food style dinner built around turkey with salad.,1. Prep the ground turkey and gather the other ingredients. 2. Prepare the fresh ingredients and dressing. 3. Cook the ground turkey with olive oil and rosemary until fully cooked. 4. Toss everything together and serve.,1
Lemon Pepper Turkey Salad,entree,American,"['ground turkey', 'olive oil', 'mixed greens', 'thyme', 'parsley']",20,10,30,6,easy,False,A comfort-food style dinner built around turkey with salad.,1. Prep the ground turkey and gather the other ingredients. 2. Prepare the fresh ingredients and dressing. 3. Cook the ground turkey with olive oil and mixed greens until fully cooked. 4. Toss everything together and serve.,2
Roasted Turkey Salad,entree,American,"['ground turkey', 'olive oil', 'mixed greens', 'onion', 'butter', 'garlic powder']",15,10,25,6,easy,False,A savory weeknight entree built around turkey with salad.,1. Prep the ground turkey and gather the other ingredients. 2. Prepare the fresh ingredients and dressing. 3. Cook the ground turkey with olive oil and mixed greens until fully cooked. 4. Toss everything together and serve.,2
Homestyle Turkey Salad,entree,American,"['ground turkey', 'olive oil', 'mixed greens', 'corn', 'onion', 'paprika', 'garlic powder']",15,10,25,4,easy,False,A hearty and simple main dish built around turkey with salad.,1. Prep the ground turkey and gather the other ingredients. 2. Prepare the fresh ingredients and dressing. 3. Cook the ground turkey with olive oil and mixed greens until fully cooked. 4. Toss everything together and serve.,2
Lemon Herb Turkey Salad,entree,Mediterranean,"['ground turkey', 'olive oil', 'salt', 'black pepper', 'mixed greens', 'spinach', 'onion', 'lemon']",20,10,30,2,easy,False,A fresh and herb-forward main dish built around turkey with salad.,1. Prep the ground turkey and gather the other ingredients. 2. Prepare the fresh ingredients and dressing. 3. Cook the ground turkey with olive oil and salt until fully cooked. 4. Toss everything together and serve.,3
Mediterranean Turkey Salad,entree,Mediterranean,"['ground turkey', 'olive oil', 'oregano']",18,10,28,6,easy,False,A bright Mediterranean-style entree built around turkey with salad.,1. Prep the ground turkey and gather the other ingredients. 2. Prepare the fresh ingredients and dressing. 3. Cook the ground turkey with olive oil and oregano until fully cooked. 4. Toss everything together and serve.,1
Garlic Oregano Turkey Salad,entree,Mediterranean,"['ground turkey', 'olive oil', 'mixed greens', 'cauliflower', 'parsley']",15,10,25,2,easy,False,A light but satisfying dinner built around turkey with salad.,1. Prep the ground turkey and gather the other ingredients. 2. Prepare the fresh ingredients and dressing. 3. Cook the ground turkey with olive oil and mixed greens until fully cooked. 4. Toss everything together and serve.,2
Tomato Olive Turkey Salad,entree,Mediterranean,"['ground turkey', 'olive oil', 'mixed greens', 'broccoli', 'carrot', 'parsley']",15,10,25,6,easy,False,A light but satisfying dinner built around turkey with salad.,1. Prep the ground turkey and gather the other ingredients. 2. Prepare the fresh ingredients and dressing. 3. Cook the ground turkey with olive oil and mixed greens until fully cooked. 4. Toss everything together and serve.,2
Zesty Herb Turkey Salad,entree,Mediterranean,"['ground turkey', 'olive oil', 'mixed greens', 'kale', 'white beans', 'tomato', 'oregano']",18,10,28,6,easy,False,A light but satisfying dinner built around turkey with salad.,1. Prep the ground turkey and gather the other ingredients. 2. Prepare the fresh ingredients and dressing. 3. Cook the ground turkey with olive oil and mixed greens until fully cooked. 4. Toss everything together and serve.,2
Sun-Dried Tomato Turkey Salad,entree,Mediterranean,"['ground turkey', 'olive oil', 'salt', 'black pepper', 'mixed greens', 'sweet potato', 'onion', 'black beans', 'parsley']",15,10,25,4,easy,False,A fresh and herb-forward main dish built around turkey with salad.,1. Prep the ground turkey and gather the other ingredients. 2. Prepare the fresh ingredients and dressing. 3. Cook the ground turkey with olive oil and salt until fully cooked. 4. Toss everything together and serve.,3
Herb Turkey Soup,entree,American,"['ground turkey', 'olive oil', 'broth']",12,23,35,6,medium,False,A comfort-food style dinner built around turkey with soup.,"1. Prep the ground turkey and gather the other ingredients. 2. Simmer the ingredients in a pot until tender. 3. Cook the ground turkey with olive oil and broth until fully cooked. 4. Stir well, taste, and serve hot.",1
Garlic Turkey Soup,entree,American,"['ground turkey', 'olive oil', 'broth', 'garlic']",10,30,40,2,medium,False,A savory weeknight entree built around turkey with soup.,"1. Prep the ground turkey and gather the other ingredients. 2. Simmer the ingredients in a pot until tender. 3. Cook the ground turkey with olive oil and broth until fully cooked. 4. Stir well, taste, and serve hot.",1
Smoky Turkey Soup,entree,American,"['ground turkey', 'olive oil', 'broth', 'thyme', 'garlic']",18,22,40,4,medium,False,A savory weeknight entree built around turkey with soup.,"1. Prep the ground turkey and gather the other ingredients. 2. Simmer the ingredients in a pot until tender. 3. Cook the ground turkey with olive oil and broth until fully cooked. 4. Stir well, taste, and serve hot.",2
Lemon Pepper Turkey Soup,entree,American,"['ground turkey', 'olive oil', 'broth', 'cauliflower', 'garlic powder', 'garlic']",12,18,30,6,medium,False,A hearty and simple main dish built around turkey with soup.,"1. Prep the ground turkey and gather the other ingredients. 2. Simmer the ingredients in a pot until tender. 3. Cook the ground turkey with olive oil and broth until fully cooked. 4. Stir well, taste, and serve hot.",2
Roasted Turkey Soup,entree,American,"['ground turkey', 'olive oil', 'broth', 'eggplant', 'parsley', 'garlic powder', 'garlic']",20,25,45,4,medium,False,A hearty and simple main dish built around turkey with soup.,"1. Prep the ground turkey and gather the other ingredients. 2. Simmer the ingredients in a pot until tender. 3. Cook the ground turkey with olive oil and broth until fully cooked. 4. Stir well, taste, and serve hot.",2
Homestyle Turkey Soup,entree,American,"['ground turkey', 'olive oil', 'broth', 'broccoli', 'carrot', 'butter', 'paprika', 'garlic']",12,33,45,4,medium,False,A comfort-food style dinner built around turkey with soup.,"1. Prep the ground turkey and gather the other ingredients. 2. Simmer the ingredients in a pot until tender. 3. Cook the ground turkey with olive oil and broth until fully cooked. 4. Stir well, taste, and serve hot.",3
Lemon Herb Turkey Soup,entree,Mediterranean,"['ground turkey', 'olive oil', 'broth', 'sweet potato', 'onion', 'black beans', 'oregano', 'cucumber', 'garlic']",12,28,40,6,medium,False,A bright Mediterranean-style entree built around turkey with soup.,"1. Prep the ground turkey and gather the other ingredients. 2. Simmer the ingredients in a pot until tender. 3. Cook the ground turkey with olive oil and broth until fully cooked. 4. Stir well, taste, and serve hot.",3
Mediterranean Turkey Soup,entree,Mediterranean,"['ground turkey', 'olive oil', 'salt', 'black pepper', 'broth', 'eggplant', 'tomato', 'zucchini', 'feta', 'garlic']",12,33,45,2,medium,False,A bright Mediterranean-style entree built around turkey with soup.,"1. Prep the ground turkey and gather the other ingredients. 2. Simmer the ingredients in a pot until tender. 3. Cook the ground turkey with olive oil and salt until fully cooked. 4. Stir well, taste, and serve hot.",3
Garlic Oregano Turkey Soup,entree,Mediterranean,"['ground turkey', 'olive oil', 'broth', 'garlic']",20,10,30,4,medium,False,A fresh and herb-forward main dish built around turkey with soup.,"1. Prep the ground turkey and gather the other ingredients. 2. Simmer the ingredients in a pot until tender. 3. Cook the ground turkey with olive oil and broth until fully cooked. 4. Stir well, taste, and serve hot.",1
Tomato Olive Turkey Soup,entree,Mediterranean,"['ground turkey', 'olive oil', 'broth', 'oregano', 'garlic']",15,15,30,4,medium,False,A fresh and herb-forward main dish built around turkey with soup.,"1. Prep the ground turkey and gather the other ingredients. 2. Simmer the ingredients in a pot until tender. 3. Cook the ground turkey with olive oil and broth until fully cooked. 4. Stir well, taste, and serve hot.",2
Zesty Herb Turkey Soup,entree,Mediterranean,"['ground turkey', 'olive oil', 'broth', 'eggplant', 'feta', 'garlic']",15,25,40,4,medium,False,A fresh and herb-forward main dish built around turkey with soup.,"1. Prep the ground turkey and gather the other ingredients. 2. Simmer the ingredients in a pot until tender. 3. Cook the ground turkey with olive oil and broth until fully cooked. 4. Stir well, taste, and serve hot.",2
Sun-Dried Tomato Turkey Soup,entree,Mediterranean,"['ground turkey', 'olive oil', 'broth', 'cabbage', 'carrot', 'parsley', 'garlic']",18,22,40,2,medium,False,A light but satisfying dinner built around turkey with soup.,"1. Prep the ground turkey and gather the other ingredients. 2. Simmer the ingredients in a pot until tender. 3. Cook the ground turkey with olive oil and broth until fully cooked. 4. Stir well, taste, and serve hot.",2
Ginger Garlic Turkey Soup,entree,Asian,"['ground turkey', 'olive oil', 'broth', 'eggplant', 'tomato', 'zucchini', 'green onion', 'garlic']",15,20,35,6,medium,False,A savory umami-forward main dish built around turkey with soup.,"1. Prep the ground turkey and gather the other ingredients. 2. Simmer the ingredients in a pot until tender. 3. Cook the ground turkey with olive oil and broth until fully cooked. 4. Stir well, taste, and serve hot.",3
Sesame Turkey Soup,entree,Asian,"['ground turkey', 'olive oil', 'broth']",18,17,35,2,medium,False,A savory umami-forward main dish built around turkey with soup.,"1. Prep the ground turkey and gather the other ingredients. 2. Simmer the ingredients in a pot until tender. 3. Cook the ground turkey with olive oil and broth until fully cooked. 4. Stir well, taste, and serve hot.",1
Soy Glazed Turkey Soup,entree,Asian,"['ground turkey', 'olive oil', 'broth', 'onion', 'garlic']",12,28,40,2,medium,False,A savory umami-forward main dish built around turkey with soup.,"1. Prep the ground turkey and gather the other ingredients. 2. Simmer the ingredients in a pot until tender. 3. Cook the ground turkey with olive oil and broth until fully cooked. 4. Stir well, taste, and serve hot.",2
Sweet Chili Turkey Soup,entree,Asian,"['ground turkey', 'olive oil', 'broth', 'onion', 'ginger', 'garlic']",15,30,45,4,medium,False,A takeout-style dinner made at home built around turkey with soup.,"1. Prep the ground turkey and gather the other ingredients. 2. Simmer the ingredients in a pot until tender. 3. Cook the ground turkey with olive oil and broth until fully cooked. 4. Stir well, taste, and serve hot.",2
Teriyaki Turkey Soup,entree,Asian,"['ground turkey', 'olive oil', 'broth', 'cauliflower', 'carrot', 'peas', 'garlic']",18,27,45,4,medium,False,A savory umami-forward main dish built around turkey with soup.,"1. Prep the ground turkey and gather the other ingredients. 2. Simmer the ingredients in a pot until tender. 3. Cook the ground turkey with olive oil and broth until fully cooked. 4. Stir well, taste, and serve hot.",2
Scallion Turkey Soup,entree,Asian,"['ground turkey', 'olive oil', 'broth', 'sweet potato', 'onion', 'black beans', 'ginger', 'rice vinegar', 'garlic']",15,30,45,2,medium,False,A takeout-style dinner made at home built around turkey with soup.,"1. Prep the ground turkey and gather the other ingredients. 2. Simmer the ingredients in a pot until tender. 3. Cook the ground turkey with olive oil and broth until fully cooked. 4. Stir well, taste, and serve hot.",3
Herb Turkey Sheet Pan Dinner,entree,American,"['ground turkey', 'olive oil', 'paprika']",10,35,45,4,easy,False,A comfort-food style dinner built around turkey with sheet pan dinner.,1. Prep the ground turkey and gather the other ingredients. 2. Heat a pan over medium heat. 3. Cook the ground turkey with olive oil and paprika until fully cooked. 4. Combine everything and serve hot.,1
Garlic Turkey Sheet Pan Dinner,entree,American,"['ground turkey', 'olive oil', 'parsley', 'butter']",20,15,35,2,easy,False,A hearty and simple main dish built around turkey with sheet pan dinner.,1. Prep the ground turkey and gather the other ingredients. 2. Heat a pan over medium heat. 3. Cook the ground turkey with olive oil and parsley until fully cooked. 4. Combine everything and serve hot.,1
Smoky Turkey Sheet Pan Dinner,entree,American,"['ground turkey', 'olive oil', 'onion', 'bell pepper', 'rosemary']",20,20,40,6,easy,False,A comfort-food style dinner built around turkey with sheet pan dinner.,1. Prep the ground turkey and gather the other ingredients. 2. Heat a pan over medium heat. 3. Cook the ground turkey with olive oil and onion until fully cooked. 4. Combine everything and serve hot.,2
Lemon Pepper Turkey Sheet Pan Dinner,entree,American,"['ground turkey', 'olive oil', 'onion', 'bell pepper', 'paprika', 'thyme']",15,25,40,2,easy,False,A hearty and simple main dish built around turkey with sheet pan dinner.,1. Prep the ground turkey and gather the other ingredients. 2. Heat a pan over medium heat. 3. Cook the ground turkey with olive oil and onion until fully cooked. 4. Combine everything and serve hot.,2
Roasted Turkey Sheet Pan Dinner,entree,American,"['ground turkey', 'olive oil', 'onion', 'bell pepper', 'cabbage', 'paprika', 'garlic powder']",15,25,40,6,easy,False,A hearty and simple main dish built around turkey with sheet pan dinner.,1. Prep the ground turkey and gather the other ingredients. 2. Heat a pan over medium heat. 3. Cook the ground turkey with olive oil and onion until fully cooked. 4. Combine everything and serve hot.,2
Homestyle Turkey Sheet Pan Dinner,entree,American,"['ground turkey', 'olive oil', 'onion', 'bell pepper', 'spinach', 'tomato', 'butter', 'thyme']",20,15,35,6,easy,False,A savory weeknight entree built around turkey with sheet pan dinner.,1. Prep the ground turkey and gather the other ingredients. 2. Heat a pan over medium heat. 3. Cook the ground turkey with olive oil and onion until fully cooked. 4. Combine everything and serve hot.,3
Lemon Herb Turkey Sheet Pan Dinner,entree,Mediterranean,"['ground turkey', 'olive oil', 'salt', 'black pepper', 'onion', 'bell pepper', 'corn', 'oregano', 'lemon']",20,10,30,4,easy,False,A light but satisfying dinner built around turkey with sheet pan dinner.,1. Prep the ground turkey and gather the other ingredients. 2. Heat a pan over medium heat. 3. Cook the ground turkey with olive oil and salt until fully cooked. 4. Combine everything and serve hot.,3
Mediterranean Turkey Sheet Pan Dinner,entree,Mediterranean,"['ground turkey', 'olive oil', 'salt', 'black pepper', 'onion', 'bell pepper', 'zucchini', 'cucumber', 'olives']",10,20,30,4,easy,False,A light but satisfying dinner built around turkey with sheet pan dinner.,1. Prep the ground turkey and gather the other ingredients. 2. Heat a pan over medium heat. 3. Cook the ground turkey with olive oil and salt until fully cooked. 4. Combine everything and serve hot.,3
Garlic Oregano Turkey Sheet Pan Dinner,entree,Mediterranean,"['ground turkey', 'olive oil', 'lemon', 'feta']",18,12,30,6,easy,False,A bright Mediterranean-style entree built around turkey with sheet pan dinner.,1. Prep the ground turkey and gather the other ingredients. 2. Heat a pan over medium heat. 3. Cook the ground turkey with olive oil and lemon until fully cooked. 4. Combine everything and serve hot.,1
Tomato Olive Turkey Sheet Pan Dinner,entree,Mediterranean,"['ground turkey', 'olive oil', 'onion', 'bell pepper', 'oregano']",18,22,40,6,easy,False,A light but satisfying dinner built around turkey with sheet pan dinner.,1. Prep the ground turkey and gather the other ingredients. 2. Heat a pan over medium heat. 3. Cook the ground turkey with olive oil and onion until fully cooked. 4. Combine everything and serve hot.,2
Zesty Herb Turkey Sheet Pan Dinner,entree,Mediterranean,"['ground turkey', 'olive oil', 'onion', 'bell pepper', 'oregano', 'parsley']",12,33,45,6,easy,False,A bright Mediterranean-style entree built around turkey with sheet pan dinner.,1. Prep the ground turkey and gather the other ingredients. 2. Heat a pan over medium heat. 3. Cook the ground turkey with olive oil and onion until fully cooked. 4. Combine everything and serve hot.,2
Sun-Dried Tomato Turkey Sheet Pan Dinner,entree,Mediterranean,"['ground turkey', 'olive oil', 'onion', 'bell pepper', 'spinach', 'oregano', 'parsley']",20,10,30,2,easy,False,A bright Mediterranean-style entree built around turkey with sheet pan dinner.,1. Prep the ground turkey and gather the other ingredients. 2. Heat a pan over medium heat. 3. Cook the ground turkey with olive oil and onion until fully cooked. 4. Combine everything and serve hot.,2
Herb Turkey Skillet,entree,American,"['ground turkey', 'olive oil', 'onion', 'garlic', 'broccoli', 'carrot', 'paprika', 'butter']",18,17,35,6,easy,False,A hearty and simple main dish built around turkey with skillet.,1. Prep the ground turkey and gather the other ingredients. 2. Heat a pan over medium heat. 3. Cook the ground turkey with olive oil and onion until fully cooked. 4. Combine everything and serve hot.,3
Garlic Turkey Skillet,entree,American,"['ground turkey', 'olive oil', 'garlic powder']",20,10,30,2,easy,False,A comfort-food style dinner built around turkey with skillet.,1. Prep the ground turkey and gather the other ingredients. 2. Heat a pan over medium heat. 3. Cook the ground turkey with olive oil and garlic powder until fully cooked. 4. Combine everything and serve hot.,1
Smoky Turkey Skillet,entree,American,"['ground turkey', 'olive oil', 'onion', 'garlic', 'thyme']",12,10,22,4,easy,False,A comfort-food style dinner built around turkey with skillet.,1. Prep the ground turkey and gather the other ingredients. 2. Heat a pan over medium heat. 3. Cook the ground turkey with olive oil and onion until fully cooked. 4. Combine everything and serve hot.,2
Lemon Pepper Turkey Skillet,entree,American,"['ground turkey', 'olive oil', 'onion', 'garlic', 'butter', 'garlic powder']",15,10,25,4,easy,False,A comfort-food style dinner built around turkey with skillet.,1. Prep the ground turkey and gather the other ingredients. 2. Heat a pan over medium heat. 3. Cook the ground turkey with olive oil and onion until fully cooked. 4. Combine everything and serve hot.,2
Roasted Turkey Skillet,entree,American,"['ground turkey', 'olive oil', 'onion', 'garlic', 'corn', 'bell pepper', 'garlic powder']",12,23,35,6,easy,False,A savory weeknight entree built around turkey with skillet.,1. Prep the ground turkey and gather the other ingredients. 2. Heat a pan over medium heat. 3. Cook the ground turkey with olive oil and onion until fully cooked. 4. Combine everything and serve hot.,2
Homestyle Turkey Skillet,entree,American,"['ground turkey', 'olive oil', 'onion', 'garlic', 'eggplant', 'tomato', 'zucchini', 'garlic powder', 'butter']",12,13,25,2,easy,False,A savory weeknight entree built around turkey with skillet.,1. Prep the ground turkey and gather the other ingredients. 2. Heat a pan over medium heat. 3. Cook the ground turkey with olive oil and onion until fully cooked. 4. Combine everything and serve hot.,3
Chipotle Turkey Skillet,entree,Mexican,"['ground turkey', 'olive oil', 'garlic']",12,18,30,2,easy,False,A Mexican-inspired entree with bright flavors built around turkey with skillet.,1. Prep the ground turkey and gather the other ingredients. 2. Heat a pan over medium heat. 3. Cook the ground turkey with olive oil and garlic until fully cooked. 4. Combine everything and serve hot.,1
Cilantro Lime Turkey Skillet,entree,Mexican,"['ground turkey', 'olive oil', 'garlic', 'chili powder']",15,20,35,2,easy,False,A bold and zesty main dish built around turkey with skillet.,1. Prep the ground turkey and gather the other ingredients. 2. Heat a pan over medium heat. 3. Cook the ground turkey with olive oil and garlic until fully cooked. 4. Combine everything and serve hot.,1
Spicy Turkey Skillet,entree,Mexican,"['ground turkey', 'olive oil', 'onion', 'garlic', 'corn']",20,10,30,4,easy,False,A Mexican-inspired entree with bright flavors built around turkey with skillet.,1. Prep the ground turkey and gather the other ingredients. 2. Heat a pan over medium heat. 3. Cook the ground turkey with olive oil and onion until fully cooked. 4. Combine everything and serve hot.,2
Smoky Turkey Corn Skillet,entree,Mexican,"['ground turkey', 'olive oil', 'onion', 'garlic', 'corn', 'chili powder']",10,15,25,2,easy,False,A bold and zesty main dish built around turkey with skillet.,1. Prep the ground turkey and gather the other ingredients. 2. Heat a pan over medium heat. 3. Cook the ground turkey with olive oil and onion until fully cooked. 4. Combine everything and serve hot.,2
Salsa Verde Turkey Skillet,entree,Mexican,"['ground turkey', 'olive oil', 'onion', 'garlic', 'spinach', 'cumin', 'chili powder']",12,10,22,4,easy,False,A Mexican-inspired entree with bright flavors built around turkey with skillet.,1. Prep the ground turkey and gather the other ingredients. 2. Heat a pan over medium heat. 3. Cook the ground turkey with olive oil and onion until fully cooked. 4. Combine everything and serve hot.,2
Southwest Turkey Skillet,entree,Mexican,"['ground turkey', 'olive oil', 'onion', 'garlic', 'cabbage', 'carrot', 'cumin', 'lime']",15,20,35,4,easy,False,A Mexican-inspired entree with bright flavors built around turkey with skillet.,1. Prep the ground turkey and gather the other ingredients. 2. Heat a pan over medium heat. 3. Cook the ground turkey with olive oil and onion until fully cooked. 4. Combine everything and serve hot.,3
Ginger Garlic Turkey Skillet,entree,Asian,"['ground turkey', 'olive oil', 'onion', 'garlic', 'broccoli', 'carrot', 'snap peas', 'ginger', 'green onion']",15,10,25,4,easy,False,A quick Asian-inspired entree built around turkey with skillet.,1. Prep the ground turkey and gather the other ingredients. 2. Heat a pan over medium heat. 3. Cook the ground turkey with olive oil and onion until fully cooked. 4. Combine everything and serve hot.,3
Sesame Turkey Skillet,entree,Asian,"['ground turkey', 'olive oil', 'salt', 'black pepper', 'onion', 'garlic', 'eggplant', 'tomato', 'zucchini', 'sesame oil']",12,23,35,2,easy,False,A savory umami-forward main dish built around turkey with skillet.,1. Prep the ground turkey and gather the other ingredients. 2. Heat a pan over medium heat. 3. Cook the ground turkey with olive oil and salt until fully cooked. 4. Combine everything and serve hot.,3
Soy Glazed Turkey Skillet,entree,Asian,"['ground turkey', 'olive oil', 'onion', 'garlic']",12,13,25,6,easy,False,A quick Asian-inspired entree built around turkey with skillet.,1. Prep the ground turkey and gather the other ingredients. 2. Heat a pan over medium heat. 3. Cook the ground turkey with olive oil and onion until fully cooked. 4. Combine everything and serve hot.,1
Sweet Chili Turkey Skillet,entree,Asian,"['ground turkey', 'olive oil', 'onion', 'garlic', 'soy sauce']",20,10,30,6,easy,False,A savory umami-forward main dish built around turkey with skillet.,"1. Prep the ground turkey and gather the other ingredients. 2. Simmer the ingredients in a pot until tender. 3. Cook the ground turkey with olive oil and onion until fully cooked. 4. Stir well, taste, and serve hot.",2
Teriyaki Turkey Skillet,entree,Asian,"['ground turkey', 'olive oil', 'onion', 'garlic', 'eggplant', 'tomato']",12,13,25,4,easy,False,A savory umami-forward main dish built around turkey with skillet.,1. Prep the ground turkey and gather the other ingredients. 2. Heat a pan over medium heat. 3. Cook the ground turkey with olive oil and onion until fully cooked. 4. Combine everything and serve hot.,2
Scallion Turkey Skillet,entree,Asian,"['ground turkey', 'olive oil', 'onion', 'garlic', 'mushrooms', 'peas', 'honey']",18,10,28,4,easy,False,A savory umami-forward main dish built around turkey with skillet.,1. Prep the ground turkey and gather the other ingredients. 2. Heat a pan over medium heat. 3. Cook the ground turkey with olive oil and onion until fully cooked. 4. Combine everything and serve hot.,2
Ginger Garlic Turkey Curry,entree,Asian,"['ground turkey', 'olive oil', 'onion', 'garlic', 'coconut milk', 'cabbage', 'soy sauce', 'ginger']",18,17,35,6,medium,False,A savory umami-forward main dish built around turkey with curry.,1. Prep the ground turkey and gather the other ingredients. 2. Heat a pan over medium heat. 3. Cook the ground turkey with olive oil and onion until fully cooked. 4. Combine everything and serve hot.,3
Sesame Turkey Curry,entree,Asian,"['ground turkey', 'olive oil', 'ginger']",15,20,35,4,medium,False,A takeout-style dinner made at home built around turkey with curry.,1. Prep the ground turkey and gather the other ingredients. 2. Heat a pan over medium heat. 3. Cook the ground turkey with olive oil and ginger until fully cooked. 4. Combine everything and serve hot.,1
Soy Glazed Turkey Curry,entree,Asian,"['ground turkey', 'olive oil', 'coconut milk', 'soy sauce', 'ginger']",10,20,30,6,medium,False,A savory umami-forward main dish built around turkey with curry.,1. Prep the ground turkey and gather the other ingredients. 2. Heat a pan over medium heat. 3. Cook the ground turkey with olive oil and coconut milk until fully cooked. 4. Combine everything and serve hot.,2
Sweet Chili Turkey Curry,entree,Asian,"['ground turkey', 'olive oil', 'onion', 'garlic', 'coconut milk', 'ginger']",20,15,35,4,medium,False,A quick Asian-inspired entree built around turkey with curry.,"1. Prep the ground turkey and gather the other ingredients. 2. Simmer the ingredients in a pot until tender. 3. Cook the ground turkey with olive oil and onion until fully cooked. 4. Stir well, taste, and serve hot.",2
Teriyaki Turkey Curry,entree,Asian,"['ground turkey', 'olive oil', 'onion', 'garlic', 'coconut milk', 'corn', 'ginger']",12,23,35,4,medium,False,A quick Asian-inspired entree built around turkey with curry.,1. Prep the ground turkey and gather the other ingredients. 2. Heat a pan over medium heat. 3. Cook the ground turkey with olive oil and onion until fully cooked. 4. Combine everything and serve hot.,2
Scallion Turkey Curry,entree,Asian,"['ground turkey', 'olive oil', 'onion', 'garlic', 'coconut milk', 'broccoli', 'carrot', 'snap peas', 'ginger']",15,25,40,2,medium,False,A quick Asian-inspired entree built around turkey with curry.,1. Prep the ground turkey and gather the other ingredients. 2. Heat a pan over medium heat. 3. Cook the ground turkey with olive oil and onion until fully cooked. 4. Combine everything and serve hot.,3
Ginger Garlic Turkey Stir-Fry,entree,Asian,"['ground turkey', 'olive oil', 'garlic']",15,10,25,6,easy,False,A savory umami-forward main dish built around turkey with stir-fry.,1. Prep the ground turkey and gather the other ingredients. 2. Heat a skillet or wok over medium-high heat. 3. Cook the ground turkey with olive oil and garlic until fully cooked. 4. Stir-fry everything until cooked through and serve hot.,1
Sesame Turkey Stir-Fry,entree,Asian,"['ground turkey', 'olive oil', 'onion', 'garlic']",18,10,28,4,easy,False,A quick Asian-inspired entree built around turkey with stir-fry.,1. Prep the ground turkey and gather the other ingredients. 2. Heat a skillet or wok over medium-high heat. 3. Cook the ground turkey with olive oil and onion until fully cooked. 4. Stir-fry everything until cooked through and serve hot.,1
Soy Glazed Turkey Stir-Fry,entree,Asian,"['ground turkey', 'olive oil', 'bell pepper', 'onion', 'garlic']",15,15,30,2,easy,False,A takeout-style dinner made at home built around turkey with stir-fry.,1. Prep the ground turkey and gather the other ingredients. 2. Heat a skillet or wok over medium-high heat. 3. Cook the ground turkey with olive oil and bell pepper until fully cooked. 4. Stir-fry everything until cooked through and serve hot.,2
Sweet Chili Turkey Stir-Fry,entree,Asian,"['ground turkey', 'olive oil', 'bell pepper', 'onion', 'soy sauce', 'garlic']",18,10,28,6,easy,False,A quick Asian-inspired entree built around turkey with stir-fry.,"1. Prep the ground turkey and gather the other ingredients. 2. Simmer the ingredients in a pot until tender. 3. Cook the ground turkey with olive oil and bell pepper until fully cooked. 4. Stir well, taste, and serve hot.",2
Teriyaki Turkey Stir-Fry,entree,Asian,"['ground turkey', 'olive oil', 'bell pepper', 'onion', 'spinach', 'ginger', 'garlic']",15,10,25,6,easy,False,A takeout-style dinner made at home built around turkey with stir-fry.,1. Prep the ground turkey and gather the other ingredients. 2. Heat a skillet or wok over medium-high heat. 3. Cook the ground turkey with olive oil and bell pepper until fully cooked. 4. Stir-fry everything until cooked through and serve hot.,2
Scallion Turkey Stir-Fry,entree,Asian,"['ground turkey', 'olive oil', 'bell pepper', 'onion', 'zucchini', 'green onion', 'ginger', 'garlic']",20,10,30,4,easy,False,A quick Asian-inspired entree built around turkey with stir-fry.,1. Prep the ground turkey and gather the other ingredients. 2. Heat a skillet or wok over medium-high heat. 3. Cook the ground turkey with olive oil and bell pepper until fully cooked. 4. Stir-fry everything until cooked through and serve hot.,3
Herb Turkey Wrap,entree,American,"['ground turkey', 'olive oil', 'flour tortillas', 'cauliflower', 'carrot', 'paprika', 'rosemary', 'lime', 'cilantro']",10,10,20,6,easy,False,A comfort-food style dinner built around turkey with wrap.,1. Prep the ground turkey and gather the other ingredients. 2. Warm the tortillas or wraps. 3. Cook the ground turkey with olive oil and flour tortillas until fully cooked. 4. Fill with the cooked ingredients and serve warm.,3
Garlic Turkey Wrap,entree,American,"['ground turkey', 'olive oil', 'flour tortillas', 'spinach', 'tomato', 'onion', 'butter', 'paprika', 'lime', 'cilantro']",20,10,30,6,easy,False,A comfort-food style dinner built around turkey with wrap.,1. Prep the ground turkey and gather the other ingredients. 2. Warm the tortillas or wraps. 3. Cook the ground turkey with olive oil and flour tortillas until fully cooked. 4. Fill with the cooked ingredients and serve warm.,3
Smoky Turkey Wrap,entree,American,"['ground turkey', 'olive oil', 'lime', 'cilantro']",20,10,30,2,easy,False,A savory weeknight entree built around turkey with wrap.,1. Prep the ground turkey and gather the other ingredients. 2. Warm the tortillas or wraps. 3. Cook the ground turkey with olive oil and lime until fully cooked. 4. Fill with the cooked ingredients and serve warm.,1
Lemon Pepper Turkey Wrap,entree,American,"['ground turkey', 'olive oil', 'butter', 'lime', 'cilantro']",20,10,30,2,easy,False,A comfort-food style dinner built around turkey with wrap.,1. Prep the ground turkey and gather the other ingredients. 2. Warm the tortillas or wraps. 3. Cook the ground turkey with olive oil and butter until fully cooked. 4. Fill with the cooked ingredients and serve warm.,2
Roasted Turkey Wrap,entree,American,"['ground turkey', 'olive oil', 'garlic powder', 'thyme', 'lime', 'cilantro']",12,10,22,6,easy,False,A savory weeknight entree built around turkey with wrap.,1. Prep the ground turkey and gather the other ingredients. 2. Warm the tortillas or wraps. 3. Cook the ground turkey with olive oil and garlic powder until fully cooked. 4. Fill with the cooked ingredients and serve warm.,2
Homestyle Turkey Wrap,entree,American,"['ground turkey', 'olive oil', 'flour tortillas', 'onion', 'parsley', 'lime', 'cilantro']",18,10,28,4,easy,False,A comfort-food style dinner built around turkey with wrap.,1. Prep the ground turkey and gather the other ingredients. 2. Warm the tortillas or wraps. 3. Cook the ground turkey with olive oil and flour tortillas until fully cooked. 4. Fill with the cooked ingredients and serve warm.,2
Chipotle Turkey Wrap,entree,Mexican,"['ground turkey', 'olive oil', 'flour tortillas', 'broccoli', 'cumin', 'chili powder', 'lime', 'cilantro']",18,10,28,6,easy,False,A family-friendly taco night style meal built around turkey with wrap.,1. Prep the ground turkey and gather the other ingredients. 2. Warm the tortillas or wraps. 3. Cook the ground turkey with olive oil and flour tortillas until fully cooked. 4. Fill with the cooked ingredients and serve warm.,3
Cilantro Lime Turkey Wrap,entree,Mexican,"['ground turkey', 'olive oil', 'cilantro']",12,13,25,6,easy,False,A family-friendly taco night style meal built around turkey with wrap.,1. Prep the ground turkey and gather the other ingredients. 2. Warm the tortillas or wraps. 3. Cook the ground turkey with olive oil and cilantro until fully cooked. 4. Fill with the cooked ingredients and serve warm.,1
Spicy Turkey Wrap,entree,Mexican,"['ground turkey', 'olive oil', 'chili powder', 'lime', 'cilantro']",12,10,22,6,easy,False,A family-friendly taco night style meal built around turkey with wrap.,1. Prep the ground turkey and gather the other ingredients. 2. Warm the tortillas or wraps. 3. Cook the ground turkey with olive oil and chili powder until fully cooked. 4. Fill with the cooked ingredients and serve warm.,2
Smoky Turkey Cauliflower Wrap,entree,Mexican,"['ground turkey', 'olive oil', 'flour tortillas', 'cauliflower', 'cilantro', 'lime']",12,10,22,6,easy,False,A Mexican-inspired entree with bright flavors built around turkey with wrap.,1. Prep the ground turkey and gather the other ingredients. 2. Warm the tortillas or wraps. 3. Cook the ground turkey with olive oil and flour tortillas until fully cooked. 4. Fill with the cooked ingredients and serve warm.,2
Salsa Verde Turkey Wrap,entree,Mexican,"['ground turkey', 'olive oil', 'flour tortillas', 'mushrooms', 'onion', 'lime', 'cilantro']",15,10,25,4,easy,False,A bold and zesty main dish built around turkey with wrap.,1. Prep the ground turkey and gather the other ingredients. 2. Warm the tortillas or wraps. 3. Cook the ground turkey with olive oil and flour tortillas until fully cooked. 4. Fill with the cooked ingredients and serve warm.,2
Southwest Turkey Wrap,entree,Mexican,"['ground turkey', 'olive oil', 'flour tortillas', 'mushrooms', 'onion', 'peas', 'cumin', 'lime', 'cilantro']",12,10,22,6,easy,False,A family-friendly taco night style meal built around turkey with wrap.,1. Prep the ground turkey and gather the other ingredients. 2. Warm the tortillas or wraps. 3. Cook the ground turkey with olive oil and flour tortillas until fully cooked. 4. Fill with the cooked ingredients and serve warm.,3
Lemon Herb Turkey Wrap,entree,Mediterranean,"['ground turkey', 'olive oil', 'cilantro']",12,10,22,2,easy,False,A light but satisfying dinner built around turkey with wrap.,1. Prep the ground turkey and gather the other ingredients. 2. Warm the tortillas or wraps. 3. Cook the ground turkey with olive oil and cilantro until fully cooked. 4. Fill with the cooked ingredients and serve warm.,1
Mediterranean Turkey Wrap,entree,Mediterranean,"['ground turkey', 'olive oil', 'lime', 'cilantro']",15,10,25,2,easy,False,A light but satisfying dinner built around turkey with wrap.,1. Prep the ground turkey and gather the other ingredients. 2. Warm the tortillas or wraps. 3. Cook the ground turkey with olive oil and lime until fully cooked. 4. Fill with the cooked ingredients and serve warm.,1
Garlic Oregano Turkey Wrap,entree,Mediterranean,"['ground turkey', 'olive oil', 'parsley', 'lime', 'cilantro']",12,10,22,6,easy,False,A bright Mediterranean-style entree built around turkey with wrap.,1. Prep the ground turkey and gather the other ingredients. 2. Warm the tortillas or wraps. 3. Cook the ground turkey with olive oil and parsley until fully cooked. 4. Fill with the cooked ingredients and serve warm.,2
Tomato Olive Turkey Wrap,entree,Mediterranean,"['ground turkey', 'olive oil', 'flour tortillas', 'cabbage', 'lime', 'cilantro']",12,10,22,6,easy,False,A fresh and herb-forward main dish built around turkey with wrap.,1. Prep the ground turkey and gather the other ingredients. 2. Warm the tortillas or wraps. 3. Cook the ground turkey with olive oil and flour tortillas until fully cooked. 4. Fill with the cooked ingredients and serve warm.,2
Zesty Herb Turkey Wrap,entree,Mediterranean,"['ground turkey', 'olive oil', 'flour tortillas', 'onion', 'oregano', 'lime', 'cilantro']",10,10,20,2,easy,False,A fresh and herb-forward main dish built around turkey with wrap.,1. Prep the ground turkey and gather the other ingredients. 2. Warm the tortillas or wraps. 3. Cook the ground turkey with olive oil and flour tortillas until fully cooked. 4. Fill with the cooked ingredients and serve warm.,2
Sun-Dried Tomato Turkey Wrap,entree,Mediterranean,"['ground turkey', 'olive oil', 'flour tortillas', 'eggplant', 'oregano', 'lemon', 'lime', 'cilantro']",10,10,20,4,easy,False,A bright Mediterranean-style entree built around turkey with wrap.,1. Prep the ground turkey and gather the other ingredients. 2. Warm the tortillas or wraps. 3. Cook the ground turkey with olive oil and flour tortillas until fully cooked. 4. Fill with the cooked ingredients and serve warm.,3
Herb Turkey Grain Bowl,entree,American,"['ground turkey', 'olive oil', 'quinoa', 'broccoli', 'carrot', 'snap peas', 'parsley', 'thyme', 'garlic']",18,10,28,2,easy,False,A hearty and simple main dish built around turkey with grain bowl.,1. Prep the ground turkey and gather the other ingredients. 2. Cook the rice or grain until tender. 3. Cook the ground turkey with olive oil and quinoa until fully cooked. 4. Layer everything in a bowl and serve hot.,3
Garlic Turkey Grain Bowl,entree,American,"['ground turkey', 'olive oil', 'salt', 'black pepper', 'quinoa', 'eggplant', 'tomato', 'rosemary', 'butter', 'garlic']",15,15,30,2,easy,False,A comfort-food style dinner built around turkey with grain bowl.,1. Prep the ground turkey and gather the other ingredients. 2. Cook the rice or grain until tender. 3. Cook the ground turkey with olive oil and salt until fully cooked. 4. Layer everything in a bowl and serve hot.,3
Smoky Turkey Grain Bowl,entree,American,"['ground turkey', 'olive oil', 'quinoa', 'garlic']",18,17,35,2,easy,False,A comfort-food style dinner built around turkey with grain bowl.,1. Prep the ground turkey and gather the other ingredients. 2. Cook the rice or grain until tender. 3. Cook the ground turkey with olive oil and quinoa until fully cooked. 4. Layer everything in a bowl and serve hot.,1
Lemon Pepper Turkey Grain Bowl,entree,American,"['ground turkey', 'olive oil', 'quinoa', 'butter', 'garlic']",15,10,25,6,easy,False,A hearty and simple main dish built around turkey with grain bowl.,1. Prep the ground turkey and gather the other ingredients. 2. Cook the rice or grain until tender. 3. Cook the ground turkey with olive oil and quinoa until fully cooked. 4. Layer everything in a bowl and serve hot.,2
Roasted Turkey Grain Bowl,entree,American,"['ground turkey', 'olive oil', 'quinoa', 'rosemary', 'paprika', 'garlic']",20,10,30,2,easy,False,A hearty and simple main dish built around turkey with grain bowl.,1. Prep the ground turkey and gather the other ingredients. 2. Cook the rice or grain until tender. 3. Cook the ground turkey with olive oil and quinoa until fully cooked. 4. Layer everything in a bowl and serve hot.,2
Homestyle Turkey Grain Bowl,entree,American,"['ground turkey', 'olive oil', 'quinoa', 'broccoli', 'parsley', 'thyme', 'garlic']",20,10,30,6,easy,False,A savory weeknight entree built around turkey with grain bowl.,1. Prep the ground turkey and gather the other ingredients. 2. Cook the rice or grain until tender. 3. Cook the ground turkey with olive oil and quinoa until fully cooked. 4. Layer everything in a bowl and serve hot.,2
Lemon Herb Turkey Grain Bowl,entree,Mediterranean,"['ground turkey', 'olive oil', 'quinoa', 'broccoli', 'carrot', 'snap peas', 'oregano', 'garlic']",10,10,20,4,easy,False,A bright Mediterranean-style entree built around turkey with grain bowl.,1. Prep the ground turkey and gather the other ingredients. 2. Cook the rice or grain until tender. 3. Cook the ground turkey with olive oil and quinoa until fully cooked. 4. Layer everything in a bowl and serve hot.,3
Mediterranean Turkey Grain Bowl,entree,Mediterranean,"['ground turkey', 'olive oil', 'quinoa']",20,10,30,2,easy,False,A light but satisfying dinner built around turkey with grain bowl.,1. Prep the ground turkey and gather the other ingredients. 2. Cook the rice or grain until tender. 3. Cook the ground turkey with olive oil and quinoa until fully cooked. 4. Layer everything in a bowl and serve hot.,1
Garlic Oregano Turkey Grain Bowl,entree,Mediterranean,"['ground turkey', 'olive oil', 'quinoa', 'parsley', 'garlic']",15,20,35,2,easy,False,A light but satisfying dinner built around turkey with grain bowl.,1. Prep the ground turkey and gather the other ingredients. 2. Cook the rice or grain until tender. 3. Cook the ground turkey with olive oil and quinoa until fully cooked. 4. Layer everything in a bowl and serve hot.,2
Tomato Olive Turkey Grain Bowl,entree,Mediterranean,"['ground turkey', 'olive oil', 'quinoa', 'feta', 'oregano', 'garlic']",15,10,25,6,easy,False,A fresh and herb-forward main dish built around turkey with grain bowl.,1. Prep the ground turkey and gather the other ingredients. 2. Cook the rice or grain until tender. 3. Cook the ground turkey with olive oil and quinoa until fully cooked. 4. Layer everything in a bowl and serve hot.,2
Zesty Herb Turkey Grain Bowl,entree,Mediterranean,"['ground turkey', 'olive oil', 'quinoa', 'cauliflower', 'oregano', 'lemon', 'garlic']",10,10,20,6,easy,False,A light but satisfying dinner built around turkey with grain bowl.,1. Prep the ground turkey and gather the other ingredients. 2. Cook the rice or grain until tender. 3. Cook the ground turkey with olive oil and quinoa until fully cooked. 4. Layer everything in a bowl and serve hot.,2
Sun-Dried Tomato Turkey Grain Bowl,entree,Mediterranean,"['ground turkey', 'olive oil', 'quinoa', 'corn', 'bell pepper', 'onion', 'lemon', 'oregano', 'garlic']",18,17,35,4,easy,False,A light but satisfying dinner built around turkey with grain bowl.,1. Prep the ground turkey and gather the other ingredients. 2. Cook the rice or grain until tender. 3. Cook the ground turkey with olive oil and quinoa until fully cooked. 4. Layer everything in a bowl and serve hot.,3
Herb Turkey Stew,entree,American,"['ground turkey', 'olive oil', 'broth']",20,20,40,2,medium,False,A comfort-food style dinner built around turkey with stew.,"1. Prep the ground turkey and gather the other ingredients. 2. Simmer the ingredients in a pot until tender. 3. Cook the ground turkey with olive oil and broth until fully cooked. 4. Stir well, taste, and serve hot.",1
Garlic Turkey Stew,entree,American,"['ground turkey', 'olive oil', 'broth', 'garlic']",18,37,55,2,medium,False,A savory weeknight entree built around turkey with stew.,"1. Prep the ground turkey and gather the other ingredients. 2. Simmer the ingredients in a pot until tender. 3. Cook the ground turkey with olive oil and broth until fully cooked. 4. Stir well, taste, and serve hot.",1
Smoky Turkey Stew,entree,American,"['ground turkey', 'olive oil', 'broth', 'paprika', 'garlic']",12,38,50,2,medium,False,A savory weeknight entree built around turkey with stew.,"1. Prep the ground turkey and gather the other ingredients. 2. Simmer the ingredients in a pot until tender. 3. Cook the ground turkey with olive oil and broth until fully cooked. 4. Stir well, taste, and serve hot.",2
Lemon Pepper Turkey Stew,entree,American,"['ground turkey', 'olive oil', 'broth', 'butter', 'rosemary', 'garlic']",12,38,50,2,medium,False,A comfort-food style dinner built around turkey with stew.,"1. Prep the ground turkey and gather the other ingredients. 2. Simmer the ingredients in a pot until tender. 3. Cook the ground turkey with olive oil and broth until fully cooked. 4. Stir well, taste, and serve hot.",2
Roasted Turkey Stew,entree,American,"['ground turkey', 'olive oil', 'broth', 'onion', 'butter', 'parsley', 'garlic']",18,32,50,2,medium,False,A hearty and simple main dish built around turkey with stew.,"1. Prep the ground turkey and gather the other ingredients. 2. Simmer the ingredients in a pot until tender. 3. Cook the ground turkey with olive oil and broth until fully cooked. 4. Stir well, taste, and serve hot.",2
Homestyle Turkey Stew,entree,American,"['ground turkey', 'olive oil', 'broth', 'carrot', 'onion', 'parsley', 'paprika', 'garlic']",12,43,55,4,medium,False,A savory weeknight entree built around turkey with stew.,"1. Prep the ground turkey and gather the other ingredients. 2. Simmer the ingredients in a pot until tender. 3. Cook the ground turkey with olive oil and broth until fully cooked. 4. Stir well, taste, and serve hot.",3
Lemon Herb Turkey Stew,entree,Mediterranean,"['ground turkey', 'olive oil', 'broth', 'carrot', 'celery', 'eggplant', 'tomato', 'parsley', 'garlic']",15,30,45,4,medium,False,A bright Mediterranean-style entree built around turkey with stew.,"1. Prep the ground turkey and gather the other ingredients. 2. Simmer the ingredients in a pot until tender. 3. Cook the ground turkey with olive oil and broth until fully cooked. 4. Stir well, taste, and serve hot.",3
Mediterranean Turkey Stew,entree,Mediterranean,"['ground turkey', 'olive oil', 'broth', 'carrot', 'celery', 'cabbage', 'green onion', 'feta', 'parsley', 'garlic']",18,37,55,6,medium,False,A light but satisfying dinner built around turkey with stew.,"1. Prep the ground turkey and gather the other ingredients. 2. Simmer the ingredients in a pot until tender. 3. Cook the ground turkey with olive oil and broth until fully cooked. 4. Stir well, taste, and serve hot.",3
Garlic Oregano Turkey Stew,entree,Mediterranean,"['ground turkey', 'olive oil', 'broth', 'garlic']",20,20,40,2,medium,False,A light but satisfying dinner built around turkey with stew.,"1. Prep the ground turkey and gather the other ingredients. 2. Simmer the ingredients in a pot until tender. 3. Cook the ground turkey with olive oil and broth until fully cooked. 4. Stir well, taste, and serve hot.",1
Tomato Olive Turkey Stew,entree,Mediterranean,"['ground turkey', 'olive oil', 'broth', 'parsley', 'garlic']",15,40,55,4,medium,False,A fresh and herb-forward main dish built around turkey with stew.,"1. Prep the ground turkey and gather the other ingredients. 2. Simmer the ingredients in a pot until tender. 3. Cook the ground turkey with olive oil and broth until fully cooked. 4. Stir well, taste, and serve hot.",2
Zesty Herb Turkey Stew,entree,Mediterranean,"['ground turkey', 'olive oil', 'broth', 'onion', 'feta', 'garlic']",15,25,40,2,medium,False,A bright Mediterranean-style entree built around turkey with stew.,"1. Prep the ground turkey and gather the other ingredients. 2. Simmer the ingredients in a pot until tender. 3. Cook the ground turkey with olive oil and broth until fully cooked. 4. Stir well, taste, and serve hot.",2
Sun-Dried Tomato Turkey Stew,entree,Mediterranean,"['ground turkey', 'olive oil', 'broth', 'carrot', 'celery', 'lemon', 'garlic']",12,38,50,6,medium,False,A light but satisfying dinner built around turkey with stew.,"1. Prep the ground turkey and gather the other ingredients. 2. Simmer the ingredients in a pot until tender. 3. Cook the ground turkey with olive oil and broth until fully cooked. 4. Stir well, taste, and serve hot.",2
Herb Shrimp Rice Bowl,entree,American,"['shrimp', 'olive oil', 'rice', 'corn', 'onion', 'thyme', 'butter', 'garlic']",12,18,30,4,easy,False,A hearty and simple main dish built around shrimp with rice bowl.,1. Prep the shrimp and gather the other ingredients. 2. Cook the rice or grain until tender. 3. Cook the shrimp with olive oil and rice until fully cooked. 4. Layer everything in a bowl and serve hot.,3
Garlic Shrimp Rice Bowl,entree,American,"['shrimp', 'olive oil', 'rice']",12,10,22,2,easy,False,A hearty and simple main dish built around shrimp with rice bowl.,1. Prep the shrimp and gather the other ingredients. 2. Cook the rice or grain until tender. 3. Cook the shrimp with olive oil and rice until fully cooked. 4. Layer everything in a bowl and serve hot.,1
Smoky Shrimp Rice Bowl,entree,American,"['shrimp', 'olive oil', 'rice', 'butter', 'garlic']",15,15,30,2,easy,False,A comfort-food style dinner built around shrimp with rice bowl.,1. Prep the shrimp and gather the other ingredients. 2. Cook the rice or grain until tender. 3. Cook the shrimp with olive oil and rice until fully cooked. 4. Layer everything in a bowl and serve hot.,2
Lemon Pepper Shrimp Rice Bowl,entree,American,"['shrimp', 'olive oil', 'rice', 'paprika', 'butter', 'garlic']",20,10,30,6,easy,False,A comfort-food style dinner built around shrimp with rice bowl.,1. Prep the shrimp and gather the other ingredients. 2. Cook the rice or grain until tender. 3. Cook the shrimp with olive oil and rice until fully cooked. 4. Layer everything in a bowl and serve hot.,2
Roasted Shrimp Rice Bowl,entree,American,"['shrimp', 'olive oil', 'rice', 'kale', 'butter', 'garlic powder', 'garlic']",18,10,28,4,easy,False,A savory weeknight entree built around shrimp with rice bowl.,1. Prep the shrimp and gather the other ingredients. 2. Cook the rice or grain until tender. 3. Cook the shrimp with olive oil and rice until fully cooked. 4. Layer everything in a bowl and serve hot.,2
Homestyle Shrimp Rice Bowl,entree,American,"['shrimp', 'olive oil', 'salt', 'black pepper', 'rice', 'cabbage', 'carrot', 'butter', 'garlic']",10,10,20,4,easy,False,A comfort-food style dinner built around shrimp with rice bowl.,1. Prep the shrimp and gather the other ingredients. 2. Cook the rice or grain until tender. 3. Cook the shrimp with olive oil and salt until fully cooked. 4. Layer everything in a bowl and serve hot.,3
Chipotle Shrimp Rice Bowl,entree,Mexican,"['shrimp', 'olive oil', 'rice']",12,18,30,2,easy,False,A bold and zesty main dish built around shrimp with rice bowl.,1. Prep the shrimp and gather the other ingredients. 2. Cook the rice or grain until tender. 3. Cook the shrimp with olive oil and rice until fully cooked. 4. Layer everything in a bowl and serve hot.,1
Cilantro Lime Shrimp Rice Bowl,entree,Mexican,"['shrimp', 'olive oil', 'rice', 'garlic']",10,20,30,2,easy,False,A bold and zesty main dish built around shrimp with rice bowl.,1. Prep the shrimp and gather the other ingredients. 2. Cook the rice or grain until tender. 3. Cook the shrimp with olive oil and rice until fully cooked. 4. Layer everything in a bowl and serve hot.,1
Spicy Shrimp Rice Bowl,entree,Mexican,"['shrimp', 'olive oil', 'rice', 'lime', 'garlic']",20,10,30,4,easy,False,A Mexican-inspired entree with bright flavors built around shrimp with rice bowl.,1. Prep the shrimp and gather the other ingredients. 2. Cook the rice or grain until tender. 3. Cook the shrimp with olive oil and rice until fully cooked. 4. Layer everything in a bowl and serve hot.,2
Smoky Shrimp Broccoli Rice Bowl,entree,Mexican,"['shrimp', 'olive oil', 'rice', 'broccoli', 'cilantro', 'garlic']",18,10,28,6,easy,False,A bold and zesty main dish built around shrimp with rice bowl.,1. Prep the shrimp and gather the other ingredients. 2. Cook the rice or grain until tender. 3. Cook the shrimp with olive oil and rice until fully cooked. 4. Layer everything in a bowl and serve hot.,2
Salsa Verde Shrimp Rice Bowl,entree,Mexican,"['shrimp', 'olive oil', 'rice', 'kale', 'white beans', 'lime', 'garlic']",15,10,25,4,easy,False,A family-friendly taco night style meal built around shrimp with rice bowl.,1. Prep the shrimp and gather the other ingredients. 2. Cook the rice or grain until tender. 3. Cook the shrimp with olive oil and rice until fully cooked. 4. Layer everything in a bowl and serve hot.,2
Southwest Shrimp Rice Bowl,entree,Mexican,"['shrimp', 'olive oil', 'rice', 'sweet potato', 'onion', 'black beans', 'avocado', 'garlic']",10,15,25,2,easy,False,A bold and zesty main dish built around shrimp with rice bowl.,1. Prep the shrimp and gather the other ingredients. 2. Cook the rice or grain until tender. 3. Cook the shrimp with olive oil and rice until fully cooked. 4. Layer everything in a bowl and serve hot.,3
Lemon Herb Shrimp Rice Bowl,entree,Mediterranean,"['shrimp', 'olive oil', 'rice', 'sweet potato', 'onion', 'black beans', 'parsley', 'cucumber', 'garlic']",20,10,30,6,easy,False,A fresh and herb-forward main dish built around shrimp with rice bowl.,1. Prep the shrimp and gather the other ingredients. 2. Cook the rice or grain until tender. 3. Cook the shrimp with olive oil and rice until fully cooked. 4. Layer everything in a bowl and serve hot.,3
Mediterranean Shrimp Rice Bowl,entree,Mediterranean,"['shrimp', 'olive oil', 'salt', 'black pepper', 'rice', 'onion', 'bell pepper', 'zucchini', 'parsley', 'garlic']",15,10,25,4,easy,False,A light but satisfying dinner built around shrimp with rice bowl.,1. Prep the shrimp and gather the other ingredients. 2. Cook the rice or grain until tender. 3. Cook the shrimp with olive oil and salt until fully cooked. 4. Layer everything in a bowl and serve hot.,3
Garlic Oregano Shrimp Rice Bowl,entree,Mediterranean,"['shrimp', 'olive oil', 'rice', 'garlic']",10,10,20,6,easy,False,A bright Mediterranean-style entree built around shrimp with rice bowl.,1. Prep the shrimp and gather the other ingredients. 2. Cook the rice or grain until tender. 3. Cook the shrimp with olive oil and rice until fully cooked. 4. Layer everything in a bowl and serve hot.,1
Tomato Olive Shrimp Rice Bowl,entree,Mediterranean,"['shrimp', 'olive oil', 'rice', 'oregano', 'garlic']",18,10,28,6,easy,False,A fresh and herb-forward main dish built around shrimp with rice bowl.,1. Prep the shrimp and gather the other ingredients. 2. Cook the rice or grain until tender. 3. Cook the shrimp with olive oil and rice until fully cooked. 4. Layer everything in a bowl and serve hot.,2
Zesty Herb Shrimp Rice Bowl,entree,Mediterranean,"['shrimp', 'olive oil', 'rice', 'broccoli', 'lemon', 'garlic']",18,10,28,2,easy,False,A fresh and herb-forward main dish built around shrimp with rice bowl.,1. Prep the shrimp and gather the other ingredients. 2. Cook the rice or grain until tender. 3. Cook the shrimp with olive oil and rice until fully cooked. 4. Layer everything in a bowl and serve hot.,2
Sun-Dried Tomato Shrimp Rice Bowl,entree,Mediterranean,"['shrimp', 'olive oil', 'rice', 'onion', 'oregano', 'parsley', 'garlic']",15,15,30,2,easy,False,A light but satisfying dinner built around shrimp with rice bowl.,1. Prep the shrimp and gather the other ingredients. 2. Cook the rice or grain until tender. 3. Cook the shrimp with olive oil and rice until fully cooked. 4. Layer everything in a bowl and serve hot.,2
Ginger Garlic Shrimp Rice Bowl,entree,Asian,"['shrimp', 'olive oil', 'rice', 'cauliflower', 'carrot', 'peas', 'rice vinegar', 'garlic']",15,15,30,2,easy,False,A quick Asian-inspired entree built around shrimp with rice bowl.,1. Prep the shrimp and gather the other ingredients. 2. Cook the rice or grain until tender. 3. Cook the shrimp with olive oil and rice until fully cooked. 4. Layer everything in a bowl and serve hot.,3
Sesame Shrimp Rice Bowl,entree,Asian,"['shrimp', 'olive oil', 'rice']",20,10,30,2,easy,False,A quick Asian-inspired entree built around shrimp with rice bowl.,1. Prep the shrimp and gather the other ingredients. 2. Cook the rice or grain until tender. 3. Cook the shrimp with olive oil and rice until fully cooked. 4. Layer everything in a bowl and serve hot.,1
Soy Glazed Shrimp Rice Bowl,entree,Asian,"['shrimp', 'olive oil', 'rice', 'soy sauce', 'garlic']",20,10,30,4,easy,False,A quick Asian-inspired entree built around shrimp with rice bowl.,1. Prep the shrimp and gather the other ingredients. 2. Cook the rice or grain until tender. 3. Cook the shrimp with olive oil and rice until fully cooked. 4. Layer everything in a bowl and serve hot.,2
Sweet Chili Shrimp Rice Bowl,entree,Asian,"['shrimp', 'olive oil', 'rice', 'eggplant', 'soy sauce', 'garlic']",20,10,30,4,easy,False,A savory umami-forward main dish built around shrimp with rice bowl.,1. Prep the shrimp and gather the other ingredients. 2. Cook the rice or grain until tender. 3. Cook the shrimp with olive oil and rice until fully cooked. 4. Layer everything in a bowl and serve hot.,2
Teriyaki Shrimp Rice Bowl,entree,Asian,"['shrimp', 'olive oil', 'rice', 'cabbage', 'carrot', 'soy sauce', 'garlic']",12,10,22,2,easy,False,A quick Asian-inspired entree built around shrimp with rice bowl.,1. Prep the shrimp and gather the other ingredients. 2. Cook the rice or grain until tender. 3. Cook the shrimp with olive oil and rice until fully cooked. 4. Layer everything in a bowl and serve hot.,2
Scallion Shrimp Rice Bowl,entree,Asian,"['shrimp', 'olive oil', 'rice', 'sweet potato', 'onion', 'black beans', 'honey', 'green onion', 'garlic']",15,15,30,4,easy,False,A savory umami-forward main dish built around shrimp with rice bowl.,1. Prep the shrimp and gather the other ingredients. 2. Cook the rice or grain until tender. 3. Cook the shrimp with olive oil and rice until fully cooked. 4. Layer everything in a bowl and serve hot.,3
Herb Shrimp Pasta,entree,American,"['shrimp', 'olive oil', 'pasta']",20,15,35,4,easy,False,A savory weeknight entree built around shrimp with pasta.,1. Prep the shrimp and gather the other ingredients. 2. Cook the pasta according to package directions. 3. Cook the shrimp with olive oil and pasta until fully cooked. 4. Toss everything together with the cooked pasta and serve hot.,1
Garlic Shrimp Pasta,entree,American,"['shrimp', 'olive oil', 'pasta', 'parmesan']",20,10,30,6,easy,False,A savory weeknight entree built around shrimp with pasta.,1. Prep the shrimp and gather the other ingredients. 2. Cook the pasta according to package directions. 3. Cook the shrimp with olive oil and pasta until fully cooked. 4. Toss everything together with the cooked pasta and serve hot.,1
Smoky Shrimp Pasta,entree,American,"['shrimp', 'olive oil', 'pasta', 'garlic', 'parmesan']",15,10,25,6,easy,False,A hearty and simple main dish built around shrimp with pasta.,1. Prep the shrimp and gather the other ingredients. 2. Cook the pasta according to package directions. 3. Cook the shrimp with olive oil and pasta until fully cooked. 4. Toss everything together with the cooked pasta and serve hot.,2
Lemon Pepper Shrimp Pasta,entree,American,"['shrimp', 'olive oil', 'pasta', 'butter', 'garlic', 'parmesan']",20,10,30,6,easy,False,A savory weeknight entree built around shrimp with pasta.,1. Prep the shrimp and gather the other ingredients. 2. Cook the pasta according to package directions. 3. Cook the shrimp with olive oil and pasta until fully cooked. 4. Toss everything together with the cooked pasta and serve hot.,2
Roasted Shrimp Pasta,entree,American,"['shrimp', 'olive oil', 'pasta', 'garlic powder', 'paprika', 'garlic', 'parmesan']",18,10,28,4,easy,False,A hearty and simple main dish built around shrimp with pasta.,1. Prep the shrimp and gather the other ingredients. 2. Cook the pasta according to package directions. 3. Cook the shrimp with olive oil and pasta until fully cooked. 4. Toss everything together with the cooked pasta and serve hot.,2
Homestyle Shrimp Pasta,entree,American,"['shrimp', 'olive oil', 'pasta', 'onion', 'paprika', 'parsley', 'garlic', 'parmesan']",10,20,30,4,easy,False,A comfort-food style dinner built around shrimp with pasta.,1. Prep the shrimp and gather the other ingredients. 2. Cook the pasta according to package directions. 3. Cook the shrimp with olive oil and pasta until fully cooked. 4. Toss everything together with the cooked pasta and serve hot.,3
Lemon Herb Shrimp Pasta,entree,Mediterranean,"['shrimp', 'olive oil', 'pasta', 'sweet potato', 'onion', 'black beans', 'parsley', 'garlic', 'parmesan']",12,18,30,6,easy,False,A light but satisfying dinner built around shrimp with pasta.,1. Prep the shrimp and gather the other ingredients. 2. Cook the pasta according to package directions. 3. Cook the shrimp with olive oil and pasta until fully cooked. 4. Toss everything together with the cooked pasta and serve hot.,3
Mediterranean Shrimp Pasta,entree,Mediterranean,"['shrimp', 'olive oil', 'pasta', 'corn', 'bell pepper', 'onion', 'feta', 'lemon', 'garlic', 'parmesan']",15,15,30,4,easy,False,A light but satisfying dinner built around shrimp with pasta.,1. Prep the shrimp and gather the other ingredients. 2. Cook the pasta according to package directions. 3. Cook the shrimp with olive oil and pasta until fully cooked. 4. Toss everything together with the cooked pasta and serve hot.,3
Garlic Oregano Shrimp Pasta,entree,Mediterranean,"['shrimp', 'olive oil', 'pasta', 'parmesan']",12,18,30,2,easy,False,A bright Mediterranean-style entree built around shrimp with pasta.,1. Prep the shrimp and gather the other ingredients. 2. Cook the pasta according to package directions. 3. Cook the shrimp with olive oil and pasta until fully cooked. 4. Toss everything together with the cooked pasta and serve hot.,1
Tomato Olive Shrimp Pasta,entree,Mediterranean,"['shrimp', 'olive oil', 'pasta', 'garlic', 'parmesan']",18,17,35,4,easy,False,A fresh and herb-forward main dish built around shrimp with pasta.,1. Prep the shrimp and gather the other ingredients. 2. Cook the pasta according to package directions. 3. Cook the shrimp with olive oil and pasta until fully cooked. 4. Toss everything together with the cooked pasta and serve hot.,2
Zesty Herb Shrimp Pasta,entree,Mediterranean,"['shrimp', 'olive oil', 'pasta', 'feta', 'garlic', 'parmesan']",12,10,22,2,easy,False,A fresh and herb-forward main dish built around shrimp with pasta.,1. Prep the shrimp and gather the other ingredients. 2. Cook the pasta according to package directions. 3. Cook the shrimp with olive oil and pasta until fully cooked. 4. Toss everything together with the cooked pasta and serve hot.,2
Sun-Dried Tomato Shrimp Pasta,entree,Mediterranean,"['shrimp', 'olive oil', 'pasta', 'cauliflower', 'feta', 'garlic', 'parmesan']",20,10,30,2,easy,False,A bright Mediterranean-style entree built around shrimp with pasta.,1. Prep the shrimp and gather the other ingredients. 2. Cook the pasta according to package directions. 3. Cook the shrimp with olive oil and pasta until fully cooked. 4. Toss everything together with the cooked pasta and serve hot.,2
Herb Shrimp Tacos,entree,American,"['shrimp', 'olive oil', 'corn tortillas', 'kale', 'garlic powder', 'butter', 'lime', 'cilantro']",12,13,25,6,easy,False,A hearty and simple main dish built around shrimp with tacos.,1. Prep the shrimp and gather the other ingredients. 2. Warm the tortillas or wraps. 3. Cook the shrimp with olive oil and corn tortillas until fully cooked. 4. Fill with the cooked ingredients and serve warm.,3
Garlic Shrimp Tacos,entree,American,"['shrimp', 'olive oil', 'cilantro']",18,10,28,4,easy,False,A hearty and simple main dish built around shrimp with tacos.,1. Prep the shrimp and gather the other ingredients. 2. Warm the tortillas or wraps. 3. Cook the shrimp with olive oil and cilantro until fully cooked. 4. Fill with the cooked ingredients and serve warm.,1
Smoky Shrimp Tacos,entree,American,"['shrimp', 'olive oil', 'thyme', 'lime', 'cilantro']",20,10,30,2,easy,False,A comfort-food style dinner built around shrimp with tacos.,1. Prep the shrimp and gather the other ingredients. 2. Warm the tortillas or wraps. 3. Cook the shrimp with olive oil and thyme until fully cooked. 4. Fill with the cooked ingredients and serve warm.,2
Lemon Pepper Shrimp Tacos,entree,American,"['shrimp', 'olive oil', 'paprika', 'parsley', 'lime', 'cilantro']",10,10,20,2,easy,False,A hearty and simple main dish built around shrimp with tacos.,1. Prep the shrimp and gather the other ingredients. 2. Warm the tortillas or wraps. 3. Cook the shrimp with olive oil and paprika until fully cooked. 4. Fill with the cooked ingredients and serve warm.,2
Roasted Shrimp Tacos,entree,American,"['shrimp', 'olive oil', 'corn tortillas', 'paprika', 'butter', 'lime', 'cilantro']",15,10,25,2,easy,False,A savory weeknight entree built around shrimp with tacos.,1. Prep the shrimp and gather the other ingredients. 2. Warm the tortillas or wraps. 3. Cook the shrimp with olive oil and corn tortillas until fully cooked. 4. Fill with the cooked ingredients and serve warm.,2
Homestyle Shrimp Tacos,entree,American,"['shrimp', 'olive oil', 'corn tortillas', 'onion', 'bell pepper', 'paprika', 'butter', 'lime', 'cilantro']",10,10,20,2,easy,False,A comfort-food style dinner built around shrimp with tacos.,1. Prep the shrimp and gather the other ingredients. 2. Warm the tortillas or wraps. 3. Cook the shrimp with olive oil and corn tortillas until fully cooked. 4. Fill with the cooked ingredients and serve warm.,3
Chipotle Shrimp Tacos,entree,Mexican,"['shrimp', 'olive oil', 'sweet potato']",10,10,20,4,easy,False,A family-friendly taco night style meal built around shrimp with tacos.,1. Prep the shrimp and gather the other ingredients. 2. Warm the tortillas or wraps. 3. Cook the shrimp with olive oil and sweet potato until fully cooked. 4. Fill with the cooked ingredients and serve warm.,1
Cilantro Lime Shrimp Tacos,entree,Mexican,"['shrimp', 'olive oil', 'lime', 'cilantro']",10,10,20,4,easy,False,A Mexican-inspired entree with bright flavors built around shrimp with tacos.,1. Prep the shrimp and gather the other ingredients. 2. Warm the tortillas or wraps. 3. Cook the shrimp with olive oil and lime until fully cooked. 4. Fill with the cooked ingredients and serve warm.,1
Spicy Shrimp Tacos,entree,Mexican,"['shrimp', 'olive oil', 'chili powder', 'lime', 'cilantro']",18,10,28,2,easy,False,A bold and zesty main dish built around shrimp with tacos.,1. Prep the shrimp and gather the other ingredients. 2. Warm the tortillas or wraps. 3. Cook the shrimp with olive oil and chili powder until fully cooked. 4. Fill with the cooked ingredients and serve warm.,2
Smoky Shrimp Corn Tacos,entree,Mexican,"['shrimp', 'olive oil', 'corn tortillas', 'onion', 'lime', 'cilantro']",10,15,25,4,easy,False,A family-friendly taco night style meal built around shrimp with tacos.,1. Prep the shrimp and gather the other ingredients. 2. Warm the tortillas or wraps. 3. Cook the shrimp with olive oil and corn tortillas until fully cooked. 4. Fill with the cooked ingredients and serve warm.,2
Salsa Verde Shrimp Tacos,entree,Mexican,"['shrimp', 'olive oil', 'onion', 'cumin', 'chili powder', 'lime', 'cilantro']",10,10,20,4,easy,False,A family-friendly taco night style meal built around shrimp with tacos.,1. Prep the shrimp and gather the other ingredients. 2. Warm the tortillas or wraps. 3. Cook the shrimp with olive oil and onion until fully cooked. 4. Fill with the cooked ingredients and serve warm.,2
Southwest Shrimp Tacos,entree,Mexican,"['shrimp', 'olive oil', 'corn tortillas', 'sweet potato', 'onion', 'lime', 'chili powder', 'cilantro']",20,10,30,2,easy,False,A bold and zesty main dish built around shrimp with tacos.,1. Prep the shrimp and gather the other ingredients. 2. Warm the tortillas or wraps. 3. Cook the shrimp with olive oil and corn tortillas until fully cooked. 4. Fill with the cooked ingredients and serve warm.,3
Herb Shrimp Salad,entree,American,"['shrimp', 'olive oil', 'salt', 'black pepper', 'mixed greens', 'onion', 'bell pepper', 'zucchini', 'paprika']",12,10,22,4,easy,False,A hearty and simple main dish built around shrimp with salad.,1. Prep the shrimp and gather the other ingredients. 2. Prepare the fresh ingredients and dressing. 3. Cook the shrimp with olive oil and salt until fully cooked. 4. Toss everything together and serve.,3
Garlic Shrimp Salad,entree,American,"['shrimp', 'olive oil', 'salt', 'black pepper', 'mixed greens', 'corn', 'bell pepper', 'onion', 'thyme', 'butter']",20,10,30,6,easy,False,A comfort-food style dinner built around shrimp with salad.,1. Prep the shrimp and gather the other ingredients. 2. Prepare the fresh ingredients and dressing. 3. Cook the shrimp with olive oil and salt until fully cooked. 4. Toss everything together and serve.,3
Smoky Shrimp Salad,entree,American,"['shrimp', 'olive oil', 'thyme', 'paprika']",20,10,30,6,easy,False,A hearty and simple main dish built around shrimp with salad.,1. Prep the shrimp and gather the other ingredients. 2. Prepare the fresh ingredients and dressing. 3. Cook the shrimp with olive oil and thyme until fully cooked. 4. Toss everything together and serve.,1
Lemon Pepper Shrimp Salad,entree,American,"['shrimp', 'olive oil', 'onion', 'parsley', 'thyme']",20,10,30,6,easy,False,A hearty and simple main dish built around shrimp with salad.,1. Prep the shrimp and gather the other ingredients. 2. Prepare the fresh ingredients and dressing. 3. Cook the shrimp with olive oil and onion until fully cooked. 4. Toss everything together and serve.,2
Roasted Shrimp Salad,entree,American,"['shrimp', 'olive oil', 'mixed greens', 'sweet potato', 'onion', 'butter']",15,10,25,4,easy,False,A savory weeknight entree built around shrimp with salad.,1. Prep the shrimp and gather the other ingredients. 2. Prepare the fresh ingredients and dressing. 3. Cook the shrimp with olive oil and mixed greens until fully cooked. 4. Toss everything together and serve.,2
Homestyle Shrimp Salad,entree,American,"['shrimp', 'olive oil', 'mixed greens', 'cabbage', 'carrot', 'rosemary', 'garlic powder']",15,10,25,6,easy,False,A savory weeknight entree built around shrimp with salad.,1. Prep the shrimp and gather the other ingredients. 2. Prepare the fresh ingredients and dressing. 3. Cook the shrimp with olive oil and mixed greens until fully cooked. 4. Toss everything together and serve.,2
Lemon Herb Shrimp Salad,entree,Mediterranean,"['shrimp', 'olive oil', 'mixed greens', 'corn', 'bell pepper', 'onion', 'tomato', 'lemon']",10,10,20,2,easy,False,A bright Mediterranean-style entree built around shrimp with salad.,1. Prep the shrimp and gather the other ingredients. 2. Prepare the fresh ingredients and dressing. 3. Cook the shrimp with olive oil and mixed greens until fully cooked. 4. Toss everything together and serve.,3
Mediterranean Shrimp Salad,entree,Mediterranean,"['shrimp', 'olive oil', 'oregano']",20,10,30,4,easy,False,A light but satisfying dinner built around shrimp with salad.,1. Prep the shrimp and gather the other ingredients. 2. Prepare the fresh ingredients and dressing. 3. Cook the shrimp with olive oil and oregano until fully cooked. 4. Toss everything together and serve.,1
Garlic Oregano Shrimp Salad,entree,Mediterranean,"['shrimp', 'olive oil', 'sweet potato', 'onion', 'oregano']",12,10,22,6,easy,False,A bright Mediterranean-style entree built around shrimp with salad.,1. Prep the shrimp and gather the other ingredients. 2. Prepare the fresh ingredients and dressing. 3. Cook the shrimp with olive oil and sweet potato until fully cooked. 4. Toss everything together and serve.,2
Tomato Olive Shrimp Salad,entree,Mediterranean,"['shrimp', 'olive oil', 'mixed greens', 'sweet potato', 'onion', 'black beans']",12,13,25,4,easy,False,A bright Mediterranean-style entree built around shrimp with salad.,1. Prep the shrimp and gather the other ingredients. 2. Prepare the fresh ingredients and dressing. 3. Cook the shrimp with olive oil and mixed greens until fully cooked. 4. Toss everything together and serve.,2
Zesty Herb Shrimp Salad,entree,Mediterranean,"['shrimp', 'olive oil', 'mixed greens', 'sweet potato', 'onion', 'black beans', 'tomato']",18,10,28,4,easy,False,A bright Mediterranean-style entree built around shrimp with salad.,1. Prep the shrimp and gather the other ingredients. 2. Prepare the fresh ingredients and dressing. 3. Cook the shrimp with olive oil and mixed greens until fully cooked. 4. Toss everything together and serve.,2
Sun-Dried Tomato Shrimp Salad,entree,Mediterranean,"['shrimp', 'olive oil', 'salt', 'black pepper', 'mixed greens', 'broccoli', 'carrot', 'snap peas', 'cucumber']",10,10,20,6,easy,False,A fresh and herb-forward main dish built around shrimp with salad.,1. Prep the shrimp and gather the other ingredients. 2. Prepare the fresh ingredients and dressing. 3. Cook the shrimp with olive oil and salt until fully cooked. 4. Toss everything together and serve.,3
Herb Shrimp Soup,entree,American,"['shrimp', 'olive oil', 'broth']",20,25,45,4,medium,False,A hearty and simple main dish built around shrimp with soup.,"1. Prep the shrimp and gather the other ingredients. 2. Simmer the ingredients in a pot until tender. 3. Cook the shrimp with olive oil and broth until fully cooked. 4. Stir well, taste, and serve hot.",1
Garlic Shrimp Soup,entree,American,"['shrimp', 'olive oil', 'broth', 'garlic']",10,30,40,6,medium,False,A hearty and simple main dish built around shrimp with soup.,"1. Prep the shrimp and gather the other ingredients. 2. Simmer the ingredients in a pot until tender. 3. Cook the shrimp with olive oil and broth until fully cooked. 4. Stir well, taste, and serve hot.",1
Smoky Shrimp Soup,entree,American,"['shrimp', 'olive oil', 'broth', 'thyme', 'garlic']",12,28,40,4,medium,False,A comfort-food style dinner built around shrimp with soup.,"1. Prep the shrimp and gather the other ingredients. 2. Simmer the ingredients in a pot until tender. 3. Cook the shrimp with olive oil and broth until fully cooked. 4. Stir well, taste, and serve hot.",2
Lemon Pepper Shrimp Soup,entree,American,"['shrimp', 'olive oil', 'broth', 'thyme', 'rosemary', 'garlic']",12,23,35,4,medium,False,A hearty and simple main dish built around shrimp with soup.,"1. Prep the shrimp and gather the other ingredients. 2. Simmer the ingredients in a pot until tender. 3. Cook the shrimp with olive oil and broth until fully cooked. 4. Stir well, taste, and serve hot.",2
Roasted Shrimp Soup,entree,American,"['shrimp', 'olive oil', 'broth', 'spinach', 'onion', 'thyme', 'garlic']",10,30,40,2,medium,False,A hearty and simple main dish built around shrimp with soup.,"1. Prep the shrimp and gather the other ingredients. 2. Simmer the ingredients in a pot until tender. 3. Cook the shrimp with olive oil and broth until fully cooked. 4. Stir well, taste, and serve hot.",2
Homestyle Shrimp Soup,entree,American,"['shrimp', 'olive oil', 'broth', 'mushrooms', 'onion', 'paprika', 'thyme', 'garlic']",20,25,45,2,medium,False,A comfort-food style dinner built around shrimp with soup.,"1. Prep the shrimp and gather the other ingredients. 2. Simmer the ingredients in a pot until tender. 3. Cook the shrimp with olive oil and broth until fully cooked. 4. Stir well, taste, and serve hot.",3
Lemon Herb Shrimp Soup,entree,Mediterranean,"['shrimp', 'olive oil', 'broth', 'onion', 'bell pepper', 'zucchini', 'tomato', 'oregano', 'garlic']",15,15,30,4,medium,False,A bright Mediterranean-style entree built around shrimp with soup.,"1. Prep the shrimp and gather the other ingredients. 2. Simmer the ingredients in a pot until tender. 3. Cook the shrimp with olive oil and broth until fully cooked. 4. Stir well, taste, and serve hot.",3
Mediterranean Shrimp Soup,entree,Mediterranean,"['shrimp', 'olive oil', 'salt', 'black pepper', 'broth', 'corn', 'bell pepper', 'onion', 'oregano', 'garlic']",15,15,30,2,medium,False,A bright Mediterranean-style entree built around shrimp with soup.,"1. Prep the shrimp and gather the other ingredients. 2. Simmer the ingredients in a pot until tender. 3. Cook the shrimp with olive oil and salt until fully cooked. 4. Stir well, taste, and serve hot.",3
Garlic Oregano Shrimp Soup,entree,Mediterranean,"['shrimp', 'olive oil', 'broth', 'garlic']",12,28,40,2,medium,False,A bright Mediterranean-style entree built around shrimp with soup.,"1. Prep the shrimp and gather the other ingredients. 2. Simmer the ingredients in a pot until tender. 3. Cook the shrimp with olive oil and broth until fully cooked. 4. Stir well, taste, and serve hot.",1
Tomato Olive Shrimp Soup,entree,Mediterranean,"['shrimp', 'olive oil', 'broth', 'eggplant', 'garlic']",10,35,45,4,medium,False,A light but satisfying dinner built around shrimp with soup.,"1. Prep the shrimp and gather the other ingredients. 2. Simmer the ingredients in a pot until tender. 3. Cook the shrimp with olive oil and broth until fully cooked. 4. Stir well, taste, and serve hot.",2
Zesty Herb Shrimp Soup,entree,Mediterranean,"['shrimp', 'olive oil', 'broth', 'feta', 'lemon', 'garlic']",20,15,35,2,medium,False,A light but satisfying dinner built around shrimp with soup.,"1. Prep the shrimp and gather the other ingredients. 2. Simmer the ingredients in a pot until tender. 3. Cook the shrimp with olive oil and broth until fully cooked. 4. Stir well, taste, and serve hot.",2
Sun-Dried Tomato Shrimp Soup,entree,Mediterranean,"['shrimp', 'olive oil', 'broth', 'onion', 'lemon', 'oregano', 'garlic']",20,15,35,6,medium,False,A fresh and herb-forward main dish built around shrimp with soup.,"1. Prep the shrimp and gather the other ingredients. 2. Simmer the ingredients in a pot until tender. 3. Cook the shrimp with olive oil and broth until fully cooked. 4. Stir well, taste, and serve hot.",2
Ginger Garlic Shrimp Soup,entree,Asian,"['shrimp', 'olive oil', 'broth', 'broccoli', 'carrot', 'snap peas', 'ginger', 'garlic']",10,30,40,2,medium,False,A quick Asian-inspired entree built around shrimp with soup.,"1. Prep the shrimp and gather the other ingredients. 2. Simmer the ingredients in a pot until tender. 3. Cook the shrimp with olive oil and broth until fully cooked. 4. Stir well, taste, and serve hot.",3
Sesame Shrimp Soup,entree,Asian,"['shrimp', 'olive oil', 'broth']",20,25,45,2,medium,False,A quick Asian-inspired entree built around shrimp with soup.,"1. Prep the shrimp and gather the other ingredients. 2. Simmer the ingredients in a pot until tender. 3. Cook the shrimp with olive oil and broth until fully cooked. 4. Stir well, taste, and serve hot.",1
Soy Glazed Shrimp Soup,entree,Asian,"['shrimp', 'olive oil', 'broth', 'onion', 'garlic']",12,18,30,6,medium,False,A savory umami-forward main dish built around shrimp with soup.,"1. Prep the shrimp and gather the other ingredients. 2. Simmer the ingredients in a pot until tender. 3. Cook the shrimp with olive oil and broth until fully cooked. 4. Stir well, taste, and serve hot.",2
Sweet Chili Shrimp Soup,entree,Asian,"['shrimp', 'olive oil', 'broth', 'eggplant', 'ginger', 'garlic']",12,23,35,6,medium,False,A quick Asian-inspired entree built around shrimp with soup.,"1. Prep the shrimp and gather the other ingredients. 2. Simmer the ingredients in a pot until tender. 3. Cook the shrimp with olive oil and broth until fully cooked. 4. Stir well, taste, and serve hot.",2
Teriyaki Shrimp Soup,entree,Asian,"['shrimp', 'olive oil', 'broth', 'cauliflower', 'carrot', 'soy sauce', 'garlic']",10,30,40,4,medium,False,A quick Asian-inspired entree built around shrimp with soup.,"1. Prep the shrimp and gather the other ingredients. 2. Simmer the ingredients in a pot until tender. 3. Cook the shrimp with olive oil and broth until fully cooked. 4. Stir well, taste, and serve hot.",2
Scallion Shrimp Soup,entree,Asian,"['shrimp', 'olive oil', 'broth', 'onion', 'bell pepper', 'zucchini', 'soy sauce', 'rice vinegar', 'garlic']",10,35,45,6,medium,False,A savory umami-forward main dish built around shrimp with soup.,"1. Prep the shrimp and gather the other ingredients. 2. Simmer the ingredients in a pot until tender. 3. Cook the shrimp with olive oil and broth until fully cooked. 4. Stir well, taste, and serve hot.",3
Herb Shrimp Sheet Pan Dinner,entree,American,"['shrimp', 'olive oil', 'thyme']",10,35,45,6,easy,False,A hearty and simple main dish built around shrimp with sheet pan dinner.,1. Prep the shrimp and gather the other ingredients. 2. Heat a pan over medium heat. 3. Cook the shrimp with olive oil and thyme until fully cooked. 4. Combine everything and serve hot.,1
Garlic Shrimp Sheet Pan Dinner,entree,American,"['shrimp', 'olive oil', 'thyme', 'parsley']",18,22,40,4,easy,False,A hearty and simple main dish built around shrimp with sheet pan dinner.,1. Prep the shrimp and gather the other ingredients. 2. Heat a pan over medium heat. 3. Cook the shrimp with olive oil and thyme until fully cooked. 4. Combine everything and serve hot.,1
Smoky Shrimp Sheet Pan Dinner,entree,American,"['shrimp', 'olive oil', 'sweet potato', 'butter', 'rosemary']",18,17,35,4,easy,False,A hearty and simple main dish built around shrimp with sheet pan dinner.,1. Prep the shrimp and gather the other ingredients. 2. Heat a pan over medium heat. 3. Cook the shrimp with olive oil and sweet potato until fully cooked. 4. Combine everything and serve hot.,2
Lemon Pepper Shrimp Sheet Pan Dinner,entree,American,"['shrimp', 'olive oil', 'onion', 'bell pepper', 'paprika', 'parsley']",10,25,35,6,easy,False,A comfort-food style dinner built around shrimp with sheet pan dinner.,1. Prep the shrimp and gather the other ingredients. 2. Heat a pan over medium heat. 3. Cook the shrimp with olive oil and onion until fully cooked. 4. Combine everything and serve hot.,2
Roasted Shrimp Sheet Pan Dinner,entree,American,"['shrimp', 'olive oil', 'onion', 'bell pepper', 'cauliflower', 'parsley', 'butter']",18,17,35,2,easy,False,A comfort-food style dinner built around shrimp with sheet pan dinner.,1. Prep the shrimp and gather the other ingredients. 2. Heat a pan over medium heat. 3. Cook the shrimp with olive oil and onion until fully cooked. 4. Combine everything and serve hot.,2
Homestyle Shrimp Sheet Pan Dinner,entree,American,"['shrimp', 'olive oil', 'onion', 'bell pepper', 'broccoli', 'carrot', 'garlic powder', 'butter']",10,20,30,4,easy,False,A comfort-food style dinner built around shrimp with sheet pan dinner.,1. Prep the shrimp and gather the other ingredients. 2. Heat a pan over medium heat. 3. Cook the shrimp with olive oil and onion until fully cooked. 4. Combine everything and serve hot.,3
Lemon Herb Shrimp Sheet Pan Dinner,entree,Mediterranean,"['shrimp', 'olive oil', 'onion', 'bell pepper', 'cabbage', 'carrot', 'green onion', 'feta', 'cucumber']",18,22,40,4,easy,False,A light but satisfying dinner built around shrimp with sheet pan dinner.,1. Prep the shrimp and gather the other ingredients. 2. Heat a pan over medium heat. 3. Cook the shrimp with olive oil and onion until fully cooked. 4. Combine everything and serve hot.,3
Mediterranean Shrimp Sheet Pan Dinner,entree,Mediterranean,"['shrimp', 'olive oil', 'salt', 'black pepper', 'onion', 'bell pepper', 'zucchini', 'olives', 'cucumber']",18,22,40,6,easy,False,A light but satisfying dinner built around shrimp with sheet pan dinner.,1. Prep the shrimp and gather the other ingredients. 2. Heat a pan over medium heat. 3. Cook the shrimp with olive oil and salt until fully cooked. 4. Combine everything and serve hot.,3
Garlic Oregano Shrimp Sheet Pan Dinner,entree,Mediterranean,"['shrimp', 'olive oil', 'onion', 'oregano']",18,22,40,6,easy,False,A bright Mediterranean-style entree built around shrimp with sheet pan dinner.,1. Prep the shrimp and gather the other ingredients. 2. Heat a pan over medium heat. 3. Cook the shrimp with olive oil and onion until fully cooked. 4. Combine everything and serve hot.,1
Tomato Olive Shrimp Sheet Pan Dinner,entree,Mediterranean,"['shrimp', 'olive oil', 'onion', 'parsley', 'feta']",20,20,40,2,easy,False,A light but satisfying dinner built around shrimp with sheet pan dinner.,1. Prep the shrimp and gather the other ingredients. 2. Heat a pan over medium heat. 3. Cook the shrimp with olive oil and onion until fully cooked. 4. Combine everything and serve hot.,2
Zesty Herb Shrimp Sheet Pan Dinner,entree,Mediterranean,"['shrimp', 'olive oil', 'onion', 'bell pepper', 'cabbage', 'oregano']",20,20,40,4,easy,False,A fresh and herb-forward main dish built around shrimp with sheet pan dinner.,1. Prep the shrimp and gather the other ingredients. 2. Heat a pan over medium heat. 3. Cook the shrimp with olive oil and onion until fully cooked. 4. Combine everything and serve hot.,2
Sun-Dried Tomato Shrimp Sheet Pan Dinner,entree,Mediterranean,"['shrimp', 'olive oil', 'onion', 'bell pepper', 'sweet potato', 'black beans', 'parsley']",18,17,35,2,easy,False,A bright Mediterranean-style entree built around shrimp with sheet pan dinner.,1. Prep the shrimp and gather the other ingredients. 2. Heat a pan over medium heat. 3. Cook the shrimp with olive oil and onion until fully cooked. 4. Combine everything and serve hot.,2
Herb Shrimp Skillet,entree,American,"['shrimp', 'olive oil', 'onion', 'garlic', 'cabbage', 'carrot', 'thyme', 'butter']",12,13,25,4,easy,False,A savory weeknight entree built around shrimp with skillet.,1. Prep the shrimp and gather the other ingredients. 2. Heat a pan over medium heat. 3. Cook the shrimp with olive oil and onion until fully cooked. 4. Combine everything and serve hot.,3
Garlic Shrimp Skillet,entree,American,"['shrimp', 'olive oil', 'parsley']",18,10,28,6,easy,False,A comfort-food style dinner built around shrimp with skillet.,1. Prep the shrimp and gather the other ingredients. 2. Heat a pan over medium heat. 3. Cook the shrimp with olive oil and parsley until fully cooked. 4. Combine everything and serve hot.,1
Smoky Shrimp Skillet,entree,American,"['shrimp', 'olive oil', 'garlic', 'thyme', 'rosemary']",15,20,35,2,easy,False,A hearty and simple main dish built around shrimp with skillet.,1. Prep the shrimp and gather the other ingredients. 2. Heat a pan over medium heat. 3. Cook the shrimp with olive oil and garlic until fully cooked. 4. Combine everything and serve hot.,2
Lemon Pepper Shrimp Skillet,entree,American,"['shrimp', 'olive oil', 'onion', 'garlic', 'parsley', 'thyme']",18,10,28,4,easy,False,A hearty and simple main dish built around shrimp with skillet.,1. Prep the shrimp and gather the other ingredients. 2. Heat a pan over medium heat. 3. Cook the shrimp with olive oil and onion until fully cooked. 4. Combine everything and serve hot.,2
Roasted Shrimp Skillet,entree,American,"['shrimp', 'olive oil', 'onion', 'garlic', 'cabbage', 'butter', 'thyme']",18,10,28,4,easy,False,A hearty and simple main dish built around shrimp with skillet.,1. Prep the shrimp and gather the other ingredients. 2. Heat a pan over medium heat. 3. Cook the shrimp with olive oil and onion until fully cooked. 4. Combine everything and serve hot.,2
Homestyle Shrimp Skillet,entree,American,"['shrimp', 'olive oil', 'onion', 'garlic', 'cauliflower', 'carrot', 'peas', 'rosemary', 'parsley']",10,25,35,6,easy,False,A hearty and simple main dish built around shrimp with skillet.,1. Prep the shrimp and gather the other ingredients. 2. Heat a pan over medium heat. 3. Cook the shrimp with olive oil and onion until fully cooked. 4. Combine everything and serve hot.,3
Chipotle Shrimp Skillet,entree,Mexican,"['shrimp', 'olive oil', 'garlic']",12,10,22,6,easy,False,A bold and zesty main dish built around shrimp with skillet.,1. Prep the shrimp and gather the other ingredients. 2. Heat a pan over medium heat. 3. Cook the shrimp with olive oil and garlic until fully cooked. 4. Combine everything and serve hot.,1
Cilantro Lime Shrimp Skillet,entree,Mexican,"['shrimp', 'olive oil', 'sweet potato', 'chili powder']",12,18,30,6,easy,False,A Mexican-inspired entree with bright flavors built around shrimp with skillet.,1. Prep the shrimp and gather the other ingredients. 2. Heat a pan over medium heat. 3. Cook the shrimp with olive oil and sweet potato until fully cooked. 4. Combine everything and serve hot.,1
Spicy Shrimp Skillet,entree,Mexican,"['shrimp', 'olive oil', 'garlic', 'cumin', 'lime']",20,10,30,2,easy,False,A family-friendly taco night style meal built around shrimp with skillet.,1. Prep the shrimp and gather the other ingredients. 2. Heat a pan over medium heat. 3. Cook the shrimp with olive oil and garlic until fully cooked. 4. Combine everything and serve hot.,2
Smoky Shrimp Cauliflower Skillet,entree,Mexican,"['shrimp', 'olive oil', 'onion', 'garlic', 'cauliflower', 'lime']",12,18,30,6,easy,False,A family-friendly taco night style meal built around shrimp with skillet.,1. Prep the shrimp and gather the other ingredients. 2. Heat a pan over medium heat. 3. Cook the shrimp with olive oil and onion until fully cooked. 4. Combine everything and serve hot.,2
Salsa Verde Shrimp Skillet,entree,Mexican,"['shrimp', 'olive oil', 'onion', 'garlic', 'cauliflower', 'carrot', 'cumin']",12,18,30,4,easy,False,A bold and zesty main dish built around shrimp with skillet.,1. Prep the shrimp and gather the other ingredients. 2. Heat a pan over medium heat. 3. Cook the shrimp with olive oil and onion until fully cooked. 4. Combine everything and serve hot.,2
Southwest Shrimp Skillet,entree,Mexican,"['shrimp', 'olive oil', 'onion', 'garlic', 'cabbage', 'carrot', 'green onion', 'chili powder']",10,15,25,2,easy,False,A Mexican-inspired entree with bright flavors built around shrimp with skillet.,1. Prep the shrimp and gather the other ingredients. 2. Heat a pan over medium heat. 3. Cook the shrimp with olive oil and onion until fully cooked. 4. Combine everything and serve hot.,3
Ginger Garlic Shrimp Skillet,entree,Asian,"['shrimp', 'olive oil', 'onion', 'garlic', 'cauliflower', 'carrot', 'peas', 'rice vinegar', 'broccoli']",15,10,25,6,easy,False,A savory umami-forward main dish built around shrimp with skillet.,1. Prep the shrimp and gather the other ingredients. 2. Heat a pan over medium heat. 3. Cook the shrimp with olive oil and onion until fully cooked. 4. Combine everything and serve hot.,3
Sesame Shrimp Skillet,entree,Asian,"['shrimp', 'olive oil', 'salt', 'black pepper', 'onion', 'garlic', 'corn', 'bell pepper', 'sesame oil', 'ginger']",15,20,35,4,easy,False,A takeout-style dinner made at home built around shrimp with skillet.,1. Prep the shrimp and gather the other ingredients. 2. Heat a pan over medium heat. 3. Cook the shrimp with olive oil and salt until fully cooked. 4. Combine everything and serve hot.,3
Soy Glazed Shrimp Skillet,entree,Asian,"['shrimp', 'olive oil', 'onion', 'garlic']",15,10,25,4,easy,False,A takeout-style dinner made at home built around shrimp with skillet.,1. Prep the shrimp and gather the other ingredients. 2. Heat a pan over medium heat. 3. Cook the shrimp with olive oil and onion until fully cooked. 4. Combine everything and serve hot.,1
Sweet Chili Shrimp Skillet,entree,Asian,"['shrimp', 'olive oil', 'onion', 'garlic', 'soy sauce']",20,10,30,2,easy,False,A takeout-style dinner made at home built around shrimp with skillet.,"1. Prep the shrimp and gather the other ingredients. 2. Simmer the ingredients in a pot until tender. 3. Cook the shrimp with olive oil and onion until fully cooked. 4. Stir well, taste, and serve hot.",2
Teriyaki Shrimp Skillet,entree,Asian,"['shrimp', 'olive oil', 'onion', 'garlic', 'mushrooms', 'peas']",10,10,20,4,easy,False,A savory umami-forward main dish built around shrimp with skillet.,1. Prep the shrimp and gather the other ingredients. 2. Heat a pan over medium heat. 3. Cook the shrimp with olive oil and onion until fully cooked. 4. Combine everything and serve hot.,2
Scallion Shrimp Skillet,entree,Asian,"['shrimp', 'olive oil', 'onion', 'garlic', 'corn', 'bell pepper', 'rice vinegar']",18,10,28,2,easy,False,A takeout-style dinner made at home built around shrimp with skillet.,1. Prep the shrimp and gather the other ingredients. 2. Heat a pan over medium heat. 3. Cook the shrimp with olive oil and onion until fully cooked. 4. Combine everything and serve hot.,2
Ginger Garlic Shrimp Curry,entree,Asian,"['shrimp', 'olive oil', 'onion', 'garlic', 'coconut milk', 'kale', 'white beans', 'ginger']",18,27,45,4,medium,False,A quick Asian-inspired entree built around shrimp with curry.,1. Prep the shrimp and gather the other ingredients. 2. Heat a pan over medium heat. 3. Cook the shrimp with olive oil and onion until fully cooked. 4. Combine everything and serve hot.,3
Sesame Shrimp Curry,entree,Asian,"['shrimp', 'olive oil', 'ginger']",18,17,35,6,medium,False,A quick Asian-inspired entree built around shrimp with curry.,1. Prep the shrimp and gather the other ingredients. 2. Heat a pan over medium heat. 3. Cook the shrimp with olive oil and ginger until fully cooked. 4. Combine everything and serve hot.,1
Soy Glazed Shrimp Curry,entree,Asian,"['shrimp', 'olive oil', 'coconut milk', 'soy sauce', 'ginger']",18,12,30,6,medium,False,A savory umami-forward main dish built around shrimp with curry.,1. Prep the shrimp and gather the other ingredients. 2. Heat a pan over medium heat. 3. Cook the shrimp with olive oil and coconut milk until fully cooked. 4. Combine everything and serve hot.,2
Sweet Chili Shrimp Curry,entree,Asian,"['shrimp', 'olive oil', 'onion', 'garlic', 'coconut milk', 'ginger']",18,27,45,2,medium,False,A quick Asian-inspired entree built around shrimp with curry.,"1. Prep the shrimp and gather the other ingredients. 2. Simmer the ingredients in a pot until tender. 3. Cook the shrimp with olive oil and onion until fully cooked. 4. Stir well, taste, and serve hot.",2
Teriyaki Shrimp Curry,entree,Asian,"['shrimp', 'olive oil', 'onion', 'garlic', 'coconut milk', 'mushrooms', 'ginger']",20,10,30,2,medium,False,A savory umami-forward main dish built around shrimp with curry.,1. Prep the shrimp and gather the other ingredients. 2. Heat a pan over medium heat. 3. Cook the shrimp with olive oil and onion until fully cooked. 4. Combine everything and serve hot.,2
Scallion Shrimp Curry,entree,Asian,"['shrimp', 'olive oil', 'onion', 'garlic', 'coconut milk', 'broccoli', 'carrot', 'snap peas', 'ginger']",12,33,45,2,medium,False,A takeout-style dinner made at home built around shrimp with curry.,1. Prep the shrimp and gather the other ingredients. 2. Heat a pan over medium heat. 3. Cook the shrimp with olive oil and onion until fully cooked. 4. Combine everything and serve hot.,3
Ginger Garlic Shrimp Stir-Fry,entree,Asian,"['shrimp', 'olive oil', 'garlic']",18,10,28,6,easy,False,A takeout-style dinner made at home built around shrimp with stir-fry.,1. Prep the shrimp and gather the other ingredients. 2. Heat a skillet or wok over medium-high heat. 3. Cook the shrimp with olive oil and garlic until fully cooked. 4. Stir-fry everything until cooked through and serve hot.,1
Sesame Shrimp Stir-Fry,entree,Asian,"['shrimp', 'olive oil', 'onion', 'garlic']",12,18,30,2,easy,False,A takeout-style dinner made at home built around shrimp with stir-fry.,1. Prep the shrimp and gather the other ingredients. 2. Heat a skillet or wok over medium-high heat. 3. Cook the shrimp with olive oil and onion until fully cooked. 4. Stir-fry everything until cooked through and serve hot.,1
Soy Glazed Shrimp Stir-Fry,entree,Asian,"['shrimp', 'olive oil', 'bell pepper', 'onion', 'garlic']",12,10,22,2,easy,False,A takeout-style dinner made at home built around shrimp with stir-fry.,1. Prep the shrimp and gather the other ingredients. 2. Heat a skillet or wok over medium-high heat. 3. Cook the shrimp with olive oil and bell pepper until fully cooked. 4. Stir-fry everything until cooked through and serve hot.,2
Sweet Chili Shrimp Stir-Fry,entree,Asian,"['shrimp', 'olive oil', 'bell pepper', 'onion', 'cauliflower', 'garlic']",10,15,25,4,easy,False,A savory umami-forward main dish built around shrimp with stir-fry.,"1. Prep the shrimp and gather the other ingredients. 2. Simmer the ingredients in a pot until tender. 3. Cook the shrimp with olive oil and bell pepper until fully cooked. 4. Stir well, taste, and serve hot.",2
Teriyaki Shrimp Stir-Fry,entree,Asian,"['shrimp', 'olive oil', 'bell pepper', 'onion', 'cauliflower', 'carrot', 'garlic']",20,10,30,6,easy,False,A quick Asian-inspired entree built around shrimp with stir-fry.,1. Prep the shrimp and gather the other ingredients. 2. Heat a skillet or wok over medium-high heat. 3. Cook the shrimp with olive oil and bell pepper until fully cooked. 4. Stir-fry everything until cooked through and serve hot.,2
Scallion Shrimp Stir-Fry,entree,Asian,"['shrimp', 'olive oil', 'bell pepper', 'onion', 'cauliflower', 'carrot', 'soy sauce', 'garlic']",18,12,30,6,easy,False,A savory umami-forward main dish built around shrimp with stir-fry.,1. Prep the shrimp and gather the other ingredients. 2. Heat a skillet or wok over medium-high heat. 3. Cook the shrimp with olive oil and bell pepper until fully cooked. 4. Stir-fry everything until cooked through and serve hot.,3
Herb Shrimp Wrap,entree,American,"['shrimp', 'olive oil', 'flour tortillas', 'cauliflower', 'carrot', 'peas', 'paprika', 'lime', 'cilantro']",10,10,20,6,easy,False,A comfort-food style dinner built around shrimp with wrap.,1. Prep the shrimp and gather the other ingredients. 2. Warm the tortillas or wraps. 3. Cook the shrimp with olive oil and flour tortillas until fully cooked. 4. Fill with the cooked ingredients and serve warm.,3
Garlic Shrimp Wrap,entree,American,"['shrimp', 'olive oil', 'flour tortillas', 'sweet potato', 'onion', 'black beans', 'rosemary', 'parsley', 'lime', 'cilantro']",18,10,28,4,easy,False,A hearty and simple main dish built around shrimp with wrap.,1. Prep the shrimp and gather the other ingredients. 2. Warm the tortillas or wraps. 3. Cook the shrimp with olive oil and flour tortillas until fully cooked. 4. Fill with the cooked ingredients and serve warm.,3
Smoky Shrimp Wrap,entree,American,"['shrimp', 'olive oil', 'lime', 'cilantro']",20,10,30,6,easy,False,A hearty and simple main dish built around shrimp with wrap.,1. Prep the shrimp and gather the other ingredients. 2. Warm the tortillas or wraps. 3. Cook the shrimp with olive oil and lime until fully cooked. 4. Fill with the cooked ingredients and serve warm.,1
Lemon Pepper Shrimp Wrap,entree,American,"['shrimp', 'olive oil', 'garlic powder', 'lime', 'cilantro']",18,10,28,2,easy,False,A hearty and simple main dish built around shrimp with wrap.,1. Prep the shrimp and gather the other ingredients. 2. Warm the tortillas or wraps. 3. Cook the shrimp with olive oil and garlic powder until fully cooked. 4. Fill with the cooked ingredients and serve warm.,2
Roasted Shrimp Wrap,entree,American,"['shrimp', 'olive oil', 'rosemary', 'thyme', 'lime', 'cilantro']",12,10,22,6,easy,False,A comfort-food style dinner built around shrimp with wrap.,1. Prep the shrimp and gather the other ingredients. 2. Warm the tortillas or wraps. 3. Cook the shrimp with olive oil and rosemary until fully cooked. 4. Fill with the cooked ingredients and serve warm.,2
Homestyle Shrimp Wrap,entree,American,"['shrimp', 'olive oil', 'flour tortillas', 'rosemary', 'parsley', 'lime', 'cilantro']",18,10,28,2,easy,False,A savory weeknight entree built around shrimp with wrap.,1. Prep the shrimp and gather the other ingredients. 2. Warm the tortillas or wraps. 3. Cook the shrimp with olive oil and flour tortillas until fully cooked. 4. Fill with the cooked ingredients and serve warm.,2
Chipotle Shrimp Wrap,entree,Mexican,"['shrimp', 'olive oil', 'flour tortillas', 'spinach', 'onion', 'chili powder', 'lime', 'cilantro']",10,10,20,2,easy,False,A bold and zesty main dish built around shrimp with wrap.,1. Prep the shrimp and gather the other ingredients. 2. Warm the tortillas or wraps. 3. Cook the shrimp with olive oil and flour tortillas until fully cooked. 4. Fill with the cooked ingredients and serve warm.,3
Cilantro Lime Shrimp Wrap,entree,Mexican,"['shrimp', 'olive oil', 'lime']",10,10,20,4,easy,False,A bold and zesty main dish built around shrimp with wrap.,1. Prep the shrimp and gather the other ingredients. 2. Warm the tortillas or wraps. 3. Cook the shrimp with olive oil and lime until fully cooked. 4. Fill with the cooked ingredients and serve warm.,1
Spicy Shrimp Wrap,entree,Mexican,"['shrimp', 'olive oil', 'flour tortillas', 'cilantro', 'lime']",20,10,30,2,easy,False,A family-friendly taco night style meal built around shrimp with wrap.,1. Prep the shrimp and gather the other ingredients. 2. Warm the tortillas or wraps. 3. Cook the shrimp with olive oil and flour tortillas until fully cooked. 4. Fill with the cooked ingredients and serve warm.,2
Smoky Shrimp Mushrooms Wrap,entree,Mexican,"['shrimp', 'olive oil', 'flour tortillas', 'onion', 'lime', 'cilantro']",18,10,28,2,easy,False,A bold and zesty main dish built around shrimp with wrap.,1. Prep the shrimp and gather the other ingredients. 2. Warm the tortillas or wraps. 3. Cook the shrimp with olive oil and flour tortillas until fully cooked. 4. Fill with the cooked ingredients and serve warm.,2
Salsa Verde Shrimp Wrap,entree,Mexican,"['shrimp', 'olive oil', 'flour tortillas', 'onion', 'chili powder', 'cilantro', 'lime']",15,10,25,6,easy,False,A Mexican-inspired entree with bright flavors built around shrimp with wrap.,1. Prep the shrimp and gather the other ingredients. 2. Warm the tortillas or wraps. 3. Cook the shrimp with olive oil and flour tortillas until fully cooked. 4. Fill with the cooked ingredients and serve warm.,2
Southwest Shrimp Wrap,entree,Mexican,"['shrimp', 'olive oil', 'flour tortillas', 'spinach', 'tomato', 'onion', 'avocado', 'lime', 'cilantro']",12,10,22,2,easy,False,A Mexican-inspired entree with bright flavors built around shrimp with wrap.,1. Prep the shrimp and gather the other ingredients. 2. Warm the tortillas or wraps. 3. Cook the shrimp with olive oil and flour tortillas until fully cooked. 4. Fill with the cooked ingredients and serve warm.,3
Lemon Herb Shrimp Wrap,entree,Mediterranean,"['shrimp', 'olive oil', 'cilantro']",20,10,30,6,easy,False,A light but satisfying dinner built around shrimp with wrap.,1. Prep the shrimp and gather the other ingredients. 2. Warm the tortillas or wraps. 3. Cook the shrimp with olive oil and cilantro until fully cooked. 4. Fill with the cooked ingredients and serve warm.,1
Mediterranean Shrimp Wrap,entree,Mediterranean,"['shrimp', 'olive oil', 'lime', 'cilantro']",15,10,25,2,easy,False,A light but satisfying dinner built around shrimp with wrap.,1. Prep the shrimp and gather the other ingredients. 2. Warm the tortillas or wraps. 3. Cook the shrimp with olive oil and lime until fully cooked. 4. Fill with the cooked ingredients and serve warm.,1
Garlic Oregano Shrimp Wrap,entree,Mediterranean,"['shrimp', 'olive oil', 'lemon', 'lime', 'cilantro']",15,10,25,2,easy,False,A light but satisfying dinner built around shrimp with wrap.,1. Prep the shrimp and gather the other ingredients. 2. Warm the tortillas or wraps. 3. Cook the shrimp with olive oil and lemon until fully cooked. 4. Fill with the cooked ingredients and serve warm.,2
Tomato Olive Shrimp Wrap,entree,Mediterranean,"['shrimp', 'olive oil', 'flour tortillas', 'oregano', 'lime', 'cilantro']",20,10,30,2,easy,False,A fresh and herb-forward main dish built around shrimp with wrap.,1. Prep the shrimp and gather the other ingredients. 2. Warm the tortillas or wraps. 3. Cook the shrimp with olive oil and flour tortillas until fully cooked. 4. Fill with the cooked ingredients and serve warm.,2
Zesty Herb Shrimp Wrap,entree,Mediterranean,"['shrimp', 'olive oil', 'flour tortillas', 'onion', 'oregano', 'lime', 'cilantro']",18,10,28,6,easy,False,A fresh and herb-forward main dish built around shrimp with wrap.,1. Prep the shrimp and gather the other ingredients. 2. Warm the tortillas or wraps. 3. Cook the shrimp with olive oil and flour tortillas until fully cooked. 4. Fill with the cooked ingredients and serve warm.,2
Sun-Dried Tomato Shrimp Wrap,entree,Mediterranean,"['shrimp', 'olive oil', 'flour tortillas', 'broccoli', 'carrot', 'lemon', 'lime', 'cilantro']",15,10,25,6,easy,False,A bright Mediterranean-style entree built around shrimp with wrap.,1. Prep the shrimp and gather the other ingredients. 2. Warm the tortillas or wraps. 3. Cook the shrimp with olive oil and flour tortillas until fully cooked. 4. Fill with the cooked ingredients and serve warm.,3
Herb Shrimp Grain Bowl,entree,American,"['shrimp', 'olive oil', 'quinoa', 'cabbage', 'carrot', 'green onion', 'butter', 'garlic powder', 'garlic']",15,20,35,4,easy,False,A savory weeknight entree built around shrimp with grain bowl.,1. Prep the shrimp and gather the other ingredients. 2. Cook the rice or grain until tender. 3. Cook the shrimp with olive oil and quinoa until fully cooked. 4. Layer everything in a bowl and serve hot.,3
Garlic Shrimp Grain Bowl,entree,American,"['shrimp', 'olive oil', 'salt', 'black pepper', 'quinoa', 'eggplant', 'tomato', 'garlic powder', 'paprika', 'garlic']",18,12,30,4,easy,False,A comfort-food style dinner built around shrimp with grain bowl.,1. Prep the shrimp and gather the other ingredients. 2. Cook the rice or grain until tender. 3. Cook the shrimp with olive oil and salt until fully cooked. 4. Layer everything in a bowl and serve hot.,3
Smoky Shrimp Grain Bowl,entree,American,"['shrimp', 'olive oil', 'quinoa', 'garlic']",12,13,25,4,easy,False,A hearty and simple main dish built around shrimp with grain bowl.,1. Prep the shrimp and gather the other ingredients. 2. Cook the rice or grain until tender. 3. Cook the shrimp with olive oil and quinoa until fully cooked. 4. Layer everything in a bowl and serve hot.,1
Lemon Pepper Shrimp Grain Bowl,entree,American,"['shrimp', 'olive oil', 'quinoa', 'thyme', 'garlic']",10,10,20,2,easy,False,A hearty and simple main dish built around shrimp with grain bowl.,1. Prep the shrimp and gather the other ingredients. 2. Cook the rice or grain until tender. 3. Cook the shrimp with olive oil and quinoa until fully cooked. 4. Layer everything in a bowl and serve hot.,2
Roasted Shrimp Grain Bowl,entree,American,"['shrimp', 'olive oil', 'quinoa', 'paprika', 'parsley', 'garlic']",15,10,25,2,easy,False,A hearty and simple main dish built around shrimp with grain bowl.,1. Prep the shrimp and gather the other ingredients. 2. Cook the rice or grain until tender. 3. Cook the shrimp with olive oil and quinoa until fully cooked. 4. Layer everything in a bowl and serve hot.,2
Homestyle Shrimp Grain Bowl,entree,American,"['shrimp', 'olive oil', 'quinoa', 'sweet potato', 'onion', 'rosemary', 'garlic']",12,18,30,6,easy,False,A hearty and simple main dish built around shrimp with grain bowl.,1. Prep the shrimp and gather the other ingredients. 2. Cook the rice or grain until tender. 3. Cook the shrimp with olive oil and quinoa until fully cooked. 4. Layer everything in a bowl and serve hot.,2
Lemon Herb Shrimp Grain Bowl,entree,Mediterranean,"['shrimp', 'olive oil', 'quinoa', 'spinach', 'tomato', 'onion', 'lemon', 'garlic']",15,10,25,6,easy,False,A light but satisfying dinner built around shrimp with grain bowl.,1. Prep the shrimp and gather the other ingredients. 2. Cook the rice or grain until tender. 3. Cook the shrimp with olive oil and quinoa until fully cooked. 4. Layer everything in a bowl and serve hot.,3
Mediterranean Shrimp Grain Bowl,entree,Mediterranean,"['shrimp', 'olive oil', 'quinoa']",20,10,30,2,easy,False,A light but satisfying dinner built around shrimp with grain bowl.,1. Prep the shrimp and gather the other ingredients. 2. Cook the rice or grain until tender. 3. Cook the shrimp with olive oil and quinoa until fully cooked. 4. Layer everything in a bowl and serve hot.,1
Garlic Oregano Shrimp Grain Bowl,entree,Mediterranean,"['shrimp', 'olive oil', 'quinoa', 'lemon', 'garlic']",10,10,20,6,easy,False,A light but satisfying dinner built around shrimp with grain bowl.,1. Prep the shrimp and gather the other ingredients. 2. Cook the rice or grain until tender. 3. Cook the shrimp with olive oil and quinoa until fully cooked. 4. Layer everything in a bowl and serve hot.,2
Tomato Olive Shrimp Grain Bowl,entree,Mediterranean,"['shrimp', 'olive oil', 'quinoa', 'broccoli', 'carrot', 'garlic']",12,23,35,6,easy,False,A fresh and herb-forward main dish built around shrimp with grain bowl.,1. Prep the shrimp and gather the other ingredients. 2. Cook the rice or grain until tender. 3. Cook the shrimp with olive oil and quinoa until fully cooked. 4. Layer everything in a bowl and serve hot.,2
Zesty Herb Shrimp Grain Bowl,entree,Mediterranean,"['shrimp', 'olive oil', 'quinoa', 'broccoli', 'carrot', 'feta', 'garlic']",12,18,30,2,easy,False,A light but satisfying dinner built around shrimp with grain bowl.,1. Prep the shrimp and gather the other ingredients. 2. Cook the rice or grain until tender. 3. Cook the shrimp with olive oil and quinoa until fully cooked. 4. Layer everything in a bowl and serve hot.,2
Sun-Dried Tomato Shrimp Grain Bowl,entree,Mediterranean,"['shrimp', 'olive oil', 'quinoa', 'broccoli', 'carrot', 'snap peas', 'feta', 'lemon', 'garlic']",18,12,30,2,easy,False,A fresh and herb-forward main dish built around shrimp with grain bowl.,1. Prep the shrimp and gather the other ingredients. 2. Cook the rice or grain until tender. 3. Cook the shrimp with olive oil and quinoa until fully cooked. 4. Layer everything in a bowl and serve hot.,3
Herb Shrimp Stew,entree,American,"['shrimp', 'olive oil', 'broth']",10,35,45,4,medium,False,A hearty and simple main dish built around shrimp with stew.,"1. Prep the shrimp and gather the other ingredients. 2. Simmer the ingredients in a pot until tender. 3. Cook the shrimp with olive oil and broth until fully cooked. 4. Stir well, taste, and serve hot.",1
Garlic Shrimp Stew,entree,American,"['shrimp', 'olive oil', 'broth', 'garlic']",15,40,55,2,medium,False,A savory weeknight entree built around shrimp with stew.,"1. Prep the shrimp and gather the other ingredients. 2. Simmer the ingredients in a pot until tender. 3. Cook the shrimp with olive oil and broth until fully cooked. 4. Stir well, taste, and serve hot.",1
Smoky Shrimp Stew,entree,American,"['shrimp', 'olive oil', 'broth', 'garlic powder', 'garlic']",20,30,50,4,medium,False,A savory weeknight entree built around shrimp with stew.,"1. Prep the shrimp and gather the other ingredients. 2. Simmer the ingredients in a pot until tender. 3. Cook the shrimp with olive oil and broth until fully cooked. 4. Stir well, taste, and serve hot.",2
Lemon Pepper Shrimp Stew,entree,American,"['shrimp', 'olive oil', 'broth', 'rosemary', 'butter', 'garlic']",12,33,45,2,medium,False,A comfort-food style dinner built around shrimp with stew.,"1. Prep the shrimp and gather the other ingredients. 2. Simmer the ingredients in a pot until tender. 3. Cook the shrimp with olive oil and broth until fully cooked. 4. Stir well, taste, and serve hot.",2
Roasted Shrimp Stew,entree,American,"['shrimp', 'olive oil', 'broth', 'carrot', 'butter', 'paprika', 'garlic']",10,30,40,2,medium,False,A savory weeknight entree built around shrimp with stew.,"1. Prep the shrimp and gather the other ingredients. 2. Simmer the ingredients in a pot until tender. 3. Cook the shrimp with olive oil and broth until fully cooked. 4. Stir well, taste, and serve hot.",2
Homestyle Shrimp Stew,entree,American,"['shrimp', 'olive oil', 'broth', 'carrot', 'celery', 'parsley', 'butter', 'garlic']",12,33,45,2,medium,False,A savory weeknight entree built around shrimp with stew.,"1. Prep the shrimp and gather the other ingredients. 2. Simmer the ingredients in a pot until tender. 3. Cook the shrimp with olive oil and broth until fully cooked. 4. Stir well, taste, and serve hot.",3
Lemon Herb Shrimp Stew,entree,Mediterranean,"['shrimp', 'olive oil', 'broth', 'carrot', 'celery', 'spinach', 'onion', 'feta', 'garlic']",10,45,55,4,medium,False,A light but satisfying dinner built around shrimp with stew.,"1. Prep the shrimp and gather the other ingredients. 2. Simmer the ingredients in a pot until tender. 3. Cook the shrimp with olive oil and broth until fully cooked. 4. Stir well, taste, and serve hot.",3
Mediterranean Shrimp Stew,entree,Mediterranean,"['shrimp', 'olive oil', 'broth', 'carrot', 'celery', 'cabbage', 'green onion', 'lemon', 'feta', 'garlic']",20,20,40,2,medium,False,A light but satisfying dinner built around shrimp with stew.,"1. Prep the shrimp and gather the other ingredients. 2. Simmer the ingredients in a pot until tender. 3. Cook the shrimp with olive oil and broth until fully cooked. 4. Stir well, taste, and serve hot.",3
Garlic Oregano Shrimp Stew,entree,Mediterranean,"['shrimp', 'olive oil', 'broth', 'garlic']",12,28,40,2,medium,False,A bright Mediterranean-style entree built around shrimp with stew.,"1. Prep the shrimp and gather the other ingredients. 2. Simmer the ingredients in a pot until tender. 3. Cook the shrimp with olive oil and broth until fully cooked. 4. Stir well, taste, and serve hot.",1
Tomato Olive Shrimp Stew,entree,Mediterranean,"['shrimp', 'olive oil', 'broth', 'lemon', 'garlic']",10,35,45,6,medium,False,A light but satisfying dinner built around shrimp with stew.,"1. Prep the shrimp and gather the other ingredients. 2. Simmer the ingredients in a pot until tender. 3. Cook the shrimp with olive oil and broth until fully cooked. 4. Stir well, taste, and serve hot.",2
Zesty Herb Shrimp Stew,entree,Mediterranean,"['shrimp', 'olive oil', 'broth', 'onion', 'feta', 'garlic']",15,25,40,4,medium,False,A light but satisfying dinner built around shrimp with stew.,"1. Prep the shrimp and gather the other ingredients. 2. Simmer the ingredients in a pot until tender. 3. Cook the shrimp with olive oil and broth until fully cooked. 4. Stir well, taste, and serve hot.",2
Sun-Dried Tomato Shrimp Stew,entree,Mediterranean,"['shrimp', 'olive oil', 'broth', 'onion', 'lemon', 'feta', 'garlic']",18,37,55,2,medium,False,A bright Mediterranean-style entree built around shrimp with stew.,"1. Prep the shrimp and gather the other ingredients. 2. Simmer the ingredients in a pot until tender. 3. Cook the shrimp with olive oil and broth until fully cooked. 4. Stir well, taste, and serve hot.",2
Herb Salmon Rice Bowl,entree,American,"['salmon fillet', 'olive oil', 'rice', 'mushrooms', 'onion', 'paprika', 'parsley', 'garlic']",20,10,30,2,easy,False,A hearty and simple main dish built around salmon with rice bowl.,1. Prep the salmon fillet and gather the other ingredients. 2. Cook the rice or grain until tender. 3. Cook the salmon fillet with olive oil and rice until fully cooked. 4. Layer everything in a bowl and serve hot.,3
Garlic Salmon Rice Bowl,entree,American,"['salmon fillet', 'olive oil', 'rice']",12,13,25,6,easy,False,A savory weeknight entree built around salmon with rice bowl.,1. Prep the salmon fillet and gather the other ingredients. 2. Cook the rice or grain until tender. 3. Cook the salmon fillet with olive oil and rice until fully cooked. 4. Layer everything in a bowl and serve hot.,1
Smoky Salmon Rice Bowl,entree,American,"['salmon fillet', 'olive oil', 'rice', 'garlic powder', 'garlic']",18,10,28,2,easy,False,A comfort-food style dinner built around salmon with rice bowl.,1. Prep the salmon fillet and gather the other ingredients. 2. Cook the rice or grain until tender. 3. Cook the salmon fillet with olive oil and rice until fully cooked. 4. Layer everything in a bowl and serve hot.,2
Lemon Pepper Salmon Rice Bowl,entree,American,"['salmon fillet', 'olive oil', 'rice', 'paprika', 'parsley', 'garlic']",10,15,25,4,easy,False,A savory weeknight entree built around salmon with rice bowl.,1. Prep the salmon fillet and gather the other ingredients. 2. Cook the rice or grain until tender. 3. Cook the salmon fillet with olive oil and rice until fully cooked. 4. Layer everything in a bowl and serve hot.,2
Roasted Salmon Rice Bowl,entree,American,"['salmon fillet', 'olive oil', 'rice', 'onion', 'butter', 'paprika', 'garlic']",18,12,30,2,easy,False,A hearty and simple main dish built around salmon with rice bowl.,1. Prep the salmon fillet and gather the other ingredients. 2. Cook the rice or grain until tender. 3. Cook the salmon fillet with olive oil and rice until fully cooked. 4. Layer everything in a bowl and serve hot.,2
Homestyle Salmon Rice Bowl,entree,American,"['salmon fillet', 'olive oil', 'rice', 'cauliflower', 'carrot', 'peas', 'garlic powder', 'parsley', 'garlic']",18,10,28,4,easy,False,A hearty and simple main dish built around salmon with rice bowl.,1. Prep the salmon fillet and gather the other ingredients. 2. Cook the rice or grain until tender. 3. Cook the salmon fillet with olive oil and rice until fully cooked. 4. Layer everything in a bowl and serve hot.,3
Lemon Herb Salmon Rice Bowl,entree,Mediterranean,"['salmon fillet', 'olive oil', 'rice']",20,10,30,2,easy,False,A fresh and herb-forward main dish built around salmon with rice bowl.,1. Prep the salmon fillet and gather the other ingredients. 2. Cook the rice or grain until tender. 3. Cook the salmon fillet with olive oil and rice until fully cooked. 4. Layer everything in a bowl and serve hot.,1
Mediterranean Salmon Rice Bowl,entree,Mediterranean,"['salmon fillet', 'olive oil', 'rice', 'garlic']",20,10,30,6,easy,False,A bright Mediterranean-style entree built around salmon with rice bowl.,1. Prep the salmon fillet and gather the other ingredients. 2. Cook the rice or grain until tender. 3. Cook the salmon fillet with olive oil and rice until fully cooked. 4. Layer everything in a bowl and serve hot.,1
Garlic Oregano Salmon Rice Bowl,entree,Mediterranean,"['salmon fillet', 'olive oil', 'rice', 'parsley', 'garlic']",10,20,30,6,easy,False,A fresh and herb-forward main dish built around salmon with rice bowl.,1. Prep the salmon fillet and gather the other ingredients. 2. Cook the rice or grain until tender. 3. Cook the salmon fillet with olive oil and rice until fully cooked. 4. Layer everything in a bowl and serve hot.,2
Tomato Olive Salmon Rice Bowl,entree,Mediterranean,"['salmon fillet', 'olive oil', 'rice', 'sweet potato', 'onion', 'garlic']",18,10,28,2,easy,False,A light but satisfying dinner built around salmon with rice bowl.,1. Prep the salmon fillet and gather the other ingredients. 2. Cook the rice or grain until tender. 3. Cook the salmon fillet with olive oil and rice until fully cooked. 4. Layer everything in a bowl and serve hot.,2
Zesty Herb Salmon Rice Bowl,entree,Mediterranean,"['salmon fillet', 'olive oil', 'rice', 'sweet potato', 'onion', 'parsley', 'garlic']",18,10,28,2,easy,False,A fresh and herb-forward main dish built around salmon with rice bowl.,1. Prep the salmon fillet and gather the other ingredients. 2. Cook the rice or grain until tender. 3. Cook the salmon fillet with olive oil and rice until fully cooked. 4. Layer everything in a bowl and serve hot.,2
Sun-Dried Tomato Salmon Rice Bowl,entree,Mediterranean,"['salmon fillet', 'olive oil', 'rice', 'eggplant', 'tomato', 'parsley', 'lemon', 'garlic']",10,20,30,4,easy,False,A fresh and herb-forward main dish built around salmon with rice bowl.,1. Prep the salmon fillet and gather the other ingredients. 2. Cook the rice or grain until tender. 3. Cook the salmon fillet with olive oil and rice until fully cooked. 4. Layer everything in a bowl and serve hot.,3
Ginger Garlic Salmon Rice Bowl,entree,Asian,"['salmon fillet', 'olive oil', 'rice', 'kale', 'white beans', 'tomato', 'sesame oil', 'green onion', 'garlic']",12,13,25,6,easy,False,A quick Asian-inspired entree built around salmon with rice bowl.,1. Prep the salmon fillet and gather the other ingredients. 2. Cook the rice or grain until tender. 3. Cook the salmon fillet with olive oil and rice until fully cooked. 4. Layer everything in a bowl and serve hot.,3
Sesame Salmon Rice Bowl,entree,Asian,"['salmon fillet', 'olive oil', 'salt', 'black pepper', 'rice', 'broccoli', 'carrot', 'snap peas', 'sesame oil', 'garlic']",18,10,28,4,easy,False,A savory umami-forward main dish built around salmon with rice bowl.,1. Prep the salmon fillet and gather the other ingredients. 2. Cook the rice or grain until tender. 3. Cook the salmon fillet with olive oil and salt until fully cooked. 4. Layer everything in a bowl and serve hot.,3
Soy Glazed Salmon Rice Bowl,entree,Asian,"['salmon fillet', 'olive oil', 'rice', 'garlic']",18,12,30,6,easy,False,A takeout-style dinner made at home built around salmon with rice bowl.,1. Prep the salmon fillet and gather the other ingredients. 2. Cook the rice or grain until tender. 3. Cook the salmon fillet with olive oil and rice until fully cooked. 4. Layer everything in a bowl and serve hot.,1
Sweet Chili Salmon Rice Bowl,entree,Asian,"['salmon fillet', 'olive oil', 'rice', 'soy sauce', 'garlic']",10,20,30,2,easy,False,A savory umami-forward main dish built around salmon with rice bowl.,1. Prep the salmon fillet and gather the other ingredients. 2. Cook the rice or grain until tender. 3. Cook the salmon fillet with olive oil and rice until fully cooked. 4. Layer everything in a bowl and serve hot.,2
Teriyaki Salmon Rice Bowl,entree,Asian,"['salmon fillet', 'olive oil', 'rice', 'cauliflower', 'soy sauce', 'garlic']",15,10,25,2,easy,False,A savory umami-forward main dish built around salmon with rice bowl.,1. Prep the salmon fillet and gather the other ingredients. 2. Cook the rice or grain until tender. 3. Cook the salmon fillet with olive oil and rice until fully cooked. 4. Layer everything in a bowl and serve hot.,2
Scallion Salmon Rice Bowl,entree,Asian,"['salmon fillet', 'olive oil', 'rice', 'kale', 'white beans', 'tomato', 'garlic']",18,10,28,6,easy,False,A takeout-style dinner made at home built around salmon with rice bowl.,1. Prep the salmon fillet and gather the other ingredients. 2. Cook the rice or grain until tender. 3. Cook the salmon fillet with olive oil and rice until fully cooked. 4. Layer everything in a bowl and serve hot.,2
Herb Salmon Pasta,entree,American,"['salmon fillet', 'olive oil', 'pasta', 'onion', 'paprika', 'rosemary', 'garlic', 'parmesan']",20,10,30,2,easy,False,A savory weeknight entree built around salmon with pasta.,1. Prep the salmon fillet and gather the other ingredients. 2. Cook the pasta according to package directions. 3. Cook the salmon fillet with olive oil and pasta until fully cooked. 4. Toss everything together with the cooked pasta and serve hot.,3
Garlic Salmon Pasta,entree,American,"['salmon fillet', 'olive oil', 'pasta']",20,10,30,6,easy,False,A hearty and simple main dish built around salmon with pasta.,1. Prep the salmon fillet and gather the other ingredients. 2. Cook the pasta according to package directions. 3. Cook the salmon fillet with olive oil and pasta until fully cooked. 4. Toss everything together with the cooked pasta and serve hot.,1
Smoky Salmon Pasta,entree,American,"['salmon fillet', 'olive oil', 'pasta', 'garlic', 'parmesan']",20,15,35,2,easy,False,A hearty and simple main dish built around salmon with pasta.,1. Prep the salmon fillet and gather the other ingredients. 2. Cook the pasta according to package directions. 3. Cook the salmon fillet with olive oil and pasta until fully cooked. 4. Toss everything together with the cooked pasta and serve hot.,2
Lemon Pepper Salmon Pasta,entree,American,"['salmon fillet', 'olive oil', 'pasta', 'butter', 'garlic', 'parmesan']",20,10,30,4,easy,False,A hearty and simple main dish built around salmon with pasta.,1. Prep the salmon fillet and gather the other ingredients. 2. Cook the pasta according to package directions. 3. Cook the salmon fillet with olive oil and pasta until fully cooked. 4. Toss everything together with the cooked pasta and serve hot.,2
Roasted Salmon Pasta,entree,American,"['salmon fillet', 'olive oil', 'pasta', 'cauliflower', 'thyme', 'garlic', 'parmesan']",18,10,28,6,easy,False,A hearty and simple main dish built around salmon with pasta.,1. Prep the salmon fillet and gather the other ingredients. 2. Cook the pasta according to package directions. 3. Cook the salmon fillet with olive oil and pasta until fully cooked. 4. Toss everything together with the cooked pasta and serve hot.,2
Homestyle Salmon Pasta,entree,American,"['salmon fillet', 'olive oil', 'pasta', 'eggplant', 'tomato', 'thyme', 'parsley', 'garlic', 'parmesan']",10,10,20,6,easy,False,A savory weeknight entree built around salmon with pasta.,1. Prep the salmon fillet and gather the other ingredients. 2. Cook the pasta according to package directions. 3. Cook the salmon fillet with olive oil and pasta until fully cooked. 4. Toss everything together with the cooked pasta and serve hot.,3
Lemon Herb Salmon Pasta,entree,Mediterranean,"['salmon fillet', 'olive oil', 'pasta']",15,10,25,6,easy,False,A light but satisfying dinner built around salmon with pasta.,1. Prep the salmon fillet and gather the other ingredients. 2. Cook the pasta according to package directions. 3. Cook the salmon fillet with olive oil and pasta until fully cooked. 4. Toss everything together with the cooked pasta and serve hot.,1
Mediterranean Salmon Pasta,entree,Mediterranean,"['salmon fillet', 'olive oil', 'pasta', 'parmesan']",18,10,28,2,easy,False,A fresh and herb-forward main dish built around salmon with pasta.,1. Prep the salmon fillet and gather the other ingredients. 2. Cook the pasta according to package directions. 3. Cook the salmon fillet with olive oil and pasta until fully cooked. 4. Toss everything together with the cooked pasta and serve hot.,1
Garlic Oregano Salmon Pasta,entree,Mediterranean,"['salmon fillet', 'olive oil', 'pasta', 'garlic', 'parmesan']",20,10,30,4,easy,False,A bright Mediterranean-style entree built around salmon with pasta.,1. Prep the salmon fillet and gather the other ingredients. 2. Cook the pasta according to package directions. 3. Cook the salmon fillet with olive oil and pasta until fully cooked. 4. Toss everything together with the cooked pasta and serve hot.,2
Tomato Olive Salmon Pasta,entree,Mediterranean,"['salmon fillet', 'olive oil', 'pasta', 'feta', 'garlic', 'parmesan']",12,18,30,6,easy,False,A bright Mediterranean-style entree built around salmon with pasta.,1. Prep the salmon fillet and gather the other ingredients. 2. Cook the pasta according to package directions. 3. Cook the salmon fillet with olive oil and pasta until fully cooked. 4. Toss everything together with the cooked pasta and serve hot.,2
Zesty Herb Salmon Pasta,entree,Mediterranean,"['salmon fillet', 'olive oil', 'pasta', 'onion', 'parsley', 'garlic', 'parmesan']",10,25,35,4,easy,False,A light but satisfying dinner built around salmon with pasta.,1. Prep the salmon fillet and gather the other ingredients. 2. Cook the pasta according to package directions. 3. Cook the salmon fillet with olive oil and pasta until fully cooked. 4. Toss everything together with the cooked pasta and serve hot.,2
Sun-Dried Tomato Salmon Pasta,entree,Mediterranean,"['salmon fillet', 'olive oil', 'pasta', 'sweet potato', 'onion', 'feta', 'garlic', 'parmesan']",15,10,25,6,easy,False,A fresh and herb-forward main dish built around salmon with pasta.,1. Prep the salmon fillet and gather the other ingredients. 2. Cook the pasta according to package directions. 3. Cook the salmon fillet with olive oil and pasta until fully cooked. 4. Toss everything together with the cooked pasta and serve hot.,3
Herb Salmon Tacos,entree,American,"['salmon fillet', 'olive oil', 'corn tortillas', 'onion', 'bell pepper', 'butter', 'thyme', 'lime', 'cilantro']",12,10,22,6,easy,False,A savory weeknight entree built around salmon with tacos.,1. Prep the salmon fillet and gather the other ingredients. 2. Warm the tortillas or wraps. 3. Cook the salmon fillet with olive oil and corn tortillas until fully cooked. 4. Fill with the cooked ingredients and serve warm.,3
Garlic Salmon Tacos,entree,American,"['salmon fillet', 'olive oil', 'corn tortillas', 'spinach', 'tomato', 'onion', 'thyme', 'parsley', 'lime', 'cilantro']",20,10,30,6,easy,False,A hearty and simple main dish built around salmon with tacos.,1. Prep the salmon fillet and gather the other ingredients. 2. Warm the tortillas or wraps. 3. Cook the salmon fillet with olive oil and corn tortillas until fully cooked. 4. Fill with the cooked ingredients and serve warm.,3
Smoky Salmon Tacos,entree,American,"['salmon fillet', 'olive oil', 'lime', 'cilantro']",18,10,28,6,easy,False,A savory weeknight entree built around salmon with tacos.,1. Prep the salmon fillet and gather the other ingredients. 2. Warm the tortillas or wraps. 3. Cook the salmon fillet with olive oil and lime until fully cooked. 4. Fill with the cooked ingredients and serve warm.,1
Lemon Pepper Salmon Tacos,entree,American,"['salmon fillet', 'olive oil', 'rosemary', 'lime', 'cilantro']",12,13,25,4,easy,False,A hearty and simple main dish built around salmon with tacos.,1. Prep the salmon fillet and gather the other ingredients. 2. Warm the tortillas or wraps. 3. Cook the salmon fillet with olive oil and rosemary until fully cooked. 4. Fill with the cooked ingredients and serve warm.,2
Roasted Salmon Tacos,entree,American,"['salmon fillet', 'olive oil', 'parsley', 'thyme', 'lime', 'cilantro']",15,15,30,4,easy,False,A hearty and simple main dish built around salmon with tacos.,1. Prep the salmon fillet and gather the other ingredients. 2. Warm the tortillas or wraps. 3. Cook the salmon fillet with olive oil and parsley until fully cooked. 4. Fill with the cooked ingredients and serve warm.,2
Homestyle Salmon Tacos,entree,American,"['salmon fillet', 'olive oil', 'corn tortillas', 'thyme', 'garlic powder', 'lime', 'cilantro']",12,18,30,6,easy,False,A hearty and simple main dish built around salmon with tacos.,1. Prep the salmon fillet and gather the other ingredients. 2. Warm the tortillas or wraps. 3. Cook the salmon fillet with olive oil and corn tortillas until fully cooked. 4. Fill with the cooked ingredients and serve warm.,2
Herb Salmon Salad,entree,American,"['salmon fillet', 'olive oil', 'mixed greens', 'spinach', 'tomato', 'onion', 'thyme', 'garlic powder']",12,10,22,6,easy,False,A hearty and simple main dish built around salmon with salad.,1. Prep the salmon fillet and gather the other ingredients. 2. Prepare the fresh ingredients and dressing. 3. Cook the salmon fillet with olive oil and mixed greens until fully cooked. 4. Toss everything together and serve.,3
Garlic Salmon Salad,entree,American,"['salmon fillet', 'olive oil', 'rosemary']",10,10,20,4,easy,False,A hearty and simple main dish built around salmon with salad.,1. Prep the salmon fillet and gather the other ingredients. 2. Prepare the fresh ingredients and dressing. 3. Cook the salmon fillet with olive oil and rosemary until fully cooked. 4. Toss everything together and serve.,1
Smoky Salmon Salad,entree,American,"['salmon fillet', 'olive oil', 'onion', 'butter', 'thyme']",10,10,20,4,easy,False,A savory weeknight entree built around salmon with salad.,1. Prep the salmon fillet and gather the other ingredients. 2. Prepare the fresh ingredients and dressing. 3. Cook the salmon fillet with olive oil and onion until fully cooked. 4. Toss everything together and serve.,2
Lemon Pepper Salmon Salad,entree,American,"['salmon fillet', 'olive oil', 'mixed greens', 'onion', 'butter', 'parsley']",20,10,30,4,easy,False,A comfort-food style dinner built around salmon with salad.,1. Prep the salmon fillet and gather the other ingredients. 2. Prepare the fresh ingredients and dressing. 3. Cook the salmon fillet with olive oil and mixed greens until fully cooked. 4. Toss everything together and serve.,2
Roasted Salmon Salad,entree,American,"['salmon fillet', 'olive oil', 'mixed greens', 'sweet potato', 'onion', 'thyme', 'paprika']",10,10,20,6,easy,False,A comfort-food style dinner built around salmon with salad.,1. Prep the salmon fillet and gather the other ingredients. 2. Prepare the fresh ingredients and dressing. 3. Cook the salmon fillet with olive oil and mixed greens until fully cooked. 4. Toss everything together and serve.,2
Homestyle Salmon Salad,entree,American,"['salmon fillet', 'olive oil', 'salt', 'black pepper', 'mixed greens', 'corn', 'onion', 'parsley', 'garlic powder']",15,10,25,6,easy,False,A savory weeknight entree built around salmon with salad.,1. Prep the salmon fillet and gather the other ingredients. 2. Prepare the fresh ingredients and dressing. 3. Cook the salmon fillet with olive oil and salt until fully cooked. 4. Toss everything together and serve.,3
Lemon Herb Salmon Salad,entree,Mediterranean,"['salmon fillet', 'olive oil', 'mixed greens']",18,10,28,4,easy,False,A fresh and herb-forward main dish built around salmon with salad.,1. Prep the salmon fillet and gather the other ingredients. 2. Prepare the fresh ingredients and dressing. 3. Cook the salmon fillet with olive oil and mixed greens until fully cooked. 4. Toss everything together and serve.,1
Mediterranean Salmon Salad,entree,Mediterranean,"['salmon fillet', 'olive oil', 'mixed greens', 'feta']",15,10,25,6,easy,False,A bright Mediterranean-style entree built around salmon with salad.,1. Prep the salmon fillet and gather the other ingredients. 2. Prepare the fresh ingredients and dressing. 3. Cook the salmon fillet with olive oil and mixed greens until fully cooked. 4. Toss everything together and serve.,1
Garlic Oregano Salmon Salad,entree,Mediterranean,"['salmon fillet', 'olive oil', 'mixed greens', 'cabbage', 'parsley']",18,10,28,2,easy,False,A bright Mediterranean-style entree built around salmon with salad.,1. Prep the salmon fillet and gather the other ingredients. 2. Prepare the fresh ingredients and dressing. 3. Cook the salmon fillet with olive oil and mixed greens until fully cooked. 4. Toss everything together and serve.,2
Tomato Olive Salmon Salad,entree,Mediterranean,"['salmon fillet', 'olive oil', 'mixed greens', 'sweet potato', 'onion', 'lemon']",18,10,28,6,easy,False,A bright Mediterranean-style entree built around salmon with salad.,1. Prep the salmon fillet and gather the other ingredients. 2. Prepare the fresh ingredients and dressing. 3. Cook the salmon fillet with olive oil and mixed greens until fully cooked. 4. Toss everything together and serve.,2
Zesty Herb Salmon Salad,entree,Mediterranean,"['salmon fillet', 'olive oil', 'mixed greens', 'kale', 'white beans', 'tomato', 'oregano']",20,10,30,4,easy,False,A bright Mediterranean-style entree built around salmon with salad.,1. Prep the salmon fillet and gather the other ingredients. 2. Prepare the fresh ingredients and dressing. 3. Cook the salmon fillet with olive oil and mixed greens until fully cooked. 4. Toss everything together and serve.,2
Sun-Dried Tomato Salmon Salad,entree,Mediterranean,"['salmon fillet', 'olive oil', 'mixed greens', 'kale', 'white beans', 'tomato', 'cucumber', 'feta']",12,10,22,2,easy,False,A light but satisfying dinner built around salmon with salad.,1. Prep the salmon fillet and gather the other ingredients. 2. Prepare the fresh ingredients and dressing. 3. Cook the salmon fillet with olive oil and mixed greens until fully cooked. 4. Toss everything together and serve.,3
Herb Salmon Soup,entree,American,"['salmon fillet', 'olive oil', 'broth', 'mushrooms', 'onion', 'peas', 'butter', 'garlic powder', 'garlic']",15,15,30,6,medium,False,A comfort-food style dinner built around salmon with soup.,"1. Prep the salmon fillet and gather the other ingredients. 2. Simmer the ingredients in a pot until tender. 3. Cook the salmon fillet with olive oil and broth until fully cooked. 4. Stir well, taste, and serve hot.",3
Garlic Salmon Soup,entree,American,"['salmon fillet', 'olive oil', 'salt', 'black pepper', 'broth', 'corn', 'onion', 'thyme', 'paprika', 'garlic']",18,22,40,6,medium,False,A savory weeknight entree built around salmon with soup.,"1. Prep the salmon fillet and gather the other ingredients. 2. Simmer the ingredients in a pot until tender. 3. Cook the salmon fillet with olive oil and salt until fully cooked. 4. Stir well, taste, and serve hot.",3
Smoky Salmon Soup,entree,American,"['salmon fillet', 'olive oil', 'broth', 'garlic']",15,20,35,2,medium,False,A hearty and simple main dish built around salmon with soup.,"1. Prep the salmon fillet and gather the other ingredients. 2. Simmer the ingredients in a pot until tender. 3. Cook the salmon fillet with olive oil and broth until fully cooked. 4. Stir well, taste, and serve hot.",1
Lemon Pepper Salmon Soup,entree,American,"['salmon fillet', 'olive oil', 'broth', 'parsley', 'garlic']",20,10,30,4,medium,False,A savory weeknight entree built around salmon with soup.,"1. Prep the salmon fillet and gather the other ingredients. 2. Simmer the ingredients in a pot until tender. 3. Cook the salmon fillet with olive oil and broth until fully cooked. 4. Stir well, taste, and serve hot.",2
Roasted Salmon Soup,entree,American,"['salmon fillet', 'olive oil', 'broth', 'cabbage', 'garlic powder', 'garlic']",15,20,35,2,medium,False,A hearty and simple main dish built around salmon with soup.,"1. Prep the salmon fillet and gather the other ingredients. 2. Simmer the ingredients in a pot until tender. 3. Cook the salmon fillet with olive oil and broth until fully cooked. 4. Stir well, taste, and serve hot.",2
Homestyle Salmon Soup,entree,American,"['salmon fillet', 'olive oil', 'broth', 'onion', 'rosemary', 'thyme', 'garlic']",20,10,30,4,medium,False,A comfort-food style dinner built around salmon with soup.,"1. Prep the salmon fillet and gather the other ingredients. 2. Simmer the ingredients in a pot until tender. 3. Cook the salmon fillet with olive oil and broth until fully cooked. 4. Stir well, taste, and serve hot.",2
Lemon Herb Salmon Soup,entree,Mediterranean,"['salmon fillet', 'olive oil', 'broth', 'cabbage', 'carrot', 'green onion', 'parsley', 'garlic']",10,20,30,6,medium,False,A fresh and herb-forward main dish built around salmon with soup.,"1. Prep the salmon fillet and gather the other ingredients. 2. Simmer the ingredients in a pot until tender. 3. Cook the salmon fillet with olive oil and broth until fully cooked. 4. Stir well, taste, and serve hot.",3
Mediterranean Salmon Soup,entree,Mediterranean,"['salmon fillet', 'olive oil', 'broth']",15,25,40,4,medium,False,A light but satisfying dinner built around salmon with soup.,"1. Prep the salmon fillet and gather the other ingredients. 2. Simmer the ingredients in a pot until tender. 3. Cook the salmon fillet with olive oil and broth until fully cooked. 4. Stir well, taste, and serve hot.",1
Garlic Oregano Salmon Soup,entree,Mediterranean,"['salmon fillet', 'olive oil', 'broth', 'oregano', 'garlic']",20,15,35,4,medium,False,A light but satisfying dinner built around salmon with soup.,"1. Prep the salmon fillet and gather the other ingredients. 2. Simmer the ingredients in a pot until tender. 3. Cook the salmon fillet with olive oil and broth until fully cooked. 4. Stir well, taste, and serve hot.",2
Tomato Olive Salmon Soup,entree,Mediterranean,"['salmon fillet', 'olive oil', 'broth', 'cabbage', 'lemon', 'garlic']",12,23,35,2,medium,False,A light but satisfying dinner built around salmon with soup.,"1. Prep the salmon fillet and gather the other ingredients. 2. Simmer the ingredients in a pot until tender. 3. Cook the salmon fillet with olive oil and broth until fully cooked. 4. Stir well, taste, and serve hot.",2
Zesty Herb Salmon Soup,entree,Mediterranean,"['salmon fillet', 'olive oil', 'broth', 'cauliflower', 'carrot', 'feta', 'garlic']",10,30,40,6,medium,False,A bright Mediterranean-style entree built around salmon with soup.,"1. Prep the salmon fillet and gather the other ingredients. 2. Simmer the ingredients in a pot until tender. 3. Cook the salmon fillet with olive oil and broth until fully cooked. 4. Stir well, taste, and serve hot.",2
Sun-Dried Tomato Salmon Soup,entree,Mediterranean,"['salmon fillet', 'olive oil', 'broth', 'kale', 'white beans', 'tomato', 'lemon', 'olives', 'garlic']",18,27,45,2,medium,False,A light but satisfying dinner built around salmon with soup.,"1. Prep the salmon fillet and gather the other ingredients. 2. Simmer the ingredients in a pot until tender. 3. Cook the salmon fillet with olive oil and broth until fully cooked. 4. Stir well, taste, and serve hot.",3
Ginger Garlic Salmon Soup,entree,Asian,"['salmon fillet', 'olive oil', 'broth']",20,20,40,6,medium,False,A savory umami-forward main dish built around salmon with soup.,"1. Prep the salmon fillet and gather the other ingredients. 2. Simmer the ingredients in a pot until tender. 3. Cook the salmon fillet with olive oil and broth until fully cooked. 4. Stir well, taste, and serve hot.",1
Sesame Salmon Soup,entree,Asian,"['salmon fillet', 'olive oil', 'broth', 'garlic']",20,15,35,4,medium,False,A savory umami-forward main dish built around salmon with soup.,"1. Prep the salmon fillet and gather the other ingredients. 2. Simmer the ingredients in a pot until tender. 3. Cook the salmon fillet with olive oil and broth until fully cooked. 4. Stir well, taste, and serve hot.",1
Soy Glazed Salmon Soup,entree,Asian,"['salmon fillet', 'olive oil', 'broth', 'soy sauce', 'garlic']",15,20,35,2,medium,False,A savory umami-forward main dish built around salmon with soup.,"1. Prep the salmon fillet and gather the other ingredients. 2. Simmer the ingredients in a pot until tender. 3. Cook the salmon fillet with olive oil and broth until fully cooked. 4. Stir well, taste, and serve hot.",2
Sweet Chili Salmon Soup,entree,Asian,"['salmon fillet', 'olive oil', 'broth', 'spinach', 'onion', 'garlic']",12,18,30,6,medium,False,A takeout-style dinner made at home built around salmon with soup.,"1. Prep the salmon fillet and gather the other ingredients. 2. Simmer the ingredients in a pot until tender. 3. Cook the salmon fillet with olive oil and broth until fully cooked. 4. Stir well, taste, and serve hot.",2
Teriyaki Salmon Soup,entree,Asian,"['salmon fillet', 'olive oil', 'broth', 'onion', 'bell pepper', 'zucchini', 'garlic']",12,23,35,4,medium,False,A quick Asian-inspired entree built around salmon with soup.,"1. Prep the salmon fillet and gather the other ingredients. 2. Simmer the ingredients in a pot until tender. 3. Cook the salmon fillet with olive oil and broth until fully cooked. 4. Stir well, taste, and serve hot.",2
Scallion Salmon Soup,entree,Asian,"['salmon fillet', 'olive oil', 'broth', 'cabbage', 'carrot', 'green onion', 'broccoli', 'garlic']",15,15,30,6,medium,False,A takeout-style dinner made at home built around salmon with soup.,"1. Prep the salmon fillet and gather the other ingredients. 2. Simmer the ingredients in a pot until tender. 3. Cook the salmon fillet with olive oil and broth until fully cooked. 4. Stir well, taste, and serve hot.",3
Herb Salmon Sheet Pan Dinner,entree,American,"['salmon fillet', 'olive oil', 'onion', 'bell pepper', 'kale', 'white beans', 'tomato', 'parsley', 'garlic powder']",10,30,40,2,easy,False,A hearty and simple main dish built around salmon with sheet pan dinner.,1. Prep the salmon fillet and gather the other ingredients. 2. Heat a pan over medium heat. 3. Cook the salmon fillet with olive oil and onion until fully cooked. 4. Combine everything and serve hot.,3
Garlic Salmon Sheet Pan Dinner,entree,American,"['salmon fillet', 'olive oil', 'salt', 'black pepper', 'onion', 'bell pepper', 'zucchini', 'parsley']",20,20,40,6,easy,False,A hearty and simple main dish built around salmon with sheet pan dinner.,1. Prep the salmon fillet and gather the other ingredients. 2. Heat a pan over medium heat. 3. Cook the salmon fillet with olive oil and salt until fully cooked. 4. Combine everything and serve hot.,3
Smoky Salmon Sheet Pan Dinner,entree,American,"['salmon fillet', 'olive oil', 'butter', 'parsley']",15,25,40,4,easy,False,A savory weeknight entree built around salmon with sheet pan dinner.,1. Prep the salmon fillet and gather the other ingredients. 2. Heat a pan over medium heat. 3. Cook the salmon fillet with olive oil and butter until fully cooked. 4. Combine everything and serve hot.,1
Lemon Pepper Salmon Sheet Pan Dinner,entree,American,"['salmon fillet', 'olive oil', 'onion', 'parsley', 'paprika']",15,30,45,2,easy,False,A comfort-food style dinner built around salmon with sheet pan dinner.,1. Prep the salmon fillet and gather the other ingredients. 2. Heat a pan over medium heat. 3. Cook the salmon fillet with olive oil and onion until fully cooked. 4. Combine everything and serve hot.,2
Roasted Salmon Sheet Pan Dinner,entree,American,"['salmon fillet', 'olive oil', 'onion', 'bell pepper', 'garlic powder', 'thyme']",10,25,35,4,easy,False,A hearty and simple main dish built around salmon with sheet pan dinner.,1. Prep the salmon fillet and gather the other ingredients. 2. Heat a pan over medium heat. 3. Cook the salmon fillet with olive oil and onion until fully cooked. 4. Combine everything and serve hot.,2
Homestyle Salmon Sheet Pan Dinner,entree,American,"['salmon fillet', 'olive oil', 'onion', 'bell pepper', 'eggplant', 'garlic powder', 'thyme']",15,30,45,2,easy,False,A savory weeknight entree built around salmon with sheet pan dinner.,1. Prep the salmon fillet and gather the other ingredients. 2. Heat a pan over medium heat. 3. Cook the salmon fillet with olive oil and onion until fully cooked. 4. Combine everything and serve hot.,2
Lemon Herb Salmon Sheet Pan Dinner,entree,Mediterranean,"['salmon fillet', 'olive oil', 'onion', 'bell pepper', 'cabbage', 'carrot', 'parsley', 'feta']",20,25,45,2,easy,False,A fresh and herb-forward main dish built around salmon with sheet pan dinner.,1. Prep the salmon fillet and gather the other ingredients. 2. Heat a pan over medium heat. 3. Cook the salmon fillet with olive oil and onion until fully cooked. 4. Combine everything and serve hot.,3
Mediterranean Salmon Sheet Pan Dinner,entree,Mediterranean,"['salmon fillet', 'olive oil', 'lemon']",12,28,40,6,easy,False,A fresh and herb-forward main dish built around salmon with sheet pan dinner.,1. Prep the salmon fillet and gather the other ingredients. 2. Heat a pan over medium heat. 3. Cook the salmon fillet with olive oil and lemon until fully cooked. 4. Combine everything and serve hot.,1
Garlic Oregano Salmon Sheet Pan Dinner,entree,Mediterranean,"['salmon fillet', 'olive oil', 'onion', 'bell pepper', 'oregano']",18,17,35,2,easy,False,A bright Mediterranean-style entree built around salmon with sheet pan dinner.,1. Prep the salmon fillet and gather the other ingredients. 2. Heat a pan over medium heat. 3. Cook the salmon fillet with olive oil and onion until fully cooked. 4. Combine everything and serve hot.,2
Tomato Olive Salmon Sheet Pan Dinner,entree,Mediterranean,"['salmon fillet', 'olive oil', 'onion', 'bell pepper', 'broccoli', 'oregano']",20,25,45,2,easy,False,A bright Mediterranean-style entree built around salmon with sheet pan dinner.,1. Prep the salmon fillet and gather the other ingredients. 2. Heat a pan over medium heat. 3. Cook the salmon fillet with olive oil and onion until fully cooked. 4. Combine everything and serve hot.,2
Zesty Herb Salmon Sheet Pan Dinner,entree,Mediterranean,"['salmon fillet', 'olive oil', 'onion', 'bell pepper', 'broccoli', 'carrot', 'snap peas']",10,25,35,6,easy,False,A light but satisfying dinner built around salmon with sheet pan dinner.,1. Prep the salmon fillet and gather the other ingredients. 2. Heat a pan over medium heat. 3. Cook the salmon fillet with olive oil and onion until fully cooked. 4. Combine everything and serve hot.,2
Sun-Dried Tomato Salmon Sheet Pan Dinner,entree,Mediterranean,"['salmon fillet', 'olive oil', 'onion', 'bell pepper', 'broccoli', 'carrot', 'snap peas', 'tomato', 'feta']",15,30,45,4,easy,False,A light but satisfying dinner built around salmon with sheet pan dinner.,1. Prep the salmon fillet and gather the other ingredients. 2. Heat a pan over medium heat. 3. Cook the salmon fillet with olive oil and onion until fully cooked. 4. Combine everything and serve hot.,3
Herb Salmon Skillet,entree,American,"['salmon fillet', 'olive oil', 'paprika']",12,18,30,4,easy,False,A savory weeknight entree built around salmon with skillet.,1. Prep the salmon fillet and gather the other ingredients. 2. Heat a pan over medium heat. 3. Cook the salmon fillet with olive oil and paprika until fully cooked. 4. Combine everything and serve hot.,1
Garlic Salmon Skillet,entree,American,"['salmon fillet', 'olive oil', 'butter', 'paprika']",12,23,35,4,easy,False,A comfort-food style dinner built around salmon with skillet.,1. Prep the salmon fillet and gather the other ingredients. 2. Heat a pan over medium heat. 3. Cook the salmon fillet with olive oil and butter until fully cooked. 4. Combine everything and serve hot.,1
Smoky Salmon Skillet,entree,American,"['salmon fillet', 'olive oil', 'onion', 'garlic', 'parsley']",18,10,28,6,easy,False,A comfort-food style dinner built around salmon with skillet.,1. Prep the salmon fillet and gather the other ingredients. 2. Heat a pan over medium heat. 3. Cook the salmon fillet with olive oil and onion until fully cooked. 4. Combine everything and serve hot.,2
Lemon Pepper Salmon Skillet,entree,American,"['salmon fillet', 'olive oil', 'onion', 'garlic', 'rosemary', 'paprika']",18,10,28,6,easy,False,A comfort-food style dinner built around salmon with skillet.,1. Prep the salmon fillet and gather the other ingredients. 2. Heat a pan over medium heat. 3. Cook the salmon fillet with olive oil and onion until fully cooked. 4. Combine everything and serve hot.,2
Roasted Salmon Skillet,entree,American,"['salmon fillet', 'olive oil', 'onion', 'garlic', 'eggplant', 'parsley', 'rosemary']",20,10,30,2,easy,False,A hearty and simple main dish built around salmon with skillet.,1. Prep the salmon fillet and gather the other ingredients. 2. Heat a pan over medium heat. 3. Cook the salmon fillet with olive oil and onion until fully cooked. 4. Combine everything and serve hot.,2
Homestyle Salmon Skillet,entree,American,"['salmon fillet', 'olive oil', 'onion', 'garlic', 'kale', 'white beans', 'rosemary', 'garlic powder']",12,13,25,2,easy,False,A hearty and simple main dish built around salmon with skillet.,1. Prep the salmon fillet and gather the other ingredients. 2. Heat a pan over medium heat. 3. Cook the salmon fillet with olive oil and onion until fully cooked. 4. Combine everything and serve hot.,3
Ginger Garlic Salmon Skillet,entree,Asian,"['salmon fillet', 'olive oil', 'onion', 'garlic', 'kale', 'white beans', 'tomato', 'broccoli', 'honey']",12,10,22,2,easy,False,A quick Asian-inspired entree built around salmon with skillet.,1. Prep the salmon fillet and gather the other ingredients. 2. Heat a pan over medium heat. 3. Cook the salmon fillet with olive oil and onion until fully cooked. 4. Combine everything and serve hot.,3
Sesame Salmon Skillet,entree,Asian,"['salmon fillet', 'olive oil', 'salt', 'black pepper', 'onion', 'garlic', 'mushrooms', 'peas', 'broccoli', 'ginger']",10,25,35,2,easy,False,A savory umami-forward main dish built around salmon with skillet.,1. Prep the salmon fillet and gather the other ingredients. 2. Heat a pan over medium heat. 3. Cook the salmon fillet with olive oil and salt until fully cooked. 4. Combine everything and serve hot.,3
Soy Glazed Salmon Skillet,entree,Asian,"['salmon fillet', 'olive oil', 'garlic', 'soy sauce']",10,25,35,4,easy,False,A quick Asian-inspired entree built around salmon with skillet.,1. Prep the salmon fillet and gather the other ingredients. 2. Heat a pan over medium heat. 3. Cook the salmon fillet with olive oil and garlic until fully cooked. 4. Combine everything and serve hot.,1
Sweet Chili Salmon Skillet,entree,Asian,"['salmon fillet', 'olive oil', 'onion', 'garlic', 'ginger']",18,10,28,6,easy,False,A quick Asian-inspired entree built around salmon with skillet.,"1. Prep the salmon fillet and gather the other ingredients. 2. Simmer the ingredients in a pot until tender. 3. Cook the salmon fillet with olive oil and onion until fully cooked. 4. Stir well, taste, and serve hot.",2
Teriyaki Salmon Skillet,entree,Asian,"['salmon fillet', 'olive oil', 'onion', 'garlic', 'spinach', 'soy sauce']",20,10,30,6,easy,False,A takeout-style dinner made at home built around salmon with skillet.,1. Prep the salmon fillet and gather the other ingredients. 2. Heat a pan over medium heat. 3. Cook the salmon fillet with olive oil and onion until fully cooked. 4. Combine everything and serve hot.,2
Scallion Salmon Skillet,entree,Asian,"['salmon fillet', 'olive oil', 'onion', 'garlic', 'sweet potato', 'black beans', 'ginger']",18,10,28,2,easy,False,A quick Asian-inspired entree built around salmon with skillet.,1. Prep the salmon fillet and gather the other ingredients. 2. Heat a pan over medium heat. 3. Cook the salmon fillet with olive oil and onion until fully cooked. 4. Combine everything and serve hot.,2
Ginger Garlic Salmon Curry,entree,Asian,"['salmon fillet', 'olive oil', 'onion', 'garlic', 'coconut milk', 'cabbage', 'carrot', 'ginger']",10,20,30,6,medium,False,A quick Asian-inspired entree built around salmon with curry.,1. Prep the salmon fillet and gather the other ingredients. 2. Heat a pan over medium heat. 3. Cook the salmon fillet with olive oil and onion until fully cooked. 4. Combine everything and serve hot.,3
Sesame Salmon Curry,entree,Asian,"['salmon fillet', 'olive oil', 'ginger']",18,27,45,6,medium,False,A quick Asian-inspired entree built around salmon with curry.,1. Prep the salmon fillet and gather the other ingredients. 2. Heat a pan over medium heat. 3. Cook the salmon fillet with olive oil and ginger until fully cooked. 4. Combine everything and serve hot.,1
Soy Glazed Salmon Curry,entree,Asian,"['salmon fillet', 'olive oil', 'coconut milk', 'soy sauce', 'ginger']",10,25,35,6,medium,False,A savory umami-forward main dish built around salmon with curry.,1. Prep the salmon fillet and gather the other ingredients. 2. Heat a pan over medium heat. 3. Cook the salmon fillet with olive oil and coconut milk until fully cooked. 4. Combine everything and serve hot.,2
Sweet Chili Salmon Curry,entree,Asian,"['salmon fillet', 'olive oil', 'onion', 'garlic', 'coconut milk', 'ginger']",12,33,45,2,medium,False,A takeout-style dinner made at home built around salmon with curry.,"1. Prep the salmon fillet and gather the other ingredients. 2. Simmer the ingredients in a pot until tender. 3. Cook the salmon fillet with olive oil and onion until fully cooked. 4. Stir well, taste, and serve hot.",2
Teriyaki Salmon Curry,entree,Asian,"['salmon fillet', 'olive oil', 'onion', 'garlic', 'coconut milk', 'broccoli', 'ginger']",15,15,30,2,medium,False,A takeout-style dinner made at home built around salmon with curry.,1. Prep the salmon fillet and gather the other ingredients. 2. Heat a pan over medium heat. 3. Cook the salmon fillet with olive oil and onion until fully cooked. 4. Combine everything and serve hot.,2
Scallion Salmon Curry,entree,Asian,"['salmon fillet', 'olive oil', 'onion', 'garlic', 'coconut milk', 'mushrooms', 'peas', 'broccoli', 'ginger']",10,20,30,4,medium,False,A savory umami-forward main dish built around salmon with curry.,1. Prep the salmon fillet and gather the other ingredients. 2. Heat a pan over medium heat. 3. Cook the salmon fillet with olive oil and onion until fully cooked. 4. Combine everything and serve hot.,3
Ginger Garlic Salmon Stir-Fry,entree,Asian,"['salmon fillet', 'olive oil', 'garlic']",15,10,25,4,easy,False,A takeout-style dinner made at home built around salmon with stir-fry.,1. Prep the salmon fillet and gather the other ingredients. 2. Heat a skillet or wok over medium-high heat. 3. Cook the salmon fillet with olive oil and garlic until fully cooked. 4. Stir-fry everything until cooked through and serve hot.,1
Sesame Salmon Stir-Fry,entree,Asian,"['salmon fillet', 'olive oil', 'onion', 'garlic']",12,10,22,2,easy,False,A quick Asian-inspired entree built around salmon with stir-fry.,1. Prep the salmon fillet and gather the other ingredients. 2. Heat a skillet or wok over medium-high heat. 3. Cook the salmon fillet with olive oil and onion until fully cooked. 4. Stir-fry everything until cooked through and serve hot.,1
Soy Glazed Salmon Stir-Fry,entree,Asian,"['salmon fillet', 'olive oil', 'onion', 'ginger', 'garlic']",20,10,30,6,easy,False,A savory umami-forward main dish built around salmon with stir-fry.,1. Prep the salmon fillet and gather the other ingredients. 2. Heat a skillet or wok over medium-high heat. 3. Cook the salmon fillet with olive oil and onion until fully cooked. 4. Stir-fry everything until cooked through and serve hot.,2
Sweet Chili Salmon Stir-Fry,entree,Asian,"['salmon fillet', 'olive oil', 'bell pepper', 'onion', 'eggplant', 'garlic']",20,10,30,6,easy,False,A quick Asian-inspired entree built around salmon with stir-fry.,"1. Prep the salmon fillet and gather the other ingredients. 2. Simmer the ingredients in a pot until tender. 3. Cook the salmon fillet with olive oil and bell pepper until fully cooked. 4. Stir well, taste, and serve hot.",2
Teriyaki Salmon Stir-Fry,entree,Asian,"['salmon fillet', 'olive oil', 'bell pepper', 'onion', 'zucchini', 'ginger', 'garlic']",10,10,20,4,easy,False,A quick Asian-inspired entree built around salmon with stir-fry.,1. Prep the salmon fillet and gather the other ingredients. 2. Heat a skillet or wok over medium-high heat. 3. Cook the salmon fillet with olive oil and bell pepper until fully cooked. 4. Stir-fry everything until cooked through and serve hot.,2
Scallion Salmon Stir-Fry,entree,Asian,"['salmon fillet', 'olive oil', 'bell pepper', 'onion', 'spinach', 'tomato', 'rice vinegar', 'garlic']",18,10,28,6,easy,False,A quick Asian-inspired entree built around salmon with stir-fry.,1. Prep the salmon fillet and gather the other ingredients. 2. Heat a skillet or wok over medium-high heat. 3. Cook the salmon fillet with olive oil and bell pepper until fully cooked. 4. Stir-fry everything until cooked through and serve hot.,3
Herb Salmon Wrap,entree,American,"['salmon fillet', 'olive oil', 'flour tortillas', 'cauliflower', 'carrot', 'peas', 'thyme', 'lime', 'cilantro']",10,10,20,4,easy,False,A savory weeknight entree built around salmon with wrap.,1. Prep the salmon fillet and gather the other ingredients. 2. Warm the tortillas or wraps. 3. Cook the salmon fillet with olive oil and flour tortillas until fully cooked. 4. Fill with the cooked ingredients and serve warm.,3
Garlic Salmon Wrap,entree,American,"['salmon fillet', 'olive oil', 'flour tortillas', 'spinach', 'tomato', 'onion', 'rosemary', 'paprika', 'lime', 'cilantro']",18,10,28,4,easy,False,A savory weeknight entree built around salmon with wrap.,1. Prep the salmon fillet and gather the other ingredients. 2. Warm the tortillas or wraps. 3. Cook the salmon fillet with olive oil and flour tortillas until fully cooked. 4. Fill with the cooked ingredients and serve warm.,3
Smoky Salmon Wrap,entree,American,"['salmon fillet', 'olive oil', 'lime', 'cilantro']",10,10,20,2,easy,False,A comfort-food style dinner built around salmon with wrap.,1. Prep the salmon fillet and gather the other ingredients. 2. Warm the tortillas or wraps. 3. Cook the salmon fillet with olive oil and lime until fully cooked. 4. Fill with the cooked ingredients and serve warm.,1
Lemon Pepper Salmon Wrap,entree,American,"['salmon fillet', 'olive oil', 'sweet potato', 'lime', 'cilantro']",12,10,22,2,easy,False,A comfort-food style dinner built around salmon with wrap.,1. Prep the salmon fillet and gather the other ingredients. 2. Warm the tortillas or wraps. 3. Cook the salmon fillet with olive oil and sweet potato until fully cooked. 4. Fill with the cooked ingredients and serve warm.,2
Roasted Salmon Wrap,entree,American,"['salmon fillet', 'olive oil', 'onion', 'garlic powder', 'lime', 'cilantro']",15,10,25,6,easy,False,A hearty and simple main dish built around salmon with wrap.,1. Prep the salmon fillet and gather the other ingredients. 2. Warm the tortillas or wraps. 3. Cook the salmon fillet with olive oil and onion until fully cooked. 4. Fill with the cooked ingredients and serve warm.,2
Homestyle Salmon Wrap,entree,American,"['salmon fillet', 'olive oil', 'sweet potato', 'garlic powder', 'butter', 'lime', 'cilantro']",10,15,25,2,easy,False,A savory weeknight entree built around salmon with wrap.,1. Prep the salmon fillet and gather the other ingredients. 2. Warm the tortillas or wraps. 3. Cook the salmon fillet with olive oil and sweet potato until fully cooked. 4. Fill with the cooked ingredients and serve warm.,2
Lemon Herb Salmon Wrap,entree,Mediterranean,"['salmon fillet', 'olive oil', 'flour tortillas', 'cabbage', 'carrot', 'lemon', 'lime', 'cilantro']",20,10,30,4,easy,False,A light but satisfying dinner built around salmon with wrap.,1. Prep the salmon fillet and gather the other ingredients. 2. Warm the tortillas or wraps. 3. Cook the salmon fillet with olive oil and flour tortillas until fully cooked. 4. Fill with the cooked ingredients and serve warm.,3
Mediterranean Salmon Wrap,entree,Mediterranean,"['salmon fillet', 'olive oil', 'cilantro']",12,10,22,2,easy,False,A light but satisfying dinner built around salmon with wrap.,1. Prep the salmon fillet and gather the other ingredients. 2. Warm the tortillas or wraps. 3. Cook the salmon fillet with olive oil and cilantro until fully cooked. 4. Fill with the cooked ingredients and serve warm.,1
Garlic Oregano Salmon Wrap,entree,Mediterranean,"['salmon fillet', 'olive oil', 'flour tortillas', 'lime', 'cilantro']",10,10,20,6,easy,False,A fresh and herb-forward main dish built around salmon with wrap.,1. Prep the salmon fillet and gather the other ingredients. 2. Warm the tortillas or wraps. 3. Cook the salmon fillet with olive oil and flour tortillas until fully cooked. 4. Fill with the cooked ingredients and serve warm.,2
Tomato Olive Salmon Wrap,entree,Mediterranean,"['salmon fillet', 'olive oil', 'flour tortillas', 'oregano', 'lime', 'cilantro']",15,10,25,2,easy,False,A fresh and herb-forward main dish built around salmon with wrap.,1. Prep the salmon fillet and gather the other ingredients. 2. Warm the tortillas or wraps. 3. Cook the salmon fillet with olive oil and flour tortillas until fully cooked. 4. Fill with the cooked ingredients and serve warm.,2
Zesty Herb Salmon Wrap,entree,Mediterranean,"['salmon fillet', 'olive oil', 'flour tortillas', 'cauliflower', 'lemon', 'lime', 'cilantro']",12,10,22,6,easy,False,A light but satisfying dinner built around salmon with wrap.,1. Prep the salmon fillet and gather the other ingredients. 2. Warm the tortillas or wraps. 3. Cook the salmon fillet with olive oil and flour tortillas until fully cooked. 4. Fill with the cooked ingredients and serve warm.,2
Sun-Dried Tomato Salmon Wrap,entree,Mediterranean,"['salmon fillet', 'olive oil', 'flour tortillas', 'kale', 'white beans', 'tomato', 'oregano', 'lime', 'cilantro']",10,10,20,6,easy,False,A fresh and herb-forward main dish built around salmon with wrap.,1. Prep the salmon fillet and gather the other ingredients. 2. Warm the tortillas or wraps. 3. Cook the salmon fillet with olive oil and flour tortillas until fully cooked. 4. Fill with the cooked ingredients and serve warm.,3
Herb Salmon Grain Bowl,entree,American,"['salmon fillet', 'olive oil', 'quinoa']",10,10,20,2,easy,False,A hearty and simple main dish built around salmon with grain bowl.,1. Prep the salmon fillet and gather the other ingredients. 2. Cook the rice or grain until tender. 3. Cook the salmon fillet with olive oil and quinoa until fully cooked. 4. Layer everything in a bowl and serve hot.,1
Garlic Salmon Grain Bowl,entree,American,"['salmon fillet', 'olive oil', 'quinoa', 'garlic']",10,25,35,6,easy,False,A comfort-food style dinner built around salmon with grain bowl.,1. Prep the salmon fillet and gather the other ingredients. 2. Cook the rice or grain until tender. 3. Cook the salmon fillet with olive oil and quinoa until fully cooked. 4. Layer everything in a bowl and serve hot.,1
Smoky Salmon Grain Bowl,entree,American,"['salmon fillet', 'olive oil', 'quinoa', 'paprika', 'garlic']",10,20,30,4,easy,False,A hearty and simple main dish built around salmon with grain bowl.,1. Prep the salmon fillet and gather the other ingredients. 2. Cook the rice or grain until tender. 3. Cook the salmon fillet with olive oil and quinoa until fully cooked. 4. Layer everything in a bowl and serve hot.,2
Lemon Pepper Salmon Grain Bowl,entree,American,"['salmon fillet', 'olive oil', 'quinoa', 'onion', 'parsley', 'garlic']",12,23,35,6,easy,False,A savory weeknight entree built around salmon with grain bowl.,1. Prep the salmon fillet and gather the other ingredients. 2. Cook the rice or grain until tender. 3. Cook the salmon fillet with olive oil and quinoa until fully cooked. 4. Layer everything in a bowl and serve hot.,2
Roasted Salmon Grain Bowl,entree,American,"['salmon fillet', 'olive oil', 'quinoa', 'eggplant', 'tomato', 'thyme', 'garlic']",12,10,22,4,easy,False,A savory weeknight entree built around salmon with grain bowl.,1. Prep the salmon fillet and gather the other ingredients. 2. Cook the rice or grain until tender. 3. Cook the salmon fillet with olive oil and quinoa until fully cooked. 4. Layer everything in a bowl and serve hot.,2
Homestyle Salmon Grain Bowl,entree,American,"['salmon fillet', 'olive oil', 'quinoa', 'broccoli', 'carrot', 'paprika', 'thyme', 'garlic']",15,15,30,6,easy,False,A savory weeknight entree built around salmon with grain bowl.,1. Prep the salmon fillet and gather the other ingredients. 2. Cook the rice or grain until tender. 3. Cook the salmon fillet with olive oil and quinoa until fully cooked. 4. Layer everything in a bowl and serve hot.,3
Lemon Herb Salmon Grain Bowl,entree,Mediterranean,"['salmon fillet', 'olive oil', 'salt', 'black pepper', 'quinoa', 'mushrooms', 'onion', 'lemon', 'garlic']",12,18,30,6,easy,False,A fresh and herb-forward main dish built around salmon with grain bowl.,1. Prep the salmon fillet and gather the other ingredients. 2. Cook the rice or grain until tender. 3. Cook the salmon fillet with olive oil and salt until fully cooked. 4. Layer everything in a bowl and serve hot.,3
Mediterranean Salmon Grain Bowl,entree,Mediterranean,"['salmon fillet', 'olive oil', 'salt', 'black pepper', 'quinoa', 'spinach', 'onion', 'lemon', 'oregano', 'garlic']",18,10,28,2,easy,False,A fresh and herb-forward main dish built around salmon with grain bowl.,1. Prep the salmon fillet and gather the other ingredients. 2. Cook the rice or grain until tender. 3. Cook the salmon fillet with olive oil and salt until fully cooked. 4. Layer everything in a bowl and serve hot.,3
Garlic Oregano Salmon Grain Bowl,entree,Mediterranean,"['salmon fillet', 'olive oil', 'quinoa', 'garlic']",20,10,30,2,easy,False,A bright Mediterranean-style entree built around salmon with grain bowl.,1. Prep the salmon fillet and gather the other ingredients. 2. Cook the rice or grain until tender. 3. Cook the salmon fillet with olive oil and quinoa until fully cooked. 4. Layer everything in a bowl and serve hot.,1
Tomato Olive Salmon Grain Bowl,entree,Mediterranean,"['salmon fillet', 'olive oil', 'quinoa', 'feta', 'garlic']",12,18,30,4,easy,False,A light but satisfying dinner built around salmon with grain bowl.,1. Prep the salmon fillet and gather the other ingredients. 2. Cook the rice or grain until tender. 3. Cook the salmon fillet with olive oil and quinoa until fully cooked. 4. Layer everything in a bowl and serve hot.,2
Zesty Herb Salmon Grain Bowl,entree,Mediterranean,"['salmon fillet', 'olive oil', 'quinoa', 'oregano', 'feta', 'garlic']",15,15,30,4,easy,False,A bright Mediterranean-style entree built around salmon with grain bowl.,1. Prep the salmon fillet and gather the other ingredients. 2. Cook the rice or grain until tender. 3. Cook the salmon fillet with olive oil and quinoa until fully cooked. 4. Layer everything in a bowl and serve hot.,2
Sun-Dried Tomato Salmon Grain Bowl,entree,Mediterranean,"['salmon fillet', 'olive oil', 'quinoa', 'cabbage', 'carrot', 'lemon', 'garlic']",12,13,25,4,easy,False,A fresh and herb-forward main dish built around salmon with grain bowl.,1. Prep the salmon fillet and gather the other ingredients. 2. Cook the rice or grain until tender. 3. Cook the salmon fillet with olive oil and quinoa until fully cooked. 4. Layer everything in a bowl and serve hot.,2
Herb Salmon Stew,entree,American,"['salmon fillet', 'olive oil', 'broth', 'carrot', 'onion', 'paprika', 'parsley', 'garlic']",12,33,45,4,medium,False,A hearty and simple main dish built around salmon with stew.,"1. Prep the salmon fillet and gather the other ingredients. 2. Simmer the ingredients in a pot until tender. 3. Cook the salmon fillet with olive oil and broth until fully cooked. 4. Stir well, taste, and serve hot.",3
Garlic Salmon Stew,entree,American,"['salmon fillet', 'olive oil', 'broth']",15,25,40,2,medium,False,A savory weeknight entree built around salmon with stew.,"1. Prep the salmon fillet and gather the other ingredients. 2. Simmer the ingredients in a pot until tender. 3. Cook the salmon fillet with olive oil and broth until fully cooked. 4. Stir well, taste, and serve hot.",1
Smoky Salmon Stew,entree,American,"['salmon fillet', 'olive oil', 'broth', 'paprika', 'garlic']",15,25,40,4,medium,False,A hearty and simple main dish built around salmon with stew.,"1. Prep the salmon fillet and gather the other ingredients. 2. Simmer the ingredients in a pot until tender. 3. Cook the salmon fillet with olive oil and broth until fully cooked. 4. Stir well, taste, and serve hot.",2
Lemon Pepper Salmon Stew,entree,American,"['salmon fillet', 'olive oil', 'broth', 'carrot', 'garlic powder', 'garlic']",18,37,55,2,medium,False,A hearty and simple main dish built around salmon with stew.,"1. Prep the salmon fillet and gather the other ingredients. 2. Simmer the ingredients in a pot until tender. 3. Cook the salmon fillet with olive oil and broth until fully cooked. 4. Stir well, taste, and serve hot.",2
Roasted Salmon Stew,entree,American,"['salmon fillet', 'olive oil', 'broth', 'carrot', 'celery', 'rosemary', 'garlic']",12,33,45,4,medium,False,A hearty and simple main dish built around salmon with stew.,"1. Prep the salmon fillet and gather the other ingredients. 2. Simmer the ingredients in a pot until tender. 3. Cook the salmon fillet with olive oil and broth until fully cooked. 4. Stir well, taste, and serve hot.",2
Homestyle Salmon Stew,entree,American,"['salmon fillet', 'olive oil', 'broth', 'carrot', 'celery', 'onion', 'garlic powder', 'paprika', 'garlic']",10,40,50,4,medium,False,A hearty and simple main dish built around salmon with stew.,"1. Prep the salmon fillet and gather the other ingredients. 2. Simmer the ingredients in a pot until tender. 3. Cook the salmon fillet with olive oil and broth until fully cooked. 4. Stir well, taste, and serve hot.",3
Lemon Herb Salmon Stew,entree,Mediterranean,"['salmon fillet', 'olive oil', 'broth']",20,20,40,2,medium,False,A light but satisfying dinner built around salmon with stew.,"1. Prep the salmon fillet and gather the other ingredients. 2. Simmer the ingredients in a pot until tender. 3. Cook the salmon fillet with olive oil and broth until fully cooked. 4. Stir well, taste, and serve hot.",1
Mediterranean Salmon Stew,entree,Mediterranean,"['salmon fillet', 'olive oil', 'broth', 'garlic']",12,43,55,2,medium,False,A bright Mediterranean-style entree built around salmon with stew.,"1. Prep the salmon fillet and gather the other ingredients. 2. Simmer the ingredients in a pot until tender. 3. Cook the salmon fillet with olive oil and broth until fully cooked. 4. Stir well, taste, and serve hot.",1
Garlic Oregano Salmon Stew,entree,Mediterranean,"['salmon fillet', 'olive oil', 'broth', 'lemon', 'garlic']",12,33,45,6,medium,False,A fresh and herb-forward main dish built around salmon with stew.,"1. Prep the salmon fillet and gather the other ingredients. 2. Simmer the ingredients in a pot until tender. 3. Cook the salmon fillet with olive oil and broth until fully cooked. 4. Stir well, taste, and serve hot.",2
Tomato Olive Salmon Stew,entree,Mediterranean,"['salmon fillet', 'olive oil', 'broth', 'onion', 'lemon', 'garlic']",18,32,50,4,medium,False,A fresh and herb-forward main dish built around salmon with stew.,"1. Prep the salmon fillet and gather the other ingredients. 2. Simmer the ingredients in a pot until tender. 3. Cook the salmon fillet with olive oil and broth until fully cooked. 4. Stir well, taste, and serve hot.",2
Zesty Herb Salmon Stew,entree,Mediterranean,"['salmon fillet', 'olive oil', 'broth', 'carrot', 'onion', 'lemon', 'garlic']",18,32,50,2,medium,False,A bright Mediterranean-style entree built around salmon with stew.,"1. Prep the salmon fillet and gather the other ingredients. 2. Simmer the ingredients in a pot until tender. 3. Cook the salmon fillet with olive oil and broth until fully cooked. 4. Stir well, taste, and serve hot.",2
Sun-Dried Tomato Salmon Stew,entree,Mediterranean,"['salmon fillet', 'olive oil', 'broth', 'carrot', 'celery', 'cauliflower', 'peas', 'garlic']",15,25,40,2,medium,False,A light but satisfying dinner built around salmon with stew.,"1. Prep the salmon fillet and gather the other ingredients. 2. Simmer the ingredients in a pot until tender. 3. Cook the salmon fillet with olive oil and broth until fully cooked. 4. Stir well, taste, and serve hot.",3
Herb Tofu Rice Bowl,entree,American,"['firm tofu', 'soy sauce', 'sesame oil', 'rice', 'eggplant', 'tomato', 'rosemary', 'thyme', 'garlic']",12,10,22,6,easy,True,A comfort-food style dinner built around tofu with rice bowl.,1. Prep the firm tofu and gather the other ingredients. 2. Cook the rice or grain until tender. 3. Cook the firm tofu with soy sauce and sesame oil until fully cooked. 4. Layer everything in a bowl and serve hot.,3
Garlic Tofu Rice Bowl,entree,American,"['firm tofu', 'soy sauce', 'sesame oil', 'rice', 'cabbage', 'carrot', 'green onion', 'garlic powder', 'parsley', 'garlic']",18,10,28,6,easy,True,A comfort-food style dinner built around tofu with rice bowl.,1. Prep the firm tofu and gather the other ingredients. 2. Cook the rice or grain until tender. 3. Cook the firm tofu with soy sauce and sesame oil until fully cooked. 4. Layer everything in a bowl and serve hot.,3
Smoky Tofu Rice Bowl,entree,American,"['firm tofu', 'rice', 'parsley', 'garlic']",20,10,30,6,easy,True,A hearty and simple main dish built around tofu with rice bowl.,1. Prep the firm tofu and gather the other ingredients. 2. Cook the rice or grain until tender. 3. Cook the firm tofu with rice and parsley until fully cooked. 4. Layer everything in a bowl and serve hot.,1
Lemon Pepper Tofu Rice Bowl,entree,American,"['firm tofu', 'rice', 'rosemary', 'thyme', 'garlic']",10,15,25,6,easy,True,A comfort-food style dinner built around tofu with rice bowl.,1. Prep the firm tofu and gather the other ingredients. 2. Cook the rice or grain until tender. 3. Cook the firm tofu with rice and rosemary until fully cooked. 4. Layer everything in a bowl and serve hot.,2
Roasted Tofu Rice Bowl,entree,American,"['firm tofu', 'rice', 'onion', 'parsley', 'paprika', 'garlic']",10,20,30,6,easy,True,A savory weeknight entree built around tofu with rice bowl.,1. Prep the firm tofu and gather the other ingredients. 2. Cook the rice or grain until tender. 3. Cook the firm tofu with rice and onion until fully cooked. 4. Layer everything in a bowl and serve hot.,2
Homestyle Tofu Rice Bowl,entree,American,"['firm tofu', 'soy sauce', 'sesame oil', 'rice', 'paprika', 'garlic powder', 'garlic']",15,15,30,2,easy,True,A savory weeknight entree built around tofu with rice bowl.,1. Prep the firm tofu and gather the other ingredients. 2. Cook the rice or grain until tender. 3. Cook the firm tofu with soy sauce and sesame oil until fully cooked. 4. Layer everything in a bowl and serve hot.,2
Chipotle Tofu Rice Bowl,entree,Mexican,"['firm tofu', 'soy sauce', 'sesame oil', 'rice', 'cauliflower', 'carrot', 'cumin', 'garlic']",20,10,30,2,easy,True,A Mexican-inspired entree with bright flavors built around tofu with rice bowl.,1. Prep the firm tofu and gather the other ingredients. 2. Cook the rice or grain until tender. 3. Cook the firm tofu with soy sauce and sesame oil until fully cooked. 4. Layer everything in a bowl and serve hot.,3
Cilantro Lime Tofu Rice Bowl,entree,Mexican,"['firm tofu', 'rice', 'garlic']",10,15,25,4,easy,True,A bold and zesty main dish built around tofu with rice bowl.,1. Prep the firm tofu and gather the other ingredients. 2. Cook the rice or grain until tender. 3. Cook the firm tofu with rice and garlic until fully cooked. 4. Layer everything in a bowl and serve hot.,1
Spicy Tofu Rice Bowl,entree,Mexican,"['firm tofu', 'rice', 'chili powder', 'cumin', 'garlic']",20,10,30,6,easy,True,A bold and zesty main dish built around tofu with rice bowl.,1. Prep the firm tofu and gather the other ingredients. 2. Cook the rice or grain until tender. 3. Cook the firm tofu with rice and chili powder until fully cooked. 4. Layer everything in a bowl and serve hot.,2
Smoky Tofu Kale Rice Bowl,entree,Mexican,"['firm tofu', 'soy sauce', 'sesame oil', 'rice', 'cilantro', 'garlic']",18,10,28,4,easy,True,A Mexican-inspired entree with bright flavors built around tofu with rice bowl.,1. Prep the firm tofu and gather the other ingredients. 2. Cook the rice or grain until tender. 3. Cook the firm tofu with soy sauce and sesame oil until fully cooked. 4. Layer everything in a bowl and serve hot.,2
Salsa Verde Tofu Rice Bowl,entree,Mexican,"['firm tofu', 'soy sauce', 'sesame oil', 'rice', 'cauliflower', 'cilantro', 'garlic']",15,10,25,4,easy,True,A bold and zesty main dish built around tofu with rice bowl.,1. Prep the firm tofu and gather the other ingredients. 2. Cook the rice or grain until tender. 3. Cook the firm tofu with soy sauce and sesame oil until fully cooked. 4. Layer everything in a bowl and serve hot.,2
Southwest Tofu Rice Bowl,entree,Mexican,"['firm tofu', 'soy sauce', 'sesame oil', 'rice', 'sweet potato', 'onion', 'black beans', 'chili powder', 'garlic']",10,15,25,2,easy,True,A bold and zesty main dish built around tofu with rice bowl.,1. Prep the firm tofu and gather the other ingredients. 2. Cook the rice or grain until tender. 3. Cook the firm tofu with soy sauce and sesame oil until fully cooked. 4. Layer everything in a bowl and serve hot.,3
Lemon Herb Tofu Rice Bowl,entree,Mediterranean,"['firm tofu', 'rice', 'garlic']",15,15,30,4,easy,True,A light but satisfying dinner built around tofu with rice bowl.,1. Prep the firm tofu and gather the other ingredients. 2. Cook the rice or grain until tender. 3. Cook the firm tofu with rice and garlic until fully cooked. 4. Layer everything in a bowl and serve hot.,1
Mediterranean Tofu Rice Bowl,entree,Mediterranean,"['firm tofu', 'soy sauce', 'rice', 'garlic']",12,13,25,2,easy,True,A light but satisfying dinner built around tofu with rice bowl.,1. Prep the firm tofu and gather the other ingredients. 2. Cook the rice or grain until tender. 3. Cook the firm tofu with soy sauce and rice until fully cooked. 4. Layer everything in a bowl and serve hot.,1
Garlic Oregano Tofu Rice Bowl,entree,Mediterranean,"['firm tofu', 'soy sauce', 'rice', 'feta', 'garlic']",12,10,22,6,easy,True,A bright Mediterranean-style entree built around tofu with rice bowl.,1. Prep the firm tofu and gather the other ingredients. 2. Cook the rice or grain until tender. 3. Cook the firm tofu with soy sauce and rice until fully cooked. 4. Layer everything in a bowl and serve hot.,2
Tomato Olive Tofu Rice Bowl,entree,Mediterranean,"['firm tofu', 'soy sauce', 'sesame oil', 'rice', 'feta', 'garlic']",10,10,20,2,easy,True,A fresh and herb-forward main dish built around tofu with rice bowl.,1. Prep the firm tofu and gather the other ingredients. 2. Cook the rice or grain until tender. 3. Cook the firm tofu with soy sauce and sesame oil until fully cooked. 4. Layer everything in a bowl and serve hot.,2
Zesty Herb Tofu Rice Bowl,entree,Mediterranean,"['firm tofu', 'soy sauce', 'rice', 'onion', 'lemon', 'parsley', 'garlic']",18,12,30,4,easy,True,A light but satisfying dinner built around tofu with rice bowl.,1. Prep the firm tofu and gather the other ingredients. 2. Cook the rice or grain until tender. 3. Cook the firm tofu with soy sauce and rice until fully cooked. 4. Layer everything in a bowl and serve hot.,2
Sun-Dried Tomato Tofu Rice Bowl,entree,Mediterranean,"['firm tofu', 'soy sauce', 'sesame oil', 'rice', 'mushrooms', 'onion', 'oregano', 'garlic']",15,15,30,2,easy,True,A bright Mediterranean-style entree built around tofu with rice bowl.,1. Prep the firm tofu and gather the other ingredients. 2. Cook the rice or grain until tender. 3. Cook the firm tofu with soy sauce and sesame oil until fully cooked. 4. Layer everything in a bowl and serve hot.,3
Ginger Garlic Tofu Rice Bowl,entree,Asian,"['firm tofu', 'soy sauce', 'sesame oil', 'rice', 'corn', 'bell pepper', 'onion', 'ginger', 'garlic']",10,15,25,2,easy,True,A savory umami-forward main dish built around tofu with rice bowl.,1. Prep the firm tofu and gather the other ingredients. 2. Cook the rice or grain until tender. 3. Cook the firm tofu with soy sauce and sesame oil until fully cooked. 4. Layer everything in a bowl and serve hot.,3
Sesame Tofu Rice Bowl,entree,Asian,"['firm tofu', 'soy sauce', 'sesame oil', 'rice', 'spinach', 'tomato', 'onion', 'broccoli', 'garlic']",18,10,28,6,easy,True,A savory umami-forward main dish built around tofu with rice bowl.,1. Prep the firm tofu and gather the other ingredients. 2. Cook the rice or grain until tender. 3. Cook the firm tofu with soy sauce and sesame oil until fully cooked. 4. Layer everything in a bowl and serve hot.,3
Soy Glazed Tofu Rice Bowl,entree,Asian,"['firm tofu', 'soy sauce', 'rice', 'garlic']",20,10,30,4,easy,True,A quick Asian-inspired entree built around tofu with rice bowl.,1. Prep the firm tofu and gather the other ingredients. 2. Cook the rice or grain until tender. 3. Cook the firm tofu with soy sauce and rice until fully cooked. 4. Layer everything in a bowl and serve hot.,1
Sweet Chili Tofu Rice Bowl,entree,Asian,"['firm tofu', 'soy sauce', 'sesame oil', 'rice', 'garlic']",20,10,30,6,easy,True,A takeout-style dinner made at home built around tofu with rice bowl.,1. Prep the firm tofu and gather the other ingredients. 2. Cook the rice or grain until tender. 3. Cook the firm tofu with soy sauce and sesame oil until fully cooked. 4. Layer everything in a bowl and serve hot.,2
Teriyaki Tofu Rice Bowl,entree,Asian,"['firm tofu', 'soy sauce', 'rice', 'onion', 'ginger', 'garlic']",20,10,30,6,easy,True,A savory umami-forward main dish built around tofu with rice bowl.,1. Prep the firm tofu and gather the other ingredients. 2. Cook the rice or grain until tender. 3. Cook the firm tofu with soy sauce and rice until fully cooked. 4. Layer everything in a bowl and serve hot.,2
Scallion Tofu Rice Bowl,entree,Asian,"['firm tofu', 'soy sauce', 'sesame oil', 'rice', 'spinach', 'onion', 'garlic']",15,10,25,4,easy,True,A savory umami-forward main dish built around tofu with rice bowl.,1. Prep the firm tofu and gather the other ingredients. 2. Cook the rice or grain until tender. 3. Cook the firm tofu with soy sauce and sesame oil until fully cooked. 4. Layer everything in a bowl and serve hot.,2
Herb Tofu Pasta,entree,American,"['firm tofu', 'soy sauce', 'sesame oil', 'pasta', 'thyme', 'parsley', 'garlic', 'parmesan']",10,10,20,6,easy,True,A comfort-food style dinner built around tofu with pasta.,1. Prep the firm tofu and gather the other ingredients. 2. Cook the pasta according to package directions. 3. Cook the firm tofu with soy sauce and sesame oil until fully cooked. 4. Toss everything together with the cooked pasta and serve hot.,3
Garlic Tofu Pasta,entree,American,"['firm tofu', 'pasta', 'parmesan']",15,10,25,4,easy,True,A hearty and simple main dish built around tofu with pasta.,1. Prep the firm tofu and gather the other ingredients. 2. Cook the pasta according to package directions. 3. Cook the firm tofu with pasta and parmesan until fully cooked. 4. Toss everything together with the cooked pasta and serve hot.,1
Smoky Tofu Pasta,entree,American,"['firm tofu', 'pasta', 'parsley', 'garlic', 'parmesan']",12,23,35,4,easy,True,A savory weeknight entree built around tofu with pasta.,1. Prep the firm tofu and gather the other ingredients. 2. Cook the pasta according to package directions. 3. Cook the firm tofu with pasta and parsley until fully cooked. 4. Toss everything together with the cooked pasta and serve hot.,2
Lemon Pepper Tofu Pasta,entree,American,"['firm tofu', 'pasta', 'garlic powder', 'paprika', 'garlic', 'parmesan']",20,15,35,4,easy,True,A savory weeknight entree built around tofu with pasta.,1. Prep the firm tofu and gather the other ingredients. 2. Cook the pasta according to package directions. 3. Cook the firm tofu with pasta and garlic powder until fully cooked. 4. Toss everything together with the cooked pasta and serve hot.,2
Roasted Tofu Pasta,entree,American,"['firm tofu', 'pasta', 'onion', 'thyme', 'parsley', 'garlic', 'parmesan']",15,20,35,6,easy,True,A hearty and simple main dish built around tofu with pasta.,1. Prep the firm tofu and gather the other ingredients. 2. Cook the pasta according to package directions. 3. Cook the firm tofu with pasta and onion until fully cooked. 4. Toss everything together with the cooked pasta and serve hot.,2
Homestyle Tofu Pasta,entree,American,"['firm tofu', 'soy sauce', 'sesame oil', 'pasta', 'sweet potato', 'onion', 'paprika', 'garlic', 'parmesan']",12,18,30,2,easy,True,A savory weeknight entree built around tofu with pasta.,1. Prep the firm tofu and gather the other ingredients. 2. Cook the pasta according to package directions. 3. Cook the firm tofu with soy sauce and sesame oil until fully cooked. 4. Toss everything together with the cooked pasta and serve hot.,3
Lemon Herb Tofu Pasta,entree,Mediterranean,"['firm tofu', 'pasta', 'parmesan']",20,15,35,6,easy,True,A bright Mediterranean-style entree built around tofu with pasta.,1. Prep the firm tofu and gather the other ingredients. 2. Cook the pasta according to package directions. 3. Cook the firm tofu with pasta and parmesan until fully cooked. 4. Toss everything together with the cooked pasta and serve hot.,1
Mediterranean Tofu Pasta,entree,Mediterranean,"['firm tofu', 'pasta', 'garlic', 'parmesan']",15,15,30,4,easy,True,A light but satisfying dinner built around tofu with pasta.,1. Prep the firm tofu and gather the other ingredients. 2. Cook the pasta according to package directions. 3. Cook the firm tofu with pasta and garlic until fully cooked. 4. Toss everything together with the cooked pasta and serve hot.,1
Garlic Oregano Tofu Pasta,entree,Mediterranean,"['firm tofu', 'pasta', 'oregano', 'garlic', 'parmesan']",18,10,28,6,easy,True,A light but satisfying dinner built around tofu with pasta.,1. Prep the firm tofu and gather the other ingredients. 2. Cook the pasta according to package directions. 3. Cook the firm tofu with pasta and oregano until fully cooked. 4. Toss everything together with the cooked pasta and serve hot.,2
Tomato Olive Tofu Pasta,entree,Mediterranean,"['firm tofu', 'pasta', 'onion', 'feta', 'garlic', 'parmesan']",10,20,30,6,easy,True,A light but satisfying dinner built around tofu with pasta.,1. Prep the firm tofu and gather the other ingredients. 2. Cook the pasta according to package directions. 3. Cook the firm tofu with pasta and onion until fully cooked. 4. Toss everything together with the cooked pasta and serve hot.,2
Zesty Herb Tofu Pasta,entree,Mediterranean,"['firm tofu', 'soy sauce', 'pasta', 'onion', 'oregano', 'garlic', 'parmesan']",20,10,30,4,easy,True,A fresh and herb-forward main dish built around tofu with pasta.,1. Prep the firm tofu and gather the other ingredients. 2. Cook the pasta according to package directions. 3. Cook the firm tofu with soy sauce and pasta until fully cooked. 4. Toss everything together with the cooked pasta and serve hot.,2
Sun-Dried Tomato Tofu Pasta,entree,Mediterranean,"['firm tofu', 'soy sauce', 'sesame oil', 'pasta', 'cauliflower', 'oregano', 'garlic', 'parmesan']",10,25,35,6,easy,True,A light but satisfying dinner built around tofu with pasta.,1. Prep the firm tofu and gather the other ingredients. 2. Cook the pasta according to package directions. 3. Cook the firm tofu with soy sauce and sesame oil until fully cooked. 4. Toss everything together with the cooked pasta and serve hot.,3
Herb Tofu Tacos,entree,American,"['firm tofu', 'soy sauce', 'sesame oil', 'corn tortillas', 'onion', 'paprika', 'garlic powder', 'lime', 'cilantro']",20,10,30,6,easy,True,A comfort-food style dinner built around tofu with tacos.,1. Prep the firm tofu and gather the other ingredients. 2. Warm the tortillas or wraps. 3. Cook the firm tofu with soy sauce and sesame oil until fully cooked. 4. Fill with the cooked ingredients and serve warm.,3
Garlic Tofu Tacos,entree,American,"['firm tofu', 'soy sauce', 'sesame oil', 'corn tortillas', 'cauliflower', 'carrot', 'peas', 'garlic powder', 'lime', 'cilantro']",10,10,20,2,easy,True,A comfort-food style dinner built around tofu with tacos.,1. Prep the firm tofu and gather the other ingredients. 2. Warm the tortillas or wraps. 3. Cook the firm tofu with soy sauce and sesame oil until fully cooked. 4. Fill with the cooked ingredients and serve warm.,3
Smoky Tofu Tacos,entree,American,"['firm tofu', 'paprika', 'lime', 'cilantro']",12,10,22,4,easy,True,A comfort-food style dinner built around tofu with tacos.,1. Prep the firm tofu and gather the other ingredients. 2. Warm the tortillas or wraps. 3. Cook the firm tofu with paprika and lime until fully cooked. 4. Fill with the cooked ingredients and serve warm.,1
Lemon Pepper Tofu Tacos,entree,American,"['firm tofu', 'onion', 'garlic powder', 'lime', 'cilantro']",10,10,20,2,easy,True,A savory weeknight entree built around tofu with tacos.,1. Prep the firm tofu and gather the other ingredients. 2. Warm the tortillas or wraps. 3. Cook the firm tofu with onion and garlic powder until fully cooked. 4. Fill with the cooked ingredients and serve warm.,2
Roasted Tofu Tacos,entree,American,"['firm tofu', 'onion', 'rosemary', 'thyme', 'lime', 'cilantro']",10,15,25,4,easy,True,A hearty and simple main dish built around tofu with tacos.,1. Prep the firm tofu and gather the other ingredients. 2. Warm the tortillas or wraps. 3. Cook the firm tofu with onion and rosemary until fully cooked. 4. Fill with the cooked ingredients and serve warm.,2
Homestyle Tofu Tacos,entree,American,"['firm tofu', 'soy sauce', 'onion', 'parsley', 'rosemary', 'lime', 'cilantro']",15,10,25,2,easy,True,A savory weeknight entree built around tofu with tacos.,1. Prep the firm tofu and gather the other ingredients. 2. Warm the tortillas or wraps. 3. Cook the firm tofu with soy sauce and onion until fully cooked. 4. Fill with the cooked ingredients and serve warm.,2
Chipotle Tofu Tacos,entree,Mexican,"['firm tofu', 'soy sauce', 'sesame oil', 'corn tortillas', 'cauliflower', 'cilantro', 'cumin', 'lime']",10,10,20,6,easy,True,A bold and zesty main dish built around tofu with tacos.,1. Prep the firm tofu and gather the other ingredients. 2. Warm the tortillas or wraps. 3. Cook the firm tofu with soy sauce and sesame oil until fully cooked. 4. Fill with the cooked ingredients and serve warm.,3
Cilantro Lime Tofu Tacos,entree,Mexican,"['firm tofu', 'cilantro', 'lime']",15,10,25,6,easy,True,A Mexican-inspired entree with bright flavors built around tofu with tacos.,1. Prep the firm tofu and gather the other ingredients. 2. Warm the tortillas or wraps. 3. Cook the firm tofu with cilantro and lime until fully cooked. 4. Fill with the cooked ingredients and serve warm.,1
Spicy Tofu Tacos,entree,Mexican,"['firm tofu', 'soy sauce', 'onion', 'cilantro', 'lime']",20,10,30,2,easy,True,A family-friendly taco night style meal built around tofu with tacos.,1. Prep the firm tofu and gather the other ingredients. 2. Warm the tortillas or wraps. 3. Cook the firm tofu with soy sauce and onion until fully cooked. 4. Fill with the cooked ingredients and serve warm.,2
Smoky Tofu Corn Tacos,entree,Mexican,"['firm tofu', 'onion', 'chili powder', 'cumin', 'lime', 'cilantro']",10,10,20,4,easy,True,A bold and zesty main dish built around tofu with tacos.,1. Prep the firm tofu and gather the other ingredients. 2. Warm the tortillas or wraps. 3. Cook the firm tofu with onion and chili powder until fully cooked. 4. Fill with the cooked ingredients and serve warm.,2
Salsa Verde Tofu Tacos,entree,Mexican,"['firm tofu', 'soy sauce', 'sesame oil', 'corn tortillas', 'eggplant', 'lime', 'cilantro']",20,10,30,2,easy,True,A family-friendly taco night style meal built around tofu with tacos.,1. Prep the firm tofu and gather the other ingredients. 2. Warm the tortillas or wraps. 3. Cook the firm tofu with soy sauce and sesame oil until fully cooked. 4. Fill with the cooked ingredients and serve warm.,2
Southwest Tofu Tacos,entree,Mexican,"['firm tofu', 'soy sauce', 'sesame oil', 'corn tortillas', 'eggplant', 'tomato', 'chili powder', 'lime', 'cilantro']",12,10,22,6,easy,True,A Mexican-inspired entree with bright flavors built around tofu with tacos.,1. Prep the firm tofu and gather the other ingredients. 2. Warm the tortillas or wraps. 3. Cook the firm tofu with soy sauce and sesame oil until fully cooked. 4. Fill with the cooked ingredients and serve warm.,3
Herb Tofu Salad,entree,American,"['firm tofu', 'rosemary', 'paprika']",10,10,20,6,easy,True,A savory weeknight entree built around tofu with salad.,1. Prep the firm tofu and gather the other ingredients. 2. Prepare the fresh ingredients and dressing. 3. Cook the firm tofu with rosemary and paprika until fully cooked. 4. Toss everything together and serve.,1
Garlic Tofu Salad,entree,American,"['firm tofu', 'soy sauce', 'parsley', 'rosemary']",12,10,22,6,easy,True,A hearty and simple main dish built around tofu with salad.,1. Prep the firm tofu and gather the other ingredients. 2. Prepare the fresh ingredients and dressing. 3. Cook the firm tofu with soy sauce and parsley until fully cooked. 4. Toss everything together and serve.,1
Smoky Tofu Salad,entree,American,"['firm tofu', 'soy sauce', 'sesame oil', 'butter', 'thyme']",10,10,20,2,easy,True,A comfort-food style dinner built around tofu with salad.,1. Prep the firm tofu and gather the other ingredients. 2. Prepare the fresh ingredients and dressing. 3. Cook the firm tofu with soy sauce and sesame oil until fully cooked. 4. Toss everything together and serve.,2
Lemon Pepper Tofu Salad,entree,American,"['firm tofu', 'soy sauce', 'sesame oil', 'onion', 'paprika', 'butter']",15,10,25,6,easy,True,A comfort-food style dinner built around tofu with salad.,1. Prep the firm tofu and gather the other ingredients. 2. Prepare the fresh ingredients and dressing. 3. Cook the firm tofu with soy sauce and sesame oil until fully cooked. 4. Toss everything together and serve.,2
Roasted Tofu Salad,entree,American,"['firm tofu', 'soy sauce', 'sesame oil', 'mixed greens', 'eggplant', 'butter', 'paprika']",12,10,22,4,easy,True,A comfort-food style dinner built around tofu with salad.,1. Prep the firm tofu and gather the other ingredients. 2. Prepare the fresh ingredients and dressing. 3. Cook the firm tofu with soy sauce and sesame oil until fully cooked. 4. Toss everything together and serve.,2
Homestyle Tofu Salad,entree,American,"['firm tofu', 'soy sauce', 'sesame oil', 'mixed greens', 'cauliflower', 'carrot', 'peas', 'paprika']",10,10,20,4,easy,True,A hearty and simple main dish built around tofu with salad.,1. Prep the firm tofu and gather the other ingredients. 2. Prepare the fresh ingredients and dressing. 3. Cook the firm tofu with soy sauce and sesame oil until fully cooked. 4. Toss everything together and serve.,3
Lemon Herb Tofu Salad,entree,Mediterranean,"['firm tofu', 'soy sauce', 'sesame oil', 'mixed greens', 'cauliflower', 'carrot', 'peas', 'olives', 'feta']",20,10,30,2,easy,True,A light but satisfying dinner built around tofu with salad.,1. Prep the firm tofu and gather the other ingredients. 2. Prepare the fresh ingredients and dressing. 3. Cook the firm tofu with soy sauce and sesame oil until fully cooked. 4. Toss everything together and serve.,3
Mediterranean Tofu Salad,entree,Mediterranean,"['firm tofu', 'soy sauce', 'sesame oil', 'mixed greens', 'sweet potato', 'onion', 'black beans', 'lemon', 'feta']",10,10,20,6,easy,True,A bright Mediterranean-style entree built around tofu with salad.,1. Prep the firm tofu and gather the other ingredients. 2. Prepare the fresh ingredients and dressing. 3. Cook the firm tofu with soy sauce and sesame oil until fully cooked. 4. Toss everything together and serve.,3
Garlic Oregano Tofu Salad,entree,Mediterranean,"['firm tofu', 'soy sauce', 'onion', 'oregano']",12,13,25,2,easy,True,A bright Mediterranean-style entree built around tofu with salad.,1. Prep the firm tofu and gather the other ingredients. 2. Prepare the fresh ingredients and dressing. 3. Cook the firm tofu with soy sauce and onion until fully cooked. 4. Toss everything together and serve.,1
Tomato Olive Tofu Salad,entree,Mediterranean,"['firm tofu', 'soy sauce', 'sweet potato', 'onion', 'lemon']",20,10,30,6,easy,True,A light but satisfying dinner built around tofu with salad.,1. Prep the firm tofu and gather the other ingredients. 2. Prepare the fresh ingredients and dressing. 3. Cook the firm tofu with soy sauce and sweet potato until fully cooked. 4. Toss everything together and serve.,2
Zesty Herb Tofu Salad,entree,Mediterranean,"['firm tofu', 'soy sauce', 'sesame oil', 'mixed greens', 'parsley', 'feta']",10,10,20,6,easy,True,A bright Mediterranean-style entree built around tofu with salad.,1. Prep the firm tofu and gather the other ingredients. 2. Prepare the fresh ingredients and dressing. 3. Cook the firm tofu with soy sauce and sesame oil until fully cooked. 4. Toss everything together and serve.,2
Sun-Dried Tomato Tofu Salad,entree,Mediterranean,"['firm tofu', 'soy sauce', 'sesame oil', 'mixed greens', 'kale', 'white beans', 'tomato']",18,10,28,4,easy,True,A light but satisfying dinner built around tofu with salad.,1. Prep the firm tofu and gather the other ingredients. 2. Prepare the fresh ingredients and dressing. 3. Cook the firm tofu with soy sauce and sesame oil until fully cooked. 4. Toss everything together and serve.,2
Herb Tofu Soup,entree,American,"['firm tofu', 'soy sauce', 'sesame oil', 'broth', 'cabbage', 'paprika', 'rosemary', 'garlic']",15,30,45,6,medium,True,A hearty and simple main dish built around tofu with soup.,"1. Prep the firm tofu and gather the other ingredients. 2. Simmer the ingredients in a pot until tender. 3. Cook the firm tofu with soy sauce and sesame oil until fully cooked. 4. Stir well, taste, and serve hot.",3
Garlic Tofu Soup,entree,American,"['firm tofu', 'broth', 'butter']",15,15,30,2,medium,True,A hearty and simple main dish built around tofu with soup.,"1. Prep the firm tofu and gather the other ingredients. 2. Simmer the ingredients in a pot until tender. 3. Cook the firm tofu with broth and butter until fully cooked. 4. Stir well, taste, and serve hot.",1
Smoky Tofu Soup,entree,American,"['firm tofu', 'broth', 'parsley', 'thyme', 'garlic']",12,18,30,6,medium,True,A savory weeknight entree built around tofu with soup.,"1. Prep the firm tofu and gather the other ingredients. 2. Simmer the ingredients in a pot until tender. 3. Cook the firm tofu with broth and parsley until fully cooked. 4. Stir well, taste, and serve hot.",2
Lemon Pepper Tofu Soup,entree,American,"['firm tofu', 'soy sauce', 'broth', 'rosemary', 'parsley', 'garlic']",20,10,30,4,medium,True,A comfort-food style dinner built around tofu with soup.,"1. Prep the firm tofu and gather the other ingredients. 2. Simmer the ingredients in a pot until tender. 3. Cook the firm tofu with soy sauce and broth until fully cooked. 4. Stir well, taste, and serve hot.",2
Roasted Tofu Soup,entree,American,"['firm tofu', 'soy sauce', 'sesame oil', 'broth', 'parsley', 'thyme', 'garlic']",18,12,30,2,medium,True,A hearty and simple main dish built around tofu with soup.,"1. Prep the firm tofu and gather the other ingredients. 2. Simmer the ingredients in a pot until tender. 3. Cook the firm tofu with soy sauce and sesame oil until fully cooked. 4. Stir well, taste, and serve hot.",2
Homestyle Tofu Soup,entree,American,"['firm tofu', 'soy sauce', 'sesame oil', 'broth', 'broccoli', 'carrot', 'snap peas', 'parsley', 'garlic']",10,20,30,4,medium,True,A comfort-food style dinner built around tofu with soup.,"1. Prep the firm tofu and gather the other ingredients. 2. Simmer the ingredients in a pot until tender. 3. Cook the firm tofu with soy sauce and sesame oil until fully cooked. 4. Stir well, taste, and serve hot.",3
Lemon Herb Tofu Soup,entree,Mediterranean,"['firm tofu', 'broth', 'garlic']",10,30,40,2,medium,True,A light but satisfying dinner built around tofu with soup.,"1. Prep the firm tofu and gather the other ingredients. 2. Simmer the ingredients in a pot until tender. 3. Cook the firm tofu with broth and garlic until fully cooked. 4. Stir well, taste, and serve hot.",1
Mediterranean Tofu Soup,entree,Mediterranean,"['firm tofu', 'soy sauce', 'broth', 'garlic']",12,23,35,2,medium,True,A fresh and herb-forward main dish built around tofu with soup.,"1. Prep the firm tofu and gather the other ingredients. 2. Simmer the ingredients in a pot until tender. 3. Cook the firm tofu with soy sauce and broth until fully cooked. 4. Stir well, taste, and serve hot.",1
Garlic Oregano Tofu Soup,entree,Mediterranean,"['firm tofu', 'broth', 'onion', 'feta', 'garlic']",15,15,30,2,medium,True,A fresh and herb-forward main dish built around tofu with soup.,"1. Prep the firm tofu and gather the other ingredients. 2. Simmer the ingredients in a pot until tender. 3. Cook the firm tofu with broth and onion until fully cooked. 4. Stir well, taste, and serve hot.",2
Tomato Olive Tofu Soup,entree,Mediterranean,"['firm tofu', 'soy sauce', 'sesame oil', 'broth', 'lemon', 'garlic']",15,30,45,4,medium,True,A bright Mediterranean-style entree built around tofu with soup.,"1. Prep the firm tofu and gather the other ingredients. 2. Simmer the ingredients in a pot until tender. 3. Cook the firm tofu with soy sauce and sesame oil until fully cooked. 4. Stir well, taste, and serve hot.",2
Zesty Herb Tofu Soup,entree,Mediterranean,"['firm tofu', 'soy sauce', 'sesame oil', 'broth', 'onion', 'parsley', 'garlic']",15,30,45,4,medium,True,A light but satisfying dinner built around tofu with soup.,"1. Prep the firm tofu and gather the other ingredients. 2. Simmer the ingredients in a pot until tender. 3. Cook the firm tofu with soy sauce and sesame oil until fully cooked. 4. Stir well, taste, and serve hot.",2
Sun-Dried Tomato Tofu Soup,entree,Mediterranean,"['firm tofu', 'soy sauce', 'sesame oil', 'broth', 'mushrooms', 'onion', 'peas', 'garlic']",12,23,35,4,medium,True,A bright Mediterranean-style entree built around tofu with soup.,"1. Prep the firm tofu and gather the other ingredients. 2. Simmer the ingredients in a pot until tender. 3. Cook the firm tofu with soy sauce and sesame oil until fully cooked. 4. Stir well, taste, and serve hot.",3
Ginger Garlic Tofu Soup,entree,Asian,"['firm tofu', 'soy sauce', 'sesame oil', 'broth', 'cabbage', 'carrot', 'green onion', 'broccoli', 'garlic']",12,18,30,4,medium,True,A takeout-style dinner made at home built around tofu with soup.,"1. Prep the firm tofu and gather the other ingredients. 2. Simmer the ingredients in a pot until tender. 3. Cook the firm tofu with soy sauce and sesame oil until fully cooked. 4. Stir well, taste, and serve hot.",3
Sesame Tofu Soup,entree,Asian,"['firm tofu', 'soy sauce', 'sesame oil', 'broth', 'eggplant', 'tomato', 'zucchini', 'broccoli', 'honey', 'garlic']",12,28,40,4,medium,True,A quick Asian-inspired entree built around tofu with soup.,"1. Prep the firm tofu and gather the other ingredients. 2. Simmer the ingredients in a pot until tender. 3. Cook the firm tofu with soy sauce and sesame oil until fully cooked. 4. Stir well, taste, and serve hot.",3
Soy Glazed Tofu Soup,entree,Asian,"['firm tofu', 'broth', 'onion', 'garlic']",18,12,30,2,medium,True,A quick Asian-inspired entree built around tofu with soup.,"1. Prep the firm tofu and gather the other ingredients. 2. Simmer the ingredients in a pot until tender. 3. Cook the firm tofu with broth and onion until fully cooked. 4. Stir well, taste, and serve hot.",1
Sweet Chili Tofu Soup,entree,Asian,"['firm tofu', 'soy sauce', 'broth', 'ginger', 'garlic']",15,15,30,2,medium,True,A savory umami-forward main dish built around tofu with soup.,"1. Prep the firm tofu and gather the other ingredients. 2. Simmer the ingredients in a pot until tender. 3. Cook the firm tofu with soy sauce and broth until fully cooked. 4. Stir well, taste, and serve hot.",2
Teriyaki Tofu Soup,entree,Asian,"['firm tofu', 'soy sauce', 'sesame oil', 'broth', 'onion', 'garlic']",15,25,40,4,medium,True,A savory umami-forward main dish built around tofu with soup.,"1. Prep the firm tofu and gather the other ingredients. 2. Simmer the ingredients in a pot until tender. 3. Cook the firm tofu with soy sauce and sesame oil until fully cooked. 4. Stir well, taste, and serve hot.",2
Scallion Tofu Soup,entree,Asian,"['firm tofu', 'soy sauce', 'sesame oil', 'broth', 'kale', 'white beans', 'garlic']",18,22,40,2,medium,True,A quick Asian-inspired entree built around tofu with soup.,"1. Prep the firm tofu and gather the other ingredients. 2. Simmer the ingredients in a pot until tender. 3. Cook the firm tofu with soy sauce and sesame oil until fully cooked. 4. Stir well, taste, and serve hot.",2
Herb Tofu Sheet Pan Dinner,entree,American,"['firm tofu', 'soy sauce', 'sesame oil', 'onion', 'bell pepper', 'zucchini', 'parsley', 'rosemary']",20,15,35,6,easy,True,A savory weeknight entree built around tofu with sheet pan dinner.,1. Prep the firm tofu and gather the other ingredients. 2. Heat a pan over medium heat. 3. Cook the firm tofu with soy sauce and sesame oil until fully cooked. 4. Combine everything and serve hot.,3
Garlic Tofu Sheet Pan Dinner,entree,American,"['firm tofu', 'paprika', 'thyme']",15,25,40,4,easy,True,A hearty and simple main dish built around tofu with sheet pan dinner.,1. Prep the firm tofu and gather the other ingredients. 2. Heat a pan over medium heat. 3. Cook the firm tofu with paprika and thyme until fully cooked. 4. Combine everything and serve hot.,1
Smoky Tofu Sheet Pan Dinner,entree,American,"['firm tofu', 'soy sauce', 'sesame oil', 'onion', 'paprika']",20,20,40,6,easy,True,A savory weeknight entree built around tofu with sheet pan dinner.,1. Prep the firm tofu and gather the other ingredients. 2. Heat a pan over medium heat. 3. Cook the firm tofu with soy sauce and sesame oil until fully cooked. 4. Combine everything and serve hot.,2
Lemon Pepper Tofu Sheet Pan Dinner,entree,American,"['firm tofu', 'soy sauce', 'onion', 'sweet potato', 'paprika', 'thyme']",12,18,30,6,easy,True,A hearty and simple main dish built around tofu with sheet pan dinner.,1. Prep the firm tofu and gather the other ingredients. 2. Heat a pan over medium heat. 3. Cook the firm tofu with soy sauce and onion until fully cooked. 4. Combine everything and serve hot.,2
Roasted Tofu Sheet Pan Dinner,entree,American,"['firm tofu', 'soy sauce', 'sesame oil', 'onion', 'bell pepper', 'sweet potato', 'rosemary']",12,28,40,4,easy,True,A savory weeknight entree built around tofu with sheet pan dinner.,1. Prep the firm tofu and gather the other ingredients. 2. Heat a pan over medium heat. 3. Cook the firm tofu with soy sauce and sesame oil until fully cooked. 4. Combine everything and serve hot.,2
Homestyle Tofu Sheet Pan Dinner,entree,American,"['firm tofu', 'soy sauce', 'sesame oil', 'onion', 'bell pepper', 'broccoli', 'carrot', 'snap peas', 'garlic powder']",15,15,30,2,easy,True,A savory weeknight entree built around tofu with sheet pan dinner.,1. Prep the firm tofu and gather the other ingredients. 2. Heat a pan over medium heat. 3. Cook the firm tofu with soy sauce and sesame oil until fully cooked. 4. Combine everything and serve hot.,3
Lemon Herb Tofu Sheet Pan Dinner,entree,Mediterranean,"['firm tofu', 'sweet potato', 'parsley']",10,35,45,6,easy,True,A bright Mediterranean-style entree built around tofu with sheet pan dinner.,1. Prep the firm tofu and gather the other ingredients. 2. Heat a pan over medium heat. 3. Cook the firm tofu with sweet potato and parsley until fully cooked. 4. Combine everything and serve hot.,1
Mediterranean Tofu Sheet Pan Dinner,entree,Mediterranean,"['firm tofu', 'soy sauce', 'sesame oil', 'onion']",18,22,40,4,easy,True,A fresh and herb-forward main dish built around tofu with sheet pan dinner.,1. Prep the firm tofu and gather the other ingredients. 2. Heat a pan over medium heat. 3. Cook the firm tofu with soy sauce and sesame oil until fully cooked. 4. Combine everything and serve hot.,1
Garlic Oregano Tofu Sheet Pan Dinner,entree,Mediterranean,"['firm tofu', 'soy sauce', 'sesame oil', 'onion', 'bell pepper']",20,25,45,4,easy,True,A fresh and herb-forward main dish built around tofu with sheet pan dinner.,1. Prep the firm tofu and gather the other ingredients. 2. Heat a pan over medium heat. 3. Cook the firm tofu with soy sauce and sesame oil until fully cooked. 4. Combine everything and serve hot.,2
Tomato Olive Tofu Sheet Pan Dinner,entree,Mediterranean,"['firm tofu', 'soy sauce', 'sesame oil', 'onion', 'bell pepper', 'cauliflower']",15,15,30,6,easy,True,A light but satisfying dinner built around tofu with sheet pan dinner.,1. Prep the firm tofu and gather the other ingredients. 2. Heat a pan over medium heat. 3. Cook the firm tofu with soy sauce and sesame oil until fully cooked. 4. Combine everything and serve hot.,2
Zesty Herb Tofu Sheet Pan Dinner,entree,Mediterranean,"['firm tofu', 'soy sauce', 'sesame oil', 'onion', 'bell pepper', 'cabbage', 'lemon']",18,27,45,2,easy,True,A light but satisfying dinner built around tofu with sheet pan dinner.,1. Prep the firm tofu and gather the other ingredients. 2. Heat a pan over medium heat. 3. Cook the firm tofu with soy sauce and sesame oil until fully cooked. 4. Combine everything and serve hot.,2
Sun-Dried Tomato Tofu Sheet Pan Dinner,entree,Mediterranean,"['firm tofu', 'soy sauce', 'sesame oil', 'onion', 'bell pepper', 'mushrooms', 'peas', 'oregano']",15,25,40,6,easy,True,A light but satisfying dinner built around tofu with sheet pan dinner.,1. Prep the firm tofu and gather the other ingredients. 2. Heat a pan over medium heat. 3. Cook the firm tofu with soy sauce and sesame oil until fully cooked. 4. Combine everything and serve hot.,3
Herb Tofu Skillet,entree,American,"['firm tofu', 'soy sauce', 'sesame oil', 'onion', 'garlic', 'broccoli', 'carrot', 'parsley', 'butter']",10,25,35,6,easy,True,A comfort-food style dinner built around tofu with skillet.,1. Prep the firm tofu and gather the other ingredients. 2. Heat a pan over medium heat. 3. Cook the firm tofu with soy sauce and sesame oil until fully cooked. 4. Combine everything and serve hot.,3
Garlic Tofu Skillet,entree,American,"['firm tofu', 'soy sauce', 'sesame oil', 'onion', 'garlic', 'corn', 'bell pepper', 'garlic powder', 'parsley']",12,23,35,2,easy,True,A savory weeknight entree built around tofu with skillet.,1. Prep the firm tofu and gather the other ingredients. 2. Heat a pan over medium heat. 3. Cook the firm tofu with soy sauce and sesame oil until fully cooked. 4. Combine everything and serve hot.,3
Smoky Tofu Skillet,entree,American,"['firm tofu', 'garlic', 'thyme', 'butter']",15,10,25,2,easy,True,A comfort-food style dinner built around tofu with skillet.,1. Prep the firm tofu and gather the other ingredients. 2. Heat a pan over medium heat. 3. Cook the firm tofu with garlic and thyme until fully cooked. 4. Combine everything and serve hot.,1
Lemon Pepper Tofu Skillet,entree,American,"['firm tofu', 'onion', 'garlic', 'garlic powder', 'paprika']",15,20,35,2,easy,True,A hearty and simple main dish built around tofu with skillet.,1. Prep the firm tofu and gather the other ingredients. 2. Heat a pan over medium heat. 3. Cook the firm tofu with onion and garlic until fully cooked. 4. Combine everything and serve hot.,2
Roasted Tofu Skillet,entree,American,"['firm tofu', 'soy sauce', 'onion', 'garlic', 'rosemary', 'paprika']",15,15,30,4,easy,True,A comfort-food style dinner built around tofu with skillet.,1. Prep the firm tofu and gather the other ingredients. 2. Heat a pan over medium heat. 3. Cook the firm tofu with soy sauce and onion until fully cooked. 4. Combine everything and serve hot.,2
Homestyle Tofu Skillet,entree,American,"['firm tofu', 'soy sauce', 'sesame oil', 'onion', 'garlic', 'rosemary', 'butter']",20,10,30,6,easy,True,A savory weeknight entree built around tofu with skillet.,1. Prep the firm tofu and gather the other ingredients. 2. Heat a pan over medium heat. 3. Cook the firm tofu with soy sauce and sesame oil until fully cooked. 4. Combine everything and serve hot.,2
Chipotle Tofu Skillet,entree,Mexican,"['firm tofu', 'soy sauce', 'sesame oil', 'onion', 'garlic', 'kale', 'white beans', 'chili powder']",20,10,30,2,easy,True,A bold and zesty main dish built around tofu with skillet.,1. Prep the firm tofu and gather the other ingredients. 2. Heat a pan over medium heat. 3. Cook the firm tofu with soy sauce and sesame oil until fully cooked. 4. Combine everything and serve hot.,3
Cilantro Lime Tofu Skillet,entree,Mexican,"['firm tofu', 'garlic', 'lime']",20,10,30,2,easy,True,A bold and zesty main dish built around tofu with skillet.,1. Prep the firm tofu and gather the other ingredients. 2. Heat a pan over medium heat. 3. Cook the firm tofu with garlic and lime until fully cooked. 4. Combine everything and serve hot.,1
Spicy Tofu Skillet,entree,Mexican,"['firm tofu', 'soy sauce', 'onion', 'garlic', 'lime']",20,10,30,6,easy,True,A Mexican-inspired entree with bright flavors built around tofu with skillet.,1. Prep the firm tofu and gather the other ingredients. 2. Heat a pan over medium heat. 3. Cook the firm tofu with soy sauce and onion until fully cooked. 4. Combine everything and serve hot.,2
Smoky Tofu Spinach Skillet,entree,Mexican,"['firm tofu', 'soy sauce', 'sesame oil', 'onion', 'garlic', 'cilantro']",12,13,25,6,easy,True,A Mexican-inspired entree with bright flavors built around tofu with skillet.,1. Prep the firm tofu and gather the other ingredients. 2. Heat a pan over medium heat. 3. Cook the firm tofu with soy sauce and sesame oil until fully cooked. 4. Combine everything and serve hot.,2
Salsa Verde Tofu Skillet,entree,Mexican,"['firm tofu', 'soy sauce', 'sesame oil', 'onion', 'garlic', 'chili powder', 'cilantro']",20,10,30,6,easy,True,A Mexican-inspired entree with bright flavors built around tofu with skillet.,1. Prep the firm tofu and gather the other ingredients. 2. Heat a pan over medium heat. 3. Cook the firm tofu with soy sauce and sesame oil until fully cooked. 4. Combine everything and serve hot.,2
Southwest Tofu Skillet,entree,Mexican,"['firm tofu', 'soy sauce', 'sesame oil', 'onion', 'garlic', 'mushrooms', 'peas', 'chili powder', 'cilantro']",20,15,35,2,easy,True,A bold and zesty main dish built around tofu with skillet.,1. Prep the firm tofu and gather the other ingredients. 2. Heat a pan over medium heat. 3. Cook the firm tofu with soy sauce and sesame oil until fully cooked. 4. Combine everything and serve hot.,3
Ginger Garlic Tofu Skillet,entree,Asian,"['firm tofu', 'onion', 'garlic']",12,13,25,6,easy,True,A savory umami-forward main dish built around tofu with skillet.,1. Prep the firm tofu and gather the other ingredients. 2. Heat a pan over medium heat. 3. Cook the firm tofu with onion and garlic until fully cooked. 4. Combine everything and serve hot.,1
Sesame Tofu Skillet,entree,Asian,"['firm tofu', 'soy sauce', 'onion', 'garlic']",12,13,25,6,easy,True,A quick Asian-inspired entree built around tofu with skillet.,1. Prep the firm tofu and gather the other ingredients. 2. Heat a pan over medium heat. 3. Cook the firm tofu with soy sauce and onion until fully cooked. 4. Combine everything and serve hot.,1
Soy Glazed Tofu Skillet,entree,Asian,"['firm tofu', 'soy sauce', 'sesame oil', 'onion', 'garlic']",10,25,35,6,easy,True,A takeout-style dinner made at home built around tofu with skillet.,1. Prep the firm tofu and gather the other ingredients. 2. Heat a pan over medium heat. 3. Cook the firm tofu with soy sauce and sesame oil until fully cooked. 4. Combine everything and serve hot.,2
Sweet Chili Tofu Skillet,entree,Asian,"['firm tofu', 'soy sauce', 'sesame oil', 'onion', 'garlic', 'mushrooms']",18,10,28,4,easy,True,A quick Asian-inspired entree built around tofu with skillet.,"1. Prep the firm tofu and gather the other ingredients. 2. Simmer the ingredients in a pot until tender. 3. Cook the firm tofu with soy sauce and sesame oil until fully cooked. 4. Stir well, taste, and serve hot.",2
Teriyaki Tofu Skillet,entree,Asian,"['firm tofu', 'soy sauce', 'sesame oil', 'onion', 'garlic', 'eggplant', 'ginger']",10,25,35,2,easy,True,A savory umami-forward main dish built around tofu with skillet.,1. Prep the firm tofu and gather the other ingredients. 2. Heat a pan over medium heat. 3. Cook the firm tofu with soy sauce and sesame oil until fully cooked. 4. Combine everything and serve hot.,2
Scallion Tofu Skillet,entree,Asian,"['firm tofu', 'soy sauce', 'sesame oil', 'onion', 'garlic', 'eggplant', 'tomato', 'zucchini']",12,18,30,4,easy,True,A takeout-style dinner made at home built around tofu with skillet.,1. Prep the firm tofu and gather the other ingredients. 2. Heat a pan over medium heat. 3. Cook the firm tofu with soy sauce and sesame oil until fully cooked. 4. Combine everything and serve hot.,3
Ginger Garlic Tofu Curry,entree,Asian,"['firm tofu', 'soy sauce', 'sesame oil', 'onion', 'garlic', 'coconut milk', 'mushrooms', 'peas', 'ginger']",12,33,45,4,medium,True,A takeout-style dinner made at home built around tofu with curry.,1. Prep the firm tofu and gather the other ingredients. 2. Heat a pan over medium heat. 3. Cook the firm tofu with soy sauce and sesame oil until fully cooked. 4. Combine everything and serve hot.,3
Sesame Tofu Curry,entree,Asian,"['firm tofu', 'soy sauce', 'sesame oil', 'onion', 'garlic', 'coconut milk', 'corn', 'bell pepper', 'ginger']",12,23,35,4,medium,True,A quick Asian-inspired entree built around tofu with curry.,1. Prep the firm tofu and gather the other ingredients. 2. Heat a pan over medium heat. 3. Cook the firm tofu with soy sauce and sesame oil until fully cooked. 4. Combine everything and serve hot.,3
Soy Glazed Tofu Curry,entree,Asian,"['firm tofu', 'garlic', 'coconut milk', 'ginger']",15,15,30,6,medium,True,A savory umami-forward main dish built around tofu with curry.,1. Prep the firm tofu and gather the other ingredients. 2. Heat a pan over medium heat. 3. Cook the firm tofu with garlic and coconut milk until fully cooked. 4. Combine everything and serve hot.,1
Sweet Chili Tofu Curry,entree,Asian,"['firm tofu', 'onion', 'garlic', 'coconut milk', 'ginger']",18,27,45,4,medium,True,A savory umami-forward main dish built around tofu with curry.,"1. Prep the firm tofu and gather the other ingredients. 2. Simmer the ingredients in a pot until tender. 3. Cook the firm tofu with onion and garlic until fully cooked. 4. Stir well, taste, and serve hot.",2
Teriyaki Tofu Curry,entree,Asian,"['firm tofu', 'soy sauce', 'onion', 'garlic', 'coconut milk', 'ginger']",18,17,35,6,medium,True,A quick Asian-inspired entree built around tofu with curry.,1. Prep the firm tofu and gather the other ingredients. 2. Heat a pan over medium heat. 3. Cook the firm tofu with soy sauce and onion until fully cooked. 4. Combine everything and serve hot.,2
Scallion Tofu Curry,entree,Asian,"['firm tofu', 'soy sauce', 'sesame oil', 'onion', 'garlic', 'coconut milk', 'ginger']",18,12,30,4,medium,True,A quick Asian-inspired entree built around tofu with curry.,1. Prep the firm tofu and gather the other ingredients. 2. Heat a pan over medium heat. 3. Cook the firm tofu with soy sauce and sesame oil until fully cooked. 4. Combine everything and serve hot.,2
Ginger Garlic Tofu Stir-Fry,entree,Asian,"['firm tofu', 'soy sauce', 'sesame oil', 'bell pepper', 'onion', 'sweet potato', 'black beans', 'garlic']",15,10,25,6,easy,True,A takeout-style dinner made at home built around tofu with stir-fry.,1. Prep the firm tofu and gather the other ingredients. 2. Heat a skillet or wok over medium-high heat. 3. Cook the firm tofu with soy sauce and sesame oil until fully cooked. 4. Stir-fry everything until cooked through and serve hot.,3
Sesame Tofu Stir-Fry,entree,Asian,"['firm tofu', 'onion', 'garlic']",18,10,28,2,easy,True,A takeout-style dinner made at home built around tofu with stir-fry.,1. Prep the firm tofu and gather the other ingredients. 2. Heat a skillet or wok over medium-high heat. 3. Cook the firm tofu with onion and garlic until fully cooked. 4. Stir-fry everything until cooked through and serve hot.,1
Soy Glazed Tofu Stir-Fry,entree,Asian,"['firm tofu', 'soy sauce', 'sesame oil', 'onion', 'garlic']",18,12,30,6,easy,True,A savory umami-forward main dish built around tofu with stir-fry.,1. Prep the firm tofu and gather the other ingredients. 2. Heat a skillet or wok over medium-high heat. 3. Cook the firm tofu with soy sauce and sesame oil until fully cooked. 4. Stir-fry everything until cooked through and serve hot.,2
Sweet Chili Tofu Stir-Fry,entree,Asian,"['firm tofu', 'soy sauce', 'sesame oil', 'bell pepper', 'onion', 'garlic']",10,10,20,6,easy,True,A savory umami-forward main dish built around tofu with stir-fry.,"1. Prep the firm tofu and gather the other ingredients. 2. Simmer the ingredients in a pot until tender. 3. Cook the firm tofu with soy sauce and sesame oil until fully cooked. 4. Stir well, taste, and serve hot.",2
Teriyaki Tofu Stir-Fry,entree,Asian,"['firm tofu', 'soy sauce', 'sesame oil', 'bell pepper', 'onion', 'corn', 'garlic']",20,10,30,4,easy,True,A quick Asian-inspired entree built around tofu with stir-fry.,1. Prep the firm tofu and gather the other ingredients. 2. Heat a skillet or wok over medium-high heat. 3. Cook the firm tofu with soy sauce and sesame oil until fully cooked. 4. Stir-fry everything until cooked through and serve hot.,2
Scallion Tofu Stir-Fry,entree,Asian,"['firm tofu', 'soy sauce', 'sesame oil', 'bell pepper', 'onion', 'cabbage', 'carrot', 'green onion', 'garlic']",12,13,25,2,easy,True,A quick Asian-inspired entree built around tofu with stir-fry.,1. Prep the firm tofu and gather the other ingredients. 2. Heat a skillet or wok over medium-high heat. 3. Cook the firm tofu with soy sauce and sesame oil until fully cooked. 4. Stir-fry everything until cooked through and serve hot.,3
Herb Tofu Wrap,entree,American,"['firm tofu', 'butter', 'cilantro']",18,10,28,4,easy,True,A hearty and simple main dish built around tofu with wrap.,1. Prep the firm tofu and gather the other ingredients. 2. Warm the tortillas or wraps. 3. Cook the firm tofu with butter and cilantro until fully cooked. 4. Fill with the cooked ingredients and serve warm.,1
Garlic Tofu Wrap,entree,American,"['firm tofu', 'sweet potato', 'butter', 'cilantro']",15,10,25,6,easy,True,A hearty and simple main dish built around tofu with wrap.,1. Prep the firm tofu and gather the other ingredients. 2. Warm the tortillas or wraps. 3. Cook the firm tofu with sweet potato and butter until fully cooked. 4. Fill with the cooked ingredients and serve warm.,1
Smoky Tofu Wrap,entree,American,"['firm tofu', 'soy sauce', 'thyme', 'lime', 'cilantro']",18,10,28,2,easy,True,A hearty and simple main dish built around tofu with wrap.,1. Prep the firm tofu and gather the other ingredients. 2. Warm the tortillas or wraps. 3. Cook the firm tofu with soy sauce and thyme until fully cooked. 4. Fill with the cooked ingredients and serve warm.,2
Lemon Pepper Tofu Wrap,entree,American,"['firm tofu', 'onion', 'garlic powder', 'thyme', 'lime', 'cilantro']",20,10,30,4,easy,True,A hearty and simple main dish built around tofu with wrap.,1. Prep the firm tofu and gather the other ingredients. 2. Warm the tortillas or wraps. 3. Cook the firm tofu with onion and garlic powder until fully cooked. 4. Fill with the cooked ingredients and serve warm.,2
Roasted Tofu Wrap,entree,American,"['firm tofu', 'soy sauce', 'sesame oil', 'rosemary', 'paprika', 'lime', 'cilantro']",18,10,28,2,easy,True,A savory weeknight entree built around tofu with wrap.,1. Prep the firm tofu and gather the other ingredients. 2. Warm the tortillas or wraps. 3. Cook the firm tofu with soy sauce and sesame oil until fully cooked. 4. Fill with the cooked ingredients and serve warm.,2
Homestyle Tofu Wrap,entree,American,"['firm tofu', 'soy sauce', 'sesame oil', 'onion', 'garlic powder', 'parsley', 'lime', 'cilantro']",12,10,22,4,easy,True,A savory weeknight entree built around tofu with wrap.,1. Prep the firm tofu and gather the other ingredients. 2. Warm the tortillas or wraps. 3. Cook the firm tofu with soy sauce and sesame oil until fully cooked. 4. Fill with the cooked ingredients and serve warm.,3
Chipotle Tofu Wrap,entree,Mexican,"['firm tofu', 'soy sauce', 'sesame oil', 'flour tortillas', 'mushrooms', 'onion', 'lime', 'chili powder', 'cilantro']",15,10,25,6,easy,True,A family-friendly taco night style meal built around tofu with wrap.,1. Prep the firm tofu and gather the other ingredients. 2. Warm the tortillas or wraps. 3. Cook the firm tofu with soy sauce and sesame oil until fully cooked. 4. Fill with the cooked ingredients and serve warm.,3
Cilantro Lime Tofu Wrap,entree,Mexican,"['firm tofu', 'soy sauce', 'sesame oil', 'flour tortillas', 'broccoli', 'carrot', 'snap peas', 'cilantro', 'jalapeno', 'lime']",20,10,30,2,easy,True,A Mexican-inspired entree with bright flavors built around tofu with wrap.,1. Prep the firm tofu and gather the other ingredients. 2. Warm the tortillas or wraps. 3. Cook the firm tofu with soy sauce and sesame oil until fully cooked. 4. Fill with the cooked ingredients and serve warm.,3
Spicy Tofu Wrap,entree,Mexican,"['firm tofu', 'onion', 'lime', 'cilantro']",18,10,28,4,easy,True,A bold and zesty main dish built around tofu with wrap.,1. Prep the firm tofu and gather the other ingredients. 2. Warm the tortillas or wraps. 3. Cook the firm tofu with onion and lime until fully cooked. 4. Fill with the cooked ingredients and serve warm.,1
Smoky Tofu Spinach Wrap,entree,Mexican,"['firm tofu', 'soy sauce', 'onion', 'cilantro', 'lime']",15,10,25,2,easy,True,A bold and zesty main dish built around tofu with wrap.,1. Prep the firm tofu and gather the other ingredients. 2. Warm the tortillas or wraps. 3. Cook the firm tofu with soy sauce and onion until fully cooked. 4. Fill with the cooked ingredients and serve warm.,2
Salsa Verde Tofu Wrap,entree,Mexican,"['firm tofu', 'soy sauce', 'sesame oil', 'onion', 'lime', 'cilantro']",10,10,20,6,easy,True,A family-friendly taco night style meal built around tofu with wrap.,1. Prep the firm tofu and gather the other ingredients. 2. Warm the tortillas or wraps. 3. Cook the firm tofu with soy sauce and sesame oil until fully cooked. 4. Fill with the cooked ingredients and serve warm.,2
Southwest Tofu Wrap,entree,Mexican,"['firm tofu', 'soy sauce', 'sesame oil', 'onion', 'lime', 'chili powder', 'cilantro']",12,10,22,2,easy,True,A bold and zesty main dish built around tofu with wrap.,1. Prep the firm tofu and gather the other ingredients. 2. Warm the tortillas or wraps. 3. Cook the firm tofu with soy sauce and sesame oil until fully cooked. 4. Fill with the cooked ingredients and serve warm.,2
Lemon Herb Tofu Wrap,entree,Mediterranean,"['firm tofu', 'soy sauce', 'sesame oil', 'flour tortillas', 'kale', 'feta', 'lime', 'cilantro']",12,10,22,2,easy,True,A fresh and herb-forward main dish built around tofu with wrap.,1. Prep the firm tofu and gather the other ingredients. 2. Warm the tortillas or wraps. 3. Cook the firm tofu with soy sauce and sesame oil until fully cooked. 4. Fill with the cooked ingredients and serve warm.,3
Mediterranean Tofu Wrap,entree,Mediterranean,"['firm tofu', 'sweet potato', 'cilantro']",15,10,25,2,easy,True,A fresh and herb-forward main dish built around tofu with wrap.,1. Prep the firm tofu and gather the other ingredients. 2. Warm the tortillas or wraps. 3. Cook the firm tofu with sweet potato and cilantro until fully cooked. 4. Fill with the cooked ingredients and serve warm.,1
Garlic Oregano Tofu Wrap,entree,Mediterranean,"['firm tofu', 'soy sauce', 'onion', 'lime', 'cilantro']",12,10,22,2,easy,True,A bright Mediterranean-style entree built around tofu with wrap.,1. Prep the firm tofu and gather the other ingredients. 2. Warm the tortillas or wraps. 3. Cook the firm tofu with soy sauce and onion until fully cooked. 4. Fill with the cooked ingredients and serve warm.,2
Tomato Olive Tofu Wrap,entree,Mediterranean,"['firm tofu', 'soy sauce', 'sweet potato', 'onion', 'lime', 'cilantro']",10,15,25,6,easy,True,A light but satisfying dinner built around tofu with wrap.,1. Prep the firm tofu and gather the other ingredients. 2. Warm the tortillas or wraps. 3. Cook the firm tofu with soy sauce and sweet potato until fully cooked. 4. Fill with the cooked ingredients and serve warm.,2
Zesty Herb Tofu Wrap,entree,Mediterranean,"['firm tofu', 'soy sauce', 'sesame oil', 'flour tortillas', 'onion', 'lime', 'cilantro']",20,10,30,4,easy,True,A fresh and herb-forward main dish built around tofu with wrap.,1. Prep the firm tofu and gather the other ingredients. 2. Warm the tortillas or wraps. 3. Cook the firm tofu with soy sauce and sesame oil until fully cooked. 4. Fill with the cooked ingredients and serve warm.,2
Sun-Dried Tomato Tofu Wrap,entree,Mediterranean,"['firm tofu', 'soy sauce', 'sesame oil', 'flour tortillas', 'onion', 'bell pepper', 'parsley', 'lime', 'cilantro']",15,10,25,6,easy,True,A bright Mediterranean-style entree built around tofu with wrap.,1. Prep the firm tofu and gather the other ingredients. 2. Warm the tortillas or wraps. 3. Cook the firm tofu with soy sauce and sesame oil until fully cooked. 4. Fill with the cooked ingredients and serve warm.,3
Herb Tofu Grain Bowl,entree,American,"['firm tofu', 'quinoa', 'butter']",12,23,35,2,easy,True,A comfort-food style dinner built around tofu with grain bowl.,1. Prep the firm tofu and gather the other ingredients. 2. Cook the rice or grain until tender. 3. Cook the firm tofu with quinoa and butter until fully cooked. 4. Layer everything in a bowl and serve hot.,1
Garlic Tofu Grain Bowl,entree,American,"['firm tofu', 'quinoa', 'parsley', 'garlic']",10,10,20,4,easy,True,A hearty and simple main dish built around tofu with grain bowl.,1. Prep the firm tofu and gather the other ingredients. 2. Cook the rice or grain until tender. 3. Cook the firm tofu with quinoa and parsley until fully cooked. 4. Layer everything in a bowl and serve hot.,1
Smoky Tofu Grain Bowl,entree,American,"['firm tofu', 'quinoa', 'butter', 'rosemary', 'garlic']",18,12,30,4,easy,True,A comfort-food style dinner built around tofu with grain bowl.,1. Prep the firm tofu and gather the other ingredients. 2. Cook the rice or grain until tender. 3. Cook the firm tofu with quinoa and butter until fully cooked. 4. Layer everything in a bowl and serve hot.,2
Lemon Pepper Tofu Grain Bowl,entree,American,"['firm tofu', 'soy sauce', 'quinoa', 'paprika', 'thyme', 'garlic']",18,10,28,4,easy,True,A savory weeknight entree built around tofu with grain bowl.,1. Prep the firm tofu and gather the other ingredients. 2. Cook the rice or grain until tender. 3. Cook the firm tofu with soy sauce and quinoa until fully cooked. 4. Layer everything in a bowl and serve hot.,2
Roasted Tofu Grain Bowl,entree,American,"['firm tofu', 'soy sauce', 'sesame oil', 'quinoa', 'garlic powder', 'butter', 'garlic']",15,15,30,6,easy,True,A comfort-food style dinner built around tofu with grain bowl.,1. Prep the firm tofu and gather the other ingredients. 2. Cook the rice or grain until tender. 3. Cook the firm tofu with soy sauce and sesame oil until fully cooked. 4. Layer everything in a bowl and serve hot.,2
Homestyle Tofu Grain Bowl,entree,American,"['firm tofu', 'soy sauce', 'sesame oil', 'quinoa', 'cauliflower', 'butter', 'thyme', 'garlic']",12,23,35,4,easy,True,A savory weeknight entree built around tofu with grain bowl.,1. Prep the firm tofu and gather the other ingredients. 2. Cook the rice or grain until tender. 3. Cook the firm tofu with soy sauce and sesame oil until fully cooked. 4. Layer everything in a bowl and serve hot.,3
Lemon Herb Tofu Grain Bowl,entree,Mediterranean,"['firm tofu', 'soy sauce', 'sesame oil', 'quinoa', 'eggplant', 'tomato', 'zucchini', 'garlic']",10,15,25,4,easy,True,A bright Mediterranean-style entree built around tofu with grain bowl.,1. Prep the firm tofu and gather the other ingredients. 2. Cook the rice or grain until tender. 3. Cook the firm tofu with soy sauce and sesame oil until fully cooked. 4. Layer everything in a bowl and serve hot.,3
Mediterranean Tofu Grain Bowl,entree,Mediterranean,"['firm tofu', 'soy sauce', 'sesame oil', 'quinoa', 'kale', 'white beans', 'tomato', 'olives', 'feta', 'garlic']",20,15,35,6,easy,True,A bright Mediterranean-style entree built around tofu with grain bowl.,1. Prep the firm tofu and gather the other ingredients. 2. Cook the rice or grain until tender. 3. Cook the firm tofu with soy sauce and sesame oil until fully cooked. 4. Layer everything in a bowl and serve hot.,3
Garlic Oregano Tofu Grain Bowl,entree,Mediterranean,"['firm tofu', 'quinoa', 'parsley', 'garlic']",12,10,22,4,easy,True,A fresh and herb-forward main dish built around tofu with grain bowl.,1. Prep the firm tofu and gather the other ingredients. 2. Cook the rice or grain until tender. 3. Cook the firm tofu with quinoa and parsley until fully cooked. 4. Layer everything in a bowl and serve hot.,1
Tomato Olive Tofu Grain Bowl,entree,Mediterranean,"['firm tofu', 'soy sauce', 'quinoa', 'parsley', 'garlic']",18,17,35,6,easy,True,A fresh and herb-forward main dish built around tofu with grain bowl.,1. Prep the firm tofu and gather the other ingredients. 2. Cook the rice or grain until tender. 3. Cook the firm tofu with soy sauce and quinoa until fully cooked. 4. Layer everything in a bowl and serve hot.,2
Zesty Herb Tofu Grain Bowl,entree,Mediterranean,"['firm tofu', 'soy sauce', 'sesame oil', 'quinoa', 'broccoli', 'garlic']",15,10,25,2,easy,True,A fresh and herb-forward main dish built around tofu with grain bowl.,1. Prep the firm tofu and gather the other ingredients. 2. Cook the rice or grain until tender. 3. Cook the firm tofu with soy sauce and sesame oil until fully cooked. 4. Layer everything in a bowl and serve hot.,2
Sun-Dried Tomato Tofu Grain Bowl,entree,Mediterranean,"['firm tofu', 'soy sauce', 'sesame oil', 'quinoa', 'oregano', 'lemon', 'garlic']",15,15,30,4,easy,True,A bright Mediterranean-style entree built around tofu with grain bowl.,1. Prep the firm tofu and gather the other ingredients. 2. Cook the rice or grain until tender. 3. Cook the firm tofu with soy sauce and sesame oil until fully cooked. 4. Layer everything in a bowl and serve hot.,2
Herb Tofu Stew,entree,American,"['firm tofu', 'soy sauce', 'sesame oil', 'broth', 'carrot', 'celery', 'butter', 'garlic']",18,32,50,4,medium,True,A comfort-food style dinner built around tofu with stew.,"1. Prep the firm tofu and gather the other ingredients. 2. Simmer the ingredients in a pot until tender. 3. Cook the firm tofu with soy sauce and sesame oil until fully cooked. 4. Stir well, taste, and serve hot.",3
Garlic Tofu Stew,entree,American,"['firm tofu', 'broth', 'garlic']",18,22,40,2,medium,True,A comfort-food style dinner built around tofu with stew.,"1. Prep the firm tofu and gather the other ingredients. 2. Simmer the ingredients in a pot until tender. 3. Cook the firm tofu with broth and garlic until fully cooked. 4. Stir well, taste, and serve hot.",1
Smoky Tofu Stew,entree,American,"['firm tofu', 'broth', 'parsley', 'thyme', 'garlic']",10,35,45,4,medium,True,A comfort-food style dinner built around tofu with stew.,"1. Prep the firm tofu and gather the other ingredients. 2. Simmer the ingredients in a pot until tender. 3. Cook the firm tofu with broth and parsley until fully cooked. 4. Stir well, taste, and serve hot.",2
Lemon Pepper Tofu Stew,entree,American,"['firm tofu', 'broth', 'onion', 'paprika', 'thyme', 'garlic']",20,20,40,4,medium,True,A hearty and simple main dish built around tofu with stew.,"1. Prep the firm tofu and gather the other ingredients. 2. Simmer the ingredients in a pot until tender. 3. Cook the firm tofu with broth and onion until fully cooked. 4. Stir well, taste, and serve hot.",2
Roasted Tofu Stew,entree,American,"['firm tofu', 'soy sauce', 'sesame oil', 'broth', 'onion', 'garlic powder', 'garlic']",10,35,45,4,medium,True,A comfort-food style dinner built around tofu with stew.,"1. Prep the firm tofu and gather the other ingredients. 2. Simmer the ingredients in a pot until tender. 3. Cook the firm tofu with soy sauce and sesame oil until fully cooked. 4. Stir well, taste, and serve hot.",2
Homestyle Tofu Stew,entree,American,"['firm tofu', 'soy sauce', 'sesame oil', 'broth', 'carrot', 'celery', 'parsley', 'garlic powder', 'garlic']",15,35,50,6,medium,True,A savory weeknight entree built around tofu with stew.,"1. Prep the firm tofu and gather the other ingredients. 2. Simmer the ingredients in a pot until tender. 3. Cook the firm tofu with soy sauce and sesame oil until fully cooked. 4. Stir well, taste, and serve hot.",3
Lemon Herb Tofu Stew,entree,Mediterranean,"['firm tofu', 'broth', 'garlic']",10,35,45,6,medium,True,A fresh and herb-forward main dish built around tofu with stew.,"1. Prep the firm tofu and gather the other ingredients. 2. Simmer the ingredients in a pot until tender. 3. Cook the firm tofu with broth and garlic until fully cooked. 4. Stir well, taste, and serve hot.",1
Mediterranean Tofu Stew,entree,Mediterranean,"['firm tofu', 'broth', 'oregano', 'garlic']",12,43,55,2,medium,True,A fresh and herb-forward main dish built around tofu with stew.,"1. Prep the firm tofu and gather the other ingredients. 2. Simmer the ingredients in a pot until tender. 3. Cook the firm tofu with broth and oregano until fully cooked. 4. Stir well, taste, and serve hot.",1
Garlic Oregano Tofu Stew,entree,Mediterranean,"['firm tofu', 'broth', 'lemon', 'oregano', 'garlic']",12,38,50,2,medium,True,A light but satisfying dinner built around tofu with stew.,"1. Prep the firm tofu and gather the other ingredients. 2. Simmer the ingredients in a pot until tender. 3. Cook the firm tofu with broth and lemon until fully cooked. 4. Stir well, taste, and serve hot.",2
Tomato Olive Tofu Stew,entree,Mediterranean,"['firm tofu', 'soy sauce', 'broth', 'onion', 'parsley', 'garlic']",18,27,45,2,medium,True,A fresh and herb-forward main dish built around tofu with stew.,"1. Prep the firm tofu and gather the other ingredients. 2. Simmer the ingredients in a pot until tender. 3. Cook the firm tofu with soy sauce and broth until fully cooked. 4. Stir well, taste, and serve hot.",2
Zesty Herb Tofu Stew,entree,Mediterranean,"['firm tofu', 'soy sauce', 'sesame oil', 'broth', 'carrot', 'feta', 'garlic']",10,45,55,2,medium,True,A light but satisfying dinner built around tofu with stew.,"1. Prep the firm tofu and gather the other ingredients. 2. Simmer the ingredients in a pot until tender. 3. Cook the firm tofu with soy sauce and sesame oil until fully cooked. 4. Stir well, taste, and serve hot.",2
Sun-Dried Tomato Tofu Stew,entree,Mediterranean,"['firm tofu', 'soy sauce', 'sesame oil', 'broth', 'carrot', 'celery', 'eggplant', 'garlic']",20,25,45,4,medium,True,A bright Mediterranean-style entree built around tofu with stew.,"1. Prep the firm tofu and gather the other ingredients. 2. Simmer the ingredients in a pot until tender. 3. Cook the firm tofu with soy sauce and sesame oil until fully cooked. 4. Stir well, taste, and serve hot.",3
Herb Chickpea Rice Bowl,entree,American,"['chickpeas', 'olive oil', 'rice', 'cabbage', 'carrot', 'green onion', 'parsley', 'garlic powder', 'garlic']",20,10,30,4,easy,True,A savory weeknight entree built around chickpea with rice bowl.,1. Prep the chickpeas and gather the other ingredients. 2. Cook the rice or grain until tender. 3. Cook the chickpeas with olive oil and rice until fully cooked. 4. Layer everything in a bowl and serve hot.,3
Garlic Chickpea Rice Bowl,entree,American,"['chickpeas', 'olive oil', 'salt', 'black pepper', 'rice', 'spinach', 'tomato', 'onion', 'rosemary', 'garlic']",18,10,28,6,easy,True,A hearty and simple main dish built around chickpea with rice bowl.,1. Prep the chickpeas and gather the other ingredients. 2. Cook the rice or grain until tender. 3. Cook the chickpeas with olive oil and salt until fully cooked. 4. Layer everything in a bowl and serve hot.,3
Smoky Chickpea Rice Bowl,entree,American,"['chickpeas', 'olive oil', 'rosemary', 'garlic']",20,10,30,2,easy,True,A hearty and simple main dish built around chickpea with rice bowl.,1. Prep the chickpeas and gather the other ingredients. 2. Cook the rice or grain until tender. 3. Cook the chickpeas with olive oil and rosemary until fully cooked. 4. Layer everything in a bowl and serve hot.,1
Lemon Pepper Chickpea Rice Bowl,entree,American,"['chickpeas', 'olive oil', 'thyme', 'rosemary', 'garlic']",10,10,20,4,easy,True,A comfort-food style dinner built around chickpea with rice bowl.,1. Prep the chickpeas and gather the other ingredients. 2. Cook the rice or grain until tender. 3. Cook the chickpeas with olive oil and thyme until fully cooked. 4. Layer everything in a bowl and serve hot.,2
Roasted Chickpea Rice Bowl,entree,American,"['chickpeas', 'olive oil', 'rice', 'thyme', 'rosemary', 'garlic']",20,10,30,4,easy,True,A savory weeknight entree built around chickpea with rice bowl.,1. Prep the chickpeas and gather the other ingredients. 2. Cook the rice or grain until tender. 3. Cook the chickpeas with olive oil and rice until fully cooked. 4. Layer everything in a bowl and serve hot.,2
Homestyle Chickpea Rice Bowl,entree,American,"['chickpeas', 'olive oil', 'rice', 'onion', 'paprika', 'rosemary', 'garlic']",10,15,25,4,easy,True,A comfort-food style dinner built around chickpea with rice bowl.,1. Prep the chickpeas and gather the other ingredients. 2. Cook the rice or grain until tender. 3. Cook the chickpeas with olive oil and rice until fully cooked. 4. Layer everything in a bowl and serve hot.,2
Lemon Herb Chickpea Rice Bowl,entree,Mediterranean,"['chickpeas', 'olive oil', 'rice', 'sweet potato', 'onion', 'black beans', 'parsley', 'garlic']",15,15,30,6,easy,True,A bright Mediterranean-style entree built around chickpea with rice bowl.,1. Prep the chickpeas and gather the other ingredients. 2. Cook the rice or grain until tender. 3. Cook the chickpeas with olive oil and rice until fully cooked. 4. Layer everything in a bowl and serve hot.,3
Mediterranean Chickpea Rice Bowl,entree,Mediterranean,"['chickpeas', 'olive oil', 'garlic']",12,13,25,2,easy,True,A light but satisfying dinner built around chickpea with rice bowl.,1. Prep the chickpeas and gather the other ingredients. 2. Cook the rice or grain until tender. 3. Cook the chickpeas with olive oil and garlic until fully cooked. 4. Layer everything in a bowl and serve hot.,1
Garlic Oregano Chickpea Rice Bowl,entree,Mediterranean,"['chickpeas', 'olive oil', 'onion', 'feta', 'garlic']",12,10,22,4,easy,True,A bright Mediterranean-style entree built around chickpea with rice bowl.,1. Prep the chickpeas and gather the other ingredients. 2. Cook the rice or grain until tender. 3. Cook the chickpeas with olive oil and onion until fully cooked. 4. Layer everything in a bowl and serve hot.,2
Tomato Olive Chickpea Rice Bowl,entree,Mediterranean,"['chickpeas', 'olive oil', 'onion', 'parsley', 'lemon', 'garlic']",12,10,22,2,easy,True,A light but satisfying dinner built around chickpea with rice bowl.,1. Prep the chickpeas and gather the other ingredients. 2. Cook the rice or grain until tender. 3. Cook the chickpeas with olive oil and onion until fully cooked. 4. Layer everything in a bowl and serve hot.,2
Zesty Herb Chickpea Rice Bowl,entree,Mediterranean,"['chickpeas', 'olive oil', 'rice', 'broccoli', 'carrot', 'feta', 'garlic']",10,10,20,6,easy,True,A light but satisfying dinner built around chickpea with rice bowl.,1. Prep the chickpeas and gather the other ingredients. 2. Cook the rice or grain until tender. 3. Cook the chickpeas with olive oil and rice until fully cooked. 4. Layer everything in a bowl and serve hot.,2
Sun-Dried Tomato Chickpea Rice Bowl,entree,Mediterranean,"['chickpeas', 'olive oil', 'rice', 'onion', 'bell pepper', 'zucchini', 'feta', 'lemon', 'garlic']",18,10,28,4,easy,True,A fresh and herb-forward main dish built around chickpea with rice bowl.,1. Prep the chickpeas and gather the other ingredients. 2. Cook the rice or grain until tender. 3. Cook the chickpeas with olive oil and rice until fully cooked. 4. Layer everything in a bowl and serve hot.,3
Herb Chickpea Pasta,entree,American,"['chickpeas', 'olive oil', 'parmesan']",20,15,35,4,easy,True,A comfort-food style dinner built around chickpea with pasta.,1. Prep the chickpeas and gather the other ingredients. 2. Cook the pasta according to package directions. 3. Cook the chickpeas with olive oil and parmesan until fully cooked. 4. Toss everything together with the cooked pasta and serve hot.,1
Garlic Chickpea Pasta,entree,American,"['chickpeas', 'olive oil', 'garlic', 'parmesan']",10,15,25,2,easy,True,A savory weeknight entree built around chickpea with pasta.,1. Prep the chickpeas and gather the other ingredients. 2. Cook the pasta according to package directions. 3. Cook the chickpeas with olive oil and garlic until fully cooked. 4. Toss everything together with the cooked pasta and serve hot.,1
Smoky Chickpea Pasta,entree,American,"['chickpeas', 'olive oil', 'garlic powder', 'garlic', 'parmesan']",15,15,30,6,easy,True,A hearty and simple main dish built around chickpea with pasta.,1. Prep the chickpeas and gather the other ingredients. 2. Cook the pasta according to package directions. 3. Cook the chickpeas with olive oil and garlic powder until fully cooked. 4. Toss everything together with the cooked pasta and serve hot.,2
Lemon Pepper Chickpea Pasta,entree,American,"['chickpeas', 'olive oil', 'parsley', 'garlic powder', 'garlic', 'parmesan']",10,25,35,2,easy,True,A comfort-food style dinner built around chickpea with pasta.,1. Prep the chickpeas and gather the other ingredients. 2. Cook the pasta according to package directions. 3. Cook the chickpeas with olive oil and parsley until fully cooked. 4. Toss everything together with the cooked pasta and serve hot.,2
Roasted Chickpea Pasta,entree,American,"['chickpeas', 'olive oil', 'pasta', 'butter', 'paprika', 'garlic', 'parmesan']",18,12,30,6,easy,True,A savory weeknight entree built around chickpea with pasta.,1. Prep the chickpeas and gather the other ingredients. 2. Cook the pasta according to package directions. 3. Cook the chickpeas with olive oil and pasta until fully cooked. 4. Toss everything together with the cooked pasta and serve hot.,2
Homestyle Chickpea Pasta,entree,American,"['chickpeas', 'olive oil', 'pasta', 'onion', 'garlic powder', 'rosemary', 'garlic', 'parmesan']",20,15,35,2,easy,True,A hearty and simple main dish built around chickpea with pasta.,1. Prep the chickpeas and gather the other ingredients. 2. Cook the pasta according to package directions. 3. Cook the chickpeas with olive oil and pasta until fully cooked. 4. Toss everything together with the cooked pasta and serve hot.,3
Lemon Herb Chickpea Pasta,entree,Mediterranean,"['chickpeas', 'olive oil', 'pasta', 'sweet potato', 'onion', 'parsley', 'oregano', 'garlic', 'parmesan']",15,15,30,4,easy,True,A light but satisfying dinner built around chickpea with pasta.,1. Prep the chickpeas and gather the other ingredients. 2. Cook the pasta according to package directions. 3. Cook the chickpeas with olive oil and pasta until fully cooked. 4. Toss everything together with the cooked pasta and serve hot.,3
Mediterranean Chickpea Pasta,entree,Mediterranean,"['chickpeas', 'olive oil', 'salt', 'black pepper', 'pasta', 'spinach', 'onion', 'oregano', 'garlic', 'parmesan']",12,13,25,2,easy,True,A light but satisfying dinner built around chickpea with pasta.,1. Prep the chickpeas and gather the other ingredients. 2. Cook the pasta according to package directions. 3. Cook the chickpeas with olive oil and salt until fully cooked. 4. Toss everything together with the cooked pasta and serve hot.,3
Garlic Oregano Chickpea Pasta,entree,Mediterranean,"['chickpeas', 'olive oil', 'garlic', 'parmesan']",20,10,30,6,easy,True,A fresh and herb-forward main dish built around chickpea with pasta.,1. Prep the chickpeas and gather the other ingredients. 2. Cook the pasta according to package directions. 3. Cook the chickpeas with olive oil and garlic until fully cooked. 4. Toss everything together with the cooked pasta and serve hot.,1
Tomato Olive Chickpea Pasta,entree,Mediterranean,"['chickpeas', 'olive oil', 'parsley', 'garlic', 'parmesan']",10,10,20,2,easy,True,A fresh and herb-forward main dish built around chickpea with pasta.,1. Prep the chickpeas and gather the other ingredients. 2. Cook the pasta according to package directions. 3. Cook the chickpeas with olive oil and parsley until fully cooked. 4. Toss everything together with the cooked pasta and serve hot.,2
Zesty Herb Chickpea Pasta,entree,Mediterranean,"['chickpeas', 'olive oil', 'onion', 'oregano', 'garlic', 'parmesan']",10,15,25,4,easy,True,A bright Mediterranean-style entree built around chickpea with pasta.,1. Prep the chickpeas and gather the other ingredients. 2. Cook the pasta according to package directions. 3. Cook the chickpeas with olive oil and onion until fully cooked. 4. Toss everything together with the cooked pasta and serve hot.,2
Sun-Dried Tomato Chickpea Pasta,entree,Mediterranean,"['chickpeas', 'olive oil', 'pasta', 'broccoli', 'carrot', 'garlic', 'parmesan']",20,15,35,4,easy,True,A fresh and herb-forward main dish built around chickpea with pasta.,1. Prep the chickpeas and gather the other ingredients. 2. Cook the pasta according to package directions. 3. Cook the chickpeas with olive oil and pasta until fully cooked. 4. Toss everything together with the cooked pasta and serve hot.,2
Herb Chickpea Tacos,entree,American,"['chickpeas', 'olive oil', 'corn tortillas', 'eggplant', 'garlic powder', 'paprika', 'lime', 'cilantro']",10,20,30,6,easy,True,A savory weeknight entree built around chickpea with tacos.,1. Prep the chickpeas and gather the other ingredients. 2. Warm the tortillas or wraps. 3. Cook the chickpeas with olive oil and corn tortillas until fully cooked. 4. Fill with the cooked ingredients and serve warm.,3
Garlic Chickpea Tacos,entree,American,"['chickpeas', 'olive oil', 'cilantro']",12,10,22,4,easy,True,A savory weeknight entree built around chickpea with tacos.,1. Prep the chickpeas and gather the other ingredients. 2. Warm the tortillas or wraps. 3. Cook the chickpeas with olive oil and cilantro until fully cooked. 4. Fill with the cooked ingredients and serve warm.,1
Smoky Chickpea Tacos,entree,American,"['chickpeas', 'olive oil', 'thyme', 'lime', 'cilantro']",10,20,30,4,easy,True,A savory weeknight entree built around chickpea with tacos.,1. Prep the chickpeas and gather the other ingredients. 2. Warm the tortillas or wraps. 3. Cook the chickpeas with olive oil and thyme until fully cooked. 4. Fill with the cooked ingredients and serve warm.,2
Lemon Pepper Chickpea Tacos,entree,American,"['chickpeas', 'olive oil', 'rosemary', 'paprika', 'lime', 'cilantro']",12,10,22,4,easy,True,A hearty and simple main dish built around chickpea with tacos.,1. Prep the chickpeas and gather the other ingredients. 2. Warm the tortillas or wraps. 3. Cook the chickpeas with olive oil and rosemary until fully cooked. 4. Fill with the cooked ingredients and serve warm.,2
Roasted Chickpea Tacos,entree,American,"['chickpeas', 'olive oil', 'onion', 'garlic powder', 'parsley', 'lime', 'cilantro']",20,10,30,2,easy,True,A comfort-food style dinner built around chickpea with tacos.,1. Prep the chickpeas and gather the other ingredients. 2. Warm the tortillas or wraps. 3. Cook the chickpeas with olive oil and onion until fully cooked. 4. Fill with the cooked ingredients and serve warm.,2
Homestyle Chickpea Tacos,entree,American,"['chickpeas', 'olive oil', 'corn tortillas', 'onion', 'bell pepper', 'rosemary', 'garlic powder', 'lime', 'cilantro']",12,10,22,4,easy,True,A comfort-food style dinner built around chickpea with tacos.,1. Prep the chickpeas and gather the other ingredients. 2. Warm the tortillas or wraps. 3. Cook the chickpeas with olive oil and corn tortillas until fully cooked. 4. Fill with the cooked ingredients and serve warm.,3
Herb Chickpea Salad,entree,American,"['chickpeas', 'olive oil', 'garlic powder']",10,10,20,6,easy,True,A hearty and simple main dish built around chickpea with salad.,1. Prep the chickpeas and gather the other ingredients. 2. Prepare the fresh ingredients and dressing. 3. Cook the chickpeas with olive oil and garlic powder until fully cooked. 4. Toss everything together and serve.,1
Garlic Chickpea Salad,entree,American,"['chickpeas', 'olive oil', 'paprika', 'parsley']",12,13,25,4,easy,True,A comfort-food style dinner built around chickpea with salad.,1. Prep the chickpeas and gather the other ingredients. 2. Prepare the fresh ingredients and dressing. 3. Cook the chickpeas with olive oil and paprika until fully cooked. 4. Toss everything together and serve.,1
Smoky Chickpea Salad,entree,American,"['chickpeas', 'olive oil', 'mixed greens', 'garlic powder', 'paprika']",18,10,28,6,easy,True,A savory weeknight entree built around chickpea with salad.,1. Prep the chickpeas and gather the other ingredients. 2. Prepare the fresh ingredients and dressing. 3. Cook the chickpeas with olive oil and mixed greens until fully cooked. 4. Toss everything together and serve.,2
Lemon Pepper Chickpea Salad,entree,American,"['chickpeas', 'olive oil', 'mixed greens', 'onion', 'garlic powder', 'paprika']",18,10,28,6,easy,True,A comfort-food style dinner built around chickpea with salad.,1. Prep the chickpeas and gather the other ingredients. 2. Prepare the fresh ingredients and dressing. 3. Cook the chickpeas with olive oil and mixed greens until fully cooked. 4. Toss everything together and serve.,2
Roasted Chickpea Salad,entree,American,"['chickpeas', 'olive oil', 'mixed greens', 'cauliflower', 'carrot', 'peas', 'thyme']",12,10,22,6,easy,True,A comfort-food style dinner built around chickpea with salad.,1. Prep the chickpeas and gather the other ingredients. 2. Prepare the fresh ingredients and dressing. 3. Cook the chickpeas with olive oil and mixed greens until fully cooked. 4. Toss everything together and serve.,2
Homestyle Chickpea Salad,entree,American,"['chickpeas', 'olive oil', 'mixed greens', 'sweet potato', 'onion', 'black beans', 'paprika', 'garlic powder']",18,10,28,6,easy,True,A hearty and simple main dish built around chickpea with salad.,1. Prep the chickpeas and gather the other ingredients. 2. Prepare the fresh ingredients and dressing. 3. Cook the chickpeas with olive oil and mixed greens until fully cooked. 4. Toss everything together and serve.,3
Lemon Herb Chickpea Salad,entree,Mediterranean,"['chickpeas', 'olive oil', 'salt', 'black pepper', 'mixed greens', 'broccoli', 'carrot', 'oregano', 'lemon']",10,10,20,6,easy,True,A bright Mediterranean-style entree built around chickpea with salad.,1. Prep the chickpeas and gather the other ingredients. 2. Prepare the fresh ingredients and dressing. 3. Cook the chickpeas with olive oil and salt until fully cooked. 4. Toss everything together and serve.,3
Mediterranean Chickpea Salad,entree,Mediterranean,"['chickpeas', 'olive oil', 'salt', 'black pepper', 'mixed greens', 'cauliflower', 'carrot', 'peas', 'cucumber', 'lemon']",18,10,28,4,easy,True,A bright Mediterranean-style entree built around chickpea with salad.,1. Prep the chickpeas and gather the other ingredients. 2. Prepare the fresh ingredients and dressing. 3. Cook the chickpeas with olive oil and salt until fully cooked. 4. Toss everything together and serve.,3
Garlic Oregano Chickpea Salad,entree,Mediterranean,"['chickpeas', 'olive oil', 'mixed greens', 'broccoli']",20,10,30,4,easy,True,A bright Mediterranean-style entree built around chickpea with salad.,1. Prep the chickpeas and gather the other ingredients. 2. Prepare the fresh ingredients and dressing. 3. Cook the chickpeas with olive oil and mixed greens until fully cooked. 4. Toss everything together and serve.,1
Tomato Olive Chickpea Salad,entree,Mediterranean,"['chickpeas', 'olive oil', 'mixed greens', 'kale', 'white beans']",12,10,22,2,easy,True,A fresh and herb-forward main dish built around chickpea with salad.,1. Prep the chickpeas and gather the other ingredients. 2. Prepare the fresh ingredients and dressing. 3. Cook the chickpeas with olive oil and mixed greens until fully cooked. 4. Toss everything together and serve.,2
Zesty Herb Chickpea Salad,entree,Mediterranean,"['chickpeas', 'olive oil', 'mixed greens', 'corn', 'onion', 'oregano']",10,10,20,6,easy,True,A light but satisfying dinner built around chickpea with salad.,1. Prep the chickpeas and gather the other ingredients. 2. Prepare the fresh ingredients and dressing. 3. Cook the chickpeas with olive oil and mixed greens until fully cooked. 4. Toss everything together and serve.,2
Sun-Dried Tomato Chickpea Salad,entree,Mediterranean,"['chickpeas', 'olive oil', 'mixed greens', 'onion', 'bell pepper', 'zucchini', 'tomato']",10,10,20,4,easy,True,A bright Mediterranean-style entree built around chickpea with salad.,1. Prep the chickpeas and gather the other ingredients. 2. Prepare the fresh ingredients and dressing. 3. Cook the chickpeas with olive oil and mixed greens until fully cooked. 4. Toss everything together and serve.,2
Herb Chickpea Soup,entree,American,"['chickpeas', 'olive oil', 'broth', 'onion', 'bell pepper', 'paprika', 'butter', 'garlic']",15,25,40,2,medium,True,A comfort-food style dinner built around chickpea with soup.,"1. Prep the chickpeas and gather the other ingredients. 2. Simmer the ingredients in a pot until tender. 3. Cook the chickpeas with olive oil and broth until fully cooked. 4. Stir well, taste, and serve hot.",3
Garlic Chickpea Soup,entree,American,"['chickpeas', 'olive oil', 'garlic']",15,20,35,4,medium,True,A hearty and simple main dish built around chickpea with soup.,"1. Prep the chickpeas and gather the other ingredients. 2. Simmer the ingredients in a pot until tender. 3. Cook the chickpeas with olive oil and garlic until fully cooked. 4. Stir well, taste, and serve hot.",1
Smoky Chickpea Soup,entree,American,"['chickpeas', 'olive oil', 'garlic powder', 'paprika', 'garlic']",10,35,45,2,medium,True,A comfort-food style dinner built around chickpea with soup.,"1. Prep the chickpeas and gather the other ingredients. 2. Simmer the ingredients in a pot until tender. 3. Cook the chickpeas with olive oil and garlic powder until fully cooked. 4. Stir well, taste, and serve hot.",2
Lemon Pepper Chickpea Soup,entree,American,"['chickpeas', 'olive oil', 'onion', 'parsley', 'thyme', 'garlic']",10,20,30,4,medium,True,A savory weeknight entree built around chickpea with soup.,"1. Prep the chickpeas and gather the other ingredients. 2. Simmer the ingredients in a pot until tender. 3. Cook the chickpeas with olive oil and onion until fully cooked. 4. Stir well, taste, and serve hot.",2
Roasted Chickpea Soup,entree,American,"['chickpeas', 'olive oil', 'broth', 'onion', 'garlic powder', 'paprika', 'garlic']",10,30,40,2,medium,True,A hearty and simple main dish built around chickpea with soup.,"1. Prep the chickpeas and gather the other ingredients. 2. Simmer the ingredients in a pot until tender. 3. Cook the chickpeas with olive oil and broth until fully cooked. 4. Stir well, taste, and serve hot.",2
Homestyle Chickpea Soup,entree,American,"['chickpeas', 'olive oil', 'broth', 'kale', 'white beans', 'tomato', 'thyme', 'parsley', 'garlic']",20,25,45,6,medium,True,A comfort-food style dinner built around chickpea with soup.,"1. Prep the chickpeas and gather the other ingredients. 2. Simmer the ingredients in a pot until tender. 3. Cook the chickpeas with olive oil and broth until fully cooked. 4. Stir well, taste, and serve hot.",3
Curried Chickpea Soup,entree,Indian,"['chickpeas', 'olive oil', 'garlic']",20,15,35,4,medium,True,A rich and aromatic dinner built around chickpea with soup.,"1. Prep the chickpeas and gather the other ingredients. 2. Simmer the ingredients in a pot until tender. 3. Cook the chickpeas with olive oil and garlic until fully cooked. 4. Stir well, taste, and serve hot.",1
Masala Chickpea Soup,entree,Indian,"['chickpeas', 'olive oil', 'onion', 'garlic']",15,20,35,6,medium,True,A Indian-inspired curry-style main dish built around chickpea with soup.,"1. Prep the chickpeas and gather the other ingredients. 2. Simmer the ingredients in a pot until tender. 3. Cook the chickpeas with olive oil and onion until fully cooked. 4. Stir well, taste, and serve hot.",1
Spiced Chickpea Soup,entree,Indian,"['chickpeas', 'olive oil', 'broth', 'ginger', 'garlic']",10,35,45,4,medium,True,A rich and aromatic dinner built around chickpea with soup.,"1. Prep the chickpeas and gather the other ingredients. 2. Simmer the ingredients in a pot until tender. 3. Cook the chickpeas with olive oil and broth until fully cooked. 4. Stir well, taste, and serve hot.",2
Coconut Curry Chickpea Soup,entree,Indian,"['chickpeas', 'olive oil', 'broth', 'kale', 'curry powder', 'garlic']",20,20,40,4,medium,True,A warming spiced entree built around chickpea with soup.,"1. Prep the chickpeas and gather the other ingredients. 2. Simmer the ingredients in a pot until tender. 3. Cook the chickpeas with olive oil and broth until fully cooked. 4. Stir well, taste, and serve hot.",2
Golden Chickpea Soup,entree,Indian,"['chickpeas', 'olive oil', 'broth', 'eggplant', 'tomato', 'cilantro', 'garlic']",20,25,45,2,medium,True,A rich and aromatic dinner built around chickpea with soup.,"1. Prep the chickpeas and gather the other ingredients. 2. Simmer the ingredients in a pot until tender. 3. Cook the chickpeas with olive oil and broth until fully cooked. 4. Stir well, taste, and serve hot.",2
Tikka-Style Chickpea Soup,entree,Indian,"['chickpeas', 'olive oil', 'broth', 'cabbage', 'carrot', 'ginger', 'cumin', 'garlic']",20,20,40,4,medium,True,A Indian-inspired curry-style main dish built around chickpea with soup.,"1. Prep the chickpeas and gather the other ingredients. 2. Simmer the ingredients in a pot until tender. 3. Cook the chickpeas with olive oil and broth until fully cooked. 4. Stir well, taste, and serve hot.",3
Lemon Herb Chickpea Soup,entree,Mediterranean,"['chickpeas', 'olive oil', 'broth', 'onion', 'bell pepper', 'zucchini', 'tomato', 'feta', 'garlic']",18,22,40,6,medium,True,A light but satisfying dinner built around chickpea with soup.,"1. Prep the chickpeas and gather the other ingredients. 2. Simmer the ingredients in a pot until tender. 3. Cook the chickpeas with olive oil and broth until fully cooked. 4. Stir well, taste, and serve hot.",3
Mediterranean Chickpea Soup,entree,Mediterranean,"['chickpeas', 'olive oil', 'salt', 'black pepper', 'broth', 'mushrooms', 'onion', 'peas', 'cucumber', 'garlic']",15,25,40,4,medium,True,A fresh and herb-forward main dish built around chickpea with soup.,"1. Prep the chickpeas and gather the other ingredients. 2. Simmer the ingredients in a pot until tender. 3. Cook the chickpeas with olive oil and salt until fully cooked. 4. Stir well, taste, and serve hot.",3
Garlic Oregano Chickpea Soup,entree,Mediterranean,"['chickpeas', 'olive oil', 'feta', 'garlic']",12,23,35,4,medium,True,A light but satisfying dinner built around chickpea with soup.,"1. Prep the chickpeas and gather the other ingredients. 2. Simmer the ingredients in a pot until tender. 3. Cook the chickpeas with olive oil and feta until fully cooked. 4. Stir well, taste, and serve hot.",1
Tomato Olive Chickpea Soup,entree,Mediterranean,"['chickpeas', 'olive oil', 'broth', 'feta', 'garlic']",10,30,40,6,medium,True,A bright Mediterranean-style entree built around chickpea with soup.,"1. Prep the chickpeas and gather the other ingredients. 2. Simmer the ingredients in a pot until tender. 3. Cook the chickpeas with olive oil and broth until fully cooked. 4. Stir well, taste, and serve hot.",2
Zesty Herb Chickpea Soup,entree,Mediterranean,"['chickpeas', 'olive oil', 'broth', 'onion', 'feta', 'garlic']",10,35,45,6,medium,True,A light but satisfying dinner built around chickpea with soup.,"1. Prep the chickpeas and gather the other ingredients. 2. Simmer the ingredients in a pot until tender. 3. Cook the chickpeas with olive oil and broth until fully cooked. 4. Stir well, taste, and serve hot.",2
Sun-Dried Tomato Chickpea Soup,entree,Mediterranean,"['chickpeas', 'olive oil', 'broth', 'cauliflower', 'carrot', 'peas', 'garlic']",12,28,40,4,medium,True,A fresh and herb-forward main dish built around chickpea with soup.,"1. Prep the chickpeas and gather the other ingredients. 2. Simmer the ingredients in a pot until tender. 3. Cook the chickpeas with olive oil and broth until fully cooked. 4. Stir well, taste, and serve hot.",2
Herb Chickpea Sheet Pan Dinner,entree,American,"['chickpeas', 'olive oil', 'onion', 'bell pepper', 'broccoli', 'carrot', 'snap peas', 'parsley']",12,33,45,2,easy,True,A hearty and simple main dish built around chickpea with sheet pan dinner.,1. Prep the chickpeas and gather the other ingredients. 2. Heat a pan over medium heat. 3. Cook the chickpeas with olive oil and onion until fully cooked. 4. Combine everything and serve hot.,3
Garlic Chickpea Sheet Pan Dinner,entree,American,"['chickpeas', 'olive oil', 'rosemary']",10,25,35,4,easy,True,A hearty and simple main dish built around chickpea with sheet pan dinner.,1. Prep the chickpeas and gather the other ingredients. 2. Heat a pan over medium heat. 3. Cook the chickpeas with olive oil and rosemary until fully cooked. 4. Combine everything and serve hot.,1
Smoky Chickpea Sheet Pan Dinner,entree,American,"['chickpeas', 'olive oil', 'onion', 'thyme', 'rosemary']",12,28,40,2,easy,True,A comfort-food style dinner built around chickpea with sheet pan dinner.,1. Prep the chickpeas and gather the other ingredients. 2. Heat a pan over medium heat. 3. Cook the chickpeas with olive oil and onion until fully cooked. 4. Combine everything and serve hot.,2
Lemon Pepper Chickpea Sheet Pan Dinner,entree,American,"['chickpeas', 'olive oil', 'onion', 'bell pepper', 'parsley', 'paprika']",15,25,40,2,easy,True,A comfort-food style dinner built around chickpea with sheet pan dinner.,1. Prep the chickpeas and gather the other ingredients. 2. Heat a pan over medium heat. 3. Cook the chickpeas with olive oil and onion until fully cooked. 4. Combine everything and serve hot.,2
Roasted Chickpea Sheet Pan Dinner,entree,American,"['chickpeas', 'olive oil', 'onion', 'bell pepper', 'mushrooms', 'thyme', 'garlic powder']",12,18,30,4,easy,True,A hearty and simple main dish built around chickpea with sheet pan dinner.,1. Prep the chickpeas and gather the other ingredients. 2. Heat a pan over medium heat. 3. Cook the chickpeas with olive oil and onion until fully cooked. 4. Combine everything and serve hot.,2
Homestyle Chickpea Sheet Pan Dinner,entree,American,"['chickpeas', 'olive oil', 'salt', 'black pepper', 'onion', 'bell pepper', 'mushrooms', 'paprika', 'thyme']",20,10,30,2,easy,True,A hearty and simple main dish built around chickpea with sheet pan dinner.,1. Prep the chickpeas and gather the other ingredients. 2. Heat a pan over medium heat. 3. Cook the chickpeas with olive oil and salt until fully cooked. 4. Combine everything and serve hot.,3
Lemon Herb Chickpea Sheet Pan Dinner,entree,Mediterranean,"['chickpeas', 'olive oil', 'parsley']",20,20,40,2,easy,True,A fresh and herb-forward main dish built around chickpea with sheet pan dinner.,1. Prep the chickpeas and gather the other ingredients. 2. Heat a pan over medium heat. 3. Cook the chickpeas with olive oil and parsley until fully cooked. 4. Combine everything and serve hot.,1
Mediterranean Chickpea Sheet Pan Dinner,entree,Mediterranean,"['chickpeas', 'olive oil', 'onion', 'oregano']",10,30,40,2,easy,True,A fresh and herb-forward main dish built around chickpea with sheet pan dinner.,1. Prep the chickpeas and gather the other ingredients. 2. Heat a pan over medium heat. 3. Cook the chickpeas with olive oil and onion until fully cooked. 4. Combine everything and serve hot.,1
Garlic Oregano Chickpea Sheet Pan Dinner,entree,Mediterranean,"['chickpeas', 'olive oil', 'onion', 'bell pepper', 'oregano']",10,25,35,2,easy,True,A bright Mediterranean-style entree built around chickpea with sheet pan dinner.,1. Prep the chickpeas and gather the other ingredients. 2. Heat a pan over medium heat. 3. Cook the chickpeas with olive oil and onion until fully cooked. 4. Combine everything and serve hot.,2
Tomato Olive Chickpea Sheet Pan Dinner,entree,Mediterranean,"['chickpeas', 'olive oil', 'onion', 'bell pepper', 'kale', 'parsley']",20,15,35,4,easy,True,A bright Mediterranean-style entree built around chickpea with sheet pan dinner.,1. Prep the chickpeas and gather the other ingredients. 2. Heat a pan over medium heat. 3. Cook the chickpeas with olive oil and onion until fully cooked. 4. Combine everything and serve hot.,2
Zesty Herb Chickpea Sheet Pan Dinner,entree,Mediterranean,"['chickpeas', 'olive oil', 'onion', 'bell pepper', 'mushrooms', 'peas', 'cucumber']",12,23,35,4,easy,True,A light but satisfying dinner built around chickpea with sheet pan dinner.,1. Prep the chickpeas and gather the other ingredients. 2. Heat a pan over medium heat. 3. Cook the chickpeas with olive oil and onion until fully cooked. 4. Combine everything and serve hot.,2
Sun-Dried Tomato Chickpea Sheet Pan Dinner,entree,Mediterranean,"['chickpeas', 'olive oil', 'onion', 'bell pepper', 'kale', 'white beans', 'feta', 'lemon']",10,30,40,6,easy,True,A light but satisfying dinner built around chickpea with sheet pan dinner.,1. Prep the chickpeas and gather the other ingredients. 2. Heat a pan over medium heat. 3. Cook the chickpeas with olive oil and onion until fully cooked. 4. Combine everything and serve hot.,3
Herb Chickpea Skillet,entree,American,"['chickpeas', 'olive oil', 'onion', 'garlic', 'kale', 'white beans', 'tomato', 'garlic powder', 'butter']",18,10,28,2,easy,True,A savory weeknight entree built around chickpea with skillet.,1. Prep the chickpeas and gather the other ingredients. 2. Heat a pan over medium heat. 3. Cook the chickpeas with olive oil and onion until fully cooked. 4. Combine everything and serve hot.,3
Garlic Chickpea Skillet,entree,American,"['chickpeas', 'olive oil', 'salt', 'black pepper', 'onion', 'garlic', 'eggplant', 'tomato', 'thyme', 'rosemary']",15,10,25,2,easy,True,A savory weeknight entree built around chickpea with skillet.,1. Prep the chickpeas and gather the other ingredients. 2. Heat a pan over medium heat. 3. Cook the chickpeas with olive oil and salt until fully cooked. 4. Combine everything and serve hot.,3
Smoky Chickpea Skillet,entree,American,"['chickpeas', 'olive oil', 'rosemary', 'paprika']",18,10,28,4,easy,True,A comfort-food style dinner built around chickpea with skillet.,1. Prep the chickpeas and gather the other ingredients. 2. Heat a pan over medium heat. 3. Cook the chickpeas with olive oil and rosemary until fully cooked. 4. Combine everything and serve hot.,1
Lemon Pepper Chickpea Skillet,entree,American,"['chickpeas', 'olive oil', 'garlic', 'rosemary', 'parsley']",10,20,30,4,easy,True,A hearty and simple main dish built around chickpea with skillet.,1. Prep the chickpeas and gather the other ingredients. 2. Heat a pan over medium heat. 3. Cook the chickpeas with olive oil and garlic until fully cooked. 4. Combine everything and serve hot.,2
Roasted Chickpea Skillet,entree,American,"['chickpeas', 'olive oil', 'onion', 'garlic', 'rosemary', 'garlic powder']",10,25,35,4,easy,True,A savory weeknight entree built around chickpea with skillet.,1. Prep the chickpeas and gather the other ingredients. 2. Heat a pan over medium heat. 3. Cook the chickpeas with olive oil and onion until fully cooked. 4. Combine everything and serve hot.,2
Homestyle Chickpea Skillet,entree,American,"['chickpeas', 'olive oil', 'onion', 'garlic', 'kale', 'butter', 'paprika']",20,15,35,6,easy,True,A hearty and simple main dish built around chickpea with skillet.,1. Prep the chickpeas and gather the other ingredients. 2. Heat a pan over medium heat. 3. Cook the chickpeas with olive oil and onion until fully cooked. 4. Combine everything and serve hot.,2
Curried Chickpea Curry,entree,Indian,"['chickpeas', 'olive oil', 'onion', 'garlic', 'coconut milk', 'cilantro', 'curry powder', 'ginger']",15,30,45,2,medium,True,A Indian-inspired curry-style main dish built around chickpea with curry.,1. Prep the chickpeas and gather the other ingredients. 2. Heat a pan over medium heat. 3. Cook the chickpeas with olive oil and onion until fully cooked. 4. Combine everything and serve hot.,3
Masala Chickpea Curry,entree,Indian,"['chickpeas', 'olive oil', 'ginger']",10,20,30,2,medium,True,A warming spiced entree built around chickpea with curry.,1. Prep the chickpeas and gather the other ingredients. 2. Heat a pan over medium heat. 3. Cook the chickpeas with olive oil and ginger until fully cooked. 4. Combine everything and serve hot.,1
Spiced Chickpea Curry,entree,Indian,"['chickpeas', 'olive oil', 'coconut milk', 'curry powder', 'ginger']",18,27,45,6,medium,True,A Indian-inspired curry-style main dish built around chickpea with curry.,1. Prep the chickpeas and gather the other ingredients. 2. Heat a pan over medium heat. 3. Cook the chickpeas with olive oil and coconut milk until fully cooked. 4. Combine everything and serve hot.,2
Coconut Curry Chickpea Curry,entree,Indian,"['chickpeas', 'olive oil', 'onion', 'garlic', 'coconut milk', 'ginger']",20,20,40,6,medium,True,A warming spiced entree built around chickpea with curry.,1. Prep the chickpeas and gather the other ingredients. 2. Heat a pan over medium heat. 3. Cook the chickpeas with olive oil and onion until fully cooked. 4. Combine everything and serve hot.,2
Golden Chickpea Curry,entree,Indian,"['chickpeas', 'olive oil', 'onion', 'garlic', 'coconut milk', 'broccoli', 'ginger']",18,12,30,4,medium,True,A Indian-inspired curry-style main dish built around chickpea with curry.,1. Prep the chickpeas and gather the other ingredients. 2. Heat a pan over medium heat. 3. Cook the chickpeas with olive oil and onion until fully cooked. 4. Combine everything and serve hot.,2
Tikka-Style Chickpea Curry,entree,Indian,"['chickpeas', 'olive oil', 'onion', 'garlic', 'coconut milk', 'cabbage', 'carrot', 'green onion', 'ginger']",18,22,40,4,medium,True,A rich and aromatic dinner built around chickpea with curry.,1. Prep the chickpeas and gather the other ingredients. 2. Heat a pan over medium heat. 3. Cook the chickpeas with olive oil and onion until fully cooked. 4. Combine everything and serve hot.,3
Herb Chickpea Wrap,entree,American,"['chickpeas', 'olive oil', 'cilantro']",15,10,25,2,easy,True,A comfort-food style dinner built around chickpea with wrap.,1. Prep the chickpeas and gather the other ingredients. 2. Warm the tortillas or wraps. 3. Cook the chickpeas with olive oil and cilantro until fully cooked. 4. Fill with the cooked ingredients and serve warm.,1
Garlic Chickpea Wrap,entree,American,"['chickpeas', 'olive oil', 'lime', 'cilantro']",20,10,30,2,easy,True,A hearty and simple main dish built around chickpea with wrap.,1. Prep the chickpeas and gather the other ingredients. 2. Warm the tortillas or wraps. 3. Cook the chickpeas with olive oil and lime until fully cooked. 4. Fill with the cooked ingredients and serve warm.,1
Smoky Chickpea Wrap,entree,American,"['chickpeas', 'olive oil', 'paprika', 'lime', 'cilantro']",18,10,28,4,easy,True,A savory weeknight entree built around chickpea with wrap.,1. Prep the chickpeas and gather the other ingredients. 2. Warm the tortillas or wraps. 3. Cook the chickpeas with olive oil and paprika until fully cooked. 4. Fill with the cooked ingredients and serve warm.,2
Lemon Pepper Chickpea Wrap,entree,American,"['chickpeas', 'olive oil', 'garlic powder', 'paprika', 'lime', 'cilantro']",12,13,25,4,easy,True,A hearty and simple main dish built around chickpea with wrap.,1. Prep the chickpeas and gather the other ingredients. 2. Warm the tortillas or wraps. 3. Cook the chickpeas with olive oil and garlic powder until fully cooked. 4. Fill with the cooked ingredients and serve warm.,2
Roasted Chickpea Wrap,entree,American,"['chickpeas', 'olive oil', 'flour tortillas', 'cauliflower', 'paprika', 'lime', 'cilantro']",18,10,28,4,easy,True,A comfort-food style dinner built around chickpea with wrap.,1. Prep the chickpeas and gather the other ingredients. 2. Warm the tortillas or wraps. 3. Cook the chickpeas with olive oil and flour tortillas until fully cooked. 4. Fill with the cooked ingredients and serve warm.,2
Homestyle Chickpea Wrap,entree,American,"['chickpeas', 'olive oil', 'flour tortillas', 'onion', 'garlic powder', 'rosemary', 'lime', 'cilantro']",12,10,22,6,easy,True,A hearty and simple main dish built around chickpea with wrap.,1. Prep the chickpeas and gather the other ingredients. 2. Warm the tortillas or wraps. 3. Cook the chickpeas with olive oil and flour tortillas until fully cooked. 4. Fill with the cooked ingredients and serve warm.,3
Lemon Herb Chickpea Wrap,entree,Mediterranean,"['chickpeas', 'olive oil', 'flour tortillas', 'onion', 'bell pepper', 'zucchini', 'parsley', 'lime', 'cilantro']",18,10,28,6,easy,True,A bright Mediterranean-style entree built around chickpea with wrap.,1. Prep the chickpeas and gather the other ingredients. 2. Warm the tortillas or wraps. 3. Cook the chickpeas with olive oil and flour tortillas until fully cooked. 4. Fill with the cooked ingredients and serve warm.,3
Mediterranean Chickpea Wrap,entree,Mediterranean,"['chickpeas', 'olive oil', 'flour tortillas', 'broccoli', 'carrot', 'snap peas', 'cucumber', 'oregano', 'lime', 'cilantro']",12,10,22,6,easy,True,A light but satisfying dinner built around chickpea with wrap.,1. Prep the chickpeas and gather the other ingredients. 2. Warm the tortillas or wraps. 3. Cook the chickpeas with olive oil and flour tortillas until fully cooked. 4. Fill with the cooked ingredients and serve warm.,3
Garlic Oregano Chickpea Wrap,entree,Mediterranean,"['chickpeas', 'olive oil', 'lime', 'cilantro']",12,10,22,4,easy,True,A light but satisfying dinner built around chickpea with wrap.,1. Prep the chickpeas and gather the other ingredients. 2. Warm the tortillas or wraps. 3. Cook the chickpeas with olive oil and lime until fully cooked. 4. Fill with the cooked ingredients and serve warm.,1
Tomato Olive Chickpea Wrap,entree,Mediterranean,"['chickpeas', 'olive oil', 'oregano', 'lime', 'cilantro']",18,10,28,2,easy,True,A fresh and herb-forward main dish built around chickpea with wrap.,1. Prep the chickpeas and gather the other ingredients. 2. Warm the tortillas or wraps. 3. Cook the chickpeas with olive oil and oregano until fully cooked. 4. Fill with the cooked ingredients and serve warm.,2
Zesty Herb Chickpea Wrap,entree,Mediterranean,"['chickpeas', 'olive oil', 'flour tortillas', 'feta', 'lime', 'cilantro']",12,10,22,6,easy,True,A fresh and herb-forward main dish built around chickpea with wrap.,1. Prep the chickpeas and gather the other ingredients. 2. Warm the tortillas or wraps. 3. Cook the chickpeas with olive oil and flour tortillas until fully cooked. 4. Fill with the cooked ingredients and serve warm.,2
Sun-Dried Tomato Chickpea Wrap,entree,Mediterranean,"['chickpeas', 'olive oil', 'onion', 'parsley', 'oregano', 'lime', 'cilantro']",15,10,25,4,easy,True,A light but satisfying dinner built around chickpea with wrap.,1. Prep the chickpeas and gather the other ingredients. 2. Warm the tortillas or wraps. 3. Cook the chickpeas with olive oil and onion until fully cooked. 4. Fill with the cooked ingredients and serve warm.,2
Herb Chickpea Grain Bowl,entree,American,"['chickpeas', 'olive oil', 'quinoa', 'spinach', 'onion', 'garlic powder', 'parsley', 'garlic']",10,10,20,6,easy,True,A comfort-food style dinner built around chickpea with grain bowl.,1. Prep the chickpeas and gather the other ingredients. 2. Cook the rice or grain until tender. 3. Cook the chickpeas with olive oil and quinoa until fully cooked. 4. Layer everything in a bowl and serve hot.,3
Garlic Chickpea Grain Bowl,entree,American,"['chickpeas', 'olive oil', 'garlic']",20,10,30,4,easy,True,A savory weeknight entree built around chickpea with grain bowl.,1. Prep the chickpeas and gather the other ingredients. 2. Cook the rice or grain until tender. 3. Cook the chickpeas with olive oil and garlic until fully cooked. 4. Layer everything in a bowl and serve hot.,1
Smoky Chickpea Grain Bowl,entree,American,"['chickpeas', 'olive oil', 'butter', 'garlic powder', 'garlic']",10,15,25,4,easy,True,A savory weeknight entree built around chickpea with grain bowl.,1. Prep the chickpeas and gather the other ingredients. 2. Cook the rice or grain until tender. 3. Cook the chickpeas with olive oil and butter until fully cooked. 4. Layer everything in a bowl and serve hot.,2
Lemon Pepper Chickpea Grain Bowl,entree,American,"['chickpeas', 'olive oil', 'quinoa', 'butter', 'paprika', 'garlic']",12,13,25,4,easy,True,A comfort-food style dinner built around chickpea with grain bowl.,1. Prep the chickpeas and gather the other ingredients. 2. Cook the rice or grain until tender. 3. Cook the chickpeas with olive oil and quinoa until fully cooked. 4. Layer everything in a bowl and serve hot.,2
Roasted Chickpea Grain Bowl,entree,American,"['chickpeas', 'olive oil', 'quinoa', 'onion', 'butter', 'garlic powder', 'garlic']",12,18,30,4,easy,True,A savory weeknight entree built around chickpea with grain bowl.,1. Prep the chickpeas and gather the other ingredients. 2. Cook the rice or grain until tender. 3. Cook the chickpeas with olive oil and quinoa until fully cooked. 4. Layer everything in a bowl and serve hot.,2
Homestyle Chickpea Grain Bowl,entree,American,"['chickpeas', 'olive oil', 'quinoa', 'broccoli', 'carrot', 'snap peas', 'garlic powder', 'butter', 'garlic']",10,10,20,2,easy,True,A comfort-food style dinner built around chickpea with grain bowl.,1. Prep the chickpeas and gather the other ingredients. 2. Cook the rice or grain until tender. 3. Cook the chickpeas with olive oil and quinoa until fully cooked. 4. Layer everything in a bowl and serve hot.,3
Lemon Herb Chickpea Grain Bowl,entree,Mediterranean,"['chickpeas', 'olive oil', 'garlic']",15,10,25,2,easy,True,A fresh and herb-forward main dish built around chickpea with grain bowl.,1. Prep the chickpeas and gather the other ingredients. 2. Cook the rice or grain until tender. 3. Cook the chickpeas with olive oil and garlic until fully cooked. 4. Layer everything in a bowl and serve hot.,1
Mediterranean Chickpea Grain Bowl,entree,Mediterranean,"['chickpeas', 'olive oil', 'feta', 'garlic']",20,10,30,2,easy,True,A light but satisfying dinner built around chickpea with grain bowl.,1. Prep the chickpeas and gather the other ingredients. 2. Cook the rice or grain until tender. 3. Cook the chickpeas with olive oil and feta until fully cooked. 4. Layer everything in a bowl and serve hot.,1
Garlic Oregano Chickpea Grain Bowl,entree,Mediterranean,"['chickpeas', 'olive oil', 'oregano', 'feta', 'garlic']",10,25,35,6,easy,True,A light but satisfying dinner built around chickpea with grain bowl.,1. Prep the chickpeas and gather the other ingredients. 2. Cook the rice or grain until tender. 3. Cook the chickpeas with olive oil and oregano until fully cooked. 4. Layer everything in a bowl and serve hot.,2
Tomato Olive Chickpea Grain Bowl,entree,Mediterranean,"['chickpeas', 'olive oil', 'quinoa', 'spinach', 'onion', 'garlic']",20,15,35,4,easy,True,A fresh and herb-forward main dish built around chickpea with grain bowl.,1. Prep the chickpeas and gather the other ingredients. 2. Cook the rice or grain until tender. 3. Cook the chickpeas with olive oil and quinoa until fully cooked. 4. Layer everything in a bowl and serve hot.,2
Zesty Herb Chickpea Grain Bowl,entree,Mediterranean,"['chickpeas', 'olive oil', 'quinoa', 'onion', 'oregano', 'feta', 'garlic']",15,10,25,2,easy,True,A light but satisfying dinner built around chickpea with grain bowl.,1. Prep the chickpeas and gather the other ingredients. 2. Cook the rice or grain until tender. 3. Cook the chickpeas with olive oil and quinoa until fully cooked. 4. Layer everything in a bowl and serve hot.,2
Sun-Dried Tomato Chickpea Grain Bowl,entree,Mediterranean,"['chickpeas', 'olive oil', 'quinoa', 'cauliflower', 'carrot', 'peas', 'lemon', 'garlic']",12,10,22,2,easy,True,A fresh and herb-forward main dish built around chickpea with grain bowl.,1. Prep the chickpeas and gather the other ingredients. 2. Cook the rice or grain until tender. 3. Cook the chickpeas with olive oil and quinoa until fully cooked. 4. Layer everything in a bowl and serve hot.,3
Herb Chickpea Stew,entree,American,"['chickpeas', 'olive oil', 'broth', 'carrot', 'celery', 'onion', 'rosemary', 'butter', 'garlic']",15,40,55,2,medium,True,A comfort-food style dinner built around chickpea with stew.,"1. Prep the chickpeas and gather the other ingredients. 2. Simmer the ingredients in a pot until tender. 3. Cook the chickpeas with olive oil and broth until fully cooked. 4. Stir well, taste, and serve hot.",3
Garlic Chickpea Stew,entree,American,"['chickpeas', 'olive oil', 'broth', 'carrot', 'celery', 'sweet potato', 'onion', 'rosemary', 'paprika', 'garlic']",12,38,50,4,medium,True,A comfort-food style dinner built around chickpea with stew.,"1. Prep the chickpeas and gather the other ingredients. 2. Simmer the ingredients in a pot until tender. 3. Cook the chickpeas with olive oil and broth until fully cooked. 4. Stir well, taste, and serve hot.",3
Smoky Chickpea Stew,entree,American,"['chickpeas', 'olive oil', 'butter', 'garlic']",12,43,55,2,medium,True,A hearty and simple main dish built around chickpea with stew.,"1. Prep the chickpeas and gather the other ingredients. 2. Simmer the ingredients in a pot until tender. 3. Cook the chickpeas with olive oil and butter until fully cooked. 4. Stir well, taste, and serve hot.",1
Lemon Pepper Chickpea Stew,entree,American,"['chickpeas', 'olive oil', 'broth', 'paprika', 'garlic']",12,38,50,6,medium,True,A savory weeknight entree built around chickpea with stew.,"1. Prep the chickpeas and gather the other ingredients. 2. Simmer the ingredients in a pot until tender. 3. Cook the chickpeas with olive oil and broth until fully cooked. 4. Stir well, taste, and serve hot.",2
Roasted Chickpea Stew,entree,American,"['chickpeas', 'olive oil', 'broth', 'carrot', 'thyme', 'garlic']",10,45,55,4,medium,True,A hearty and simple main dish built around chickpea with stew.,"1. Prep the chickpeas and gather the other ingredients. 2. Simmer the ingredients in a pot until tender. 3. Cook the chickpeas with olive oil and broth until fully cooked. 4. Stir well, taste, and serve hot.",2
Homestyle Chickpea Stew,entree,American,"['chickpeas', 'olive oil', 'broth', 'carrot', 'butter', 'paprika', 'garlic']",15,40,55,2,medium,True,A hearty and simple main dish built around chickpea with stew.,"1. Prep the chickpeas and gather the other ingredients. 2. Simmer the ingredients in a pot until tender. 3. Cook the chickpeas with olive oil and broth until fully cooked. 4. Stir well, taste, and serve hot.",2
Curried Chickpea Stew,entree,Indian,"['chickpeas', 'olive oil', 'broth', 'carrot', 'celery', 'cauliflower', 'cilantro', 'garlic']",12,33,45,6,medium,True,A warming spiced entree built around chickpea with stew.,"1. Prep the chickpeas and gather the other ingredients. 2. Simmer the ingredients in a pot until tender. 3. Cook the chickpeas with olive oil and broth until fully cooked. 4. Stir well, taste, and serve hot.",3
Masala Chickpea Stew,entree,Indian,"['chickpeas', 'olive oil', 'garlic']",10,45,55,4,medium,True,A Indian-inspired curry-style main dish built around chickpea with stew.,"1. Prep the chickpeas and gather the other ingredients. 2. Simmer the ingredients in a pot until tender. 3. Cook the chickpeas with olive oil and garlic until fully cooked. 4. Stir well, taste, and serve hot.",1
Spiced Chickpea Stew,entree,Indian,"['chickpeas', 'olive oil', 'onion', 'cilantro', 'garlic']",10,35,45,4,medium,True,A warming spiced entree built around chickpea with stew.,"1. Prep the chickpeas and gather the other ingredients. 2. Simmer the ingredients in a pot until tender. 3. Cook the chickpeas with olive oil and onion until fully cooked. 4. Stir well, taste, and serve hot.",2
Coconut Curry Chickpea Stew,entree,Indian,"['chickpeas', 'olive oil', 'broth', 'carrot', 'celery', 'garlic']",12,43,55,4,medium,True,A Indian-inspired curry-style main dish built around chickpea with stew.,"1. Prep the chickpeas and gather the other ingredients. 2. Simmer the ingredients in a pot until tender. 3. Cook the chickpeas with olive oil and broth until fully cooked. 4. Stir well, taste, and serve hot.",2
Golden Chickpea Stew,entree,Indian,"['chickpeas', 'olive oil', 'broth', 'carrot', 'onion', 'curry powder', 'garlic']",20,25,45,2,medium,True,A Indian-inspired curry-style main dish built around chickpea with stew.,"1. Prep the chickpeas and gather the other ingredients. 2. Simmer the ingredients in a pot until tender. 3. Cook the chickpeas with olive oil and broth until fully cooked. 4. Stir well, taste, and serve hot.",2
Tikka-Style Chickpea Stew,entree,Indian,"['chickpeas', 'olive oil', 'broth', 'carrot', 'celery', 'kale', 'white beans', 'ginger', 'garlic']",18,37,55,2,medium,True,A warming spiced entree built around chickpea with stew.,"1. Prep the chickpeas and gather the other ingredients. 2. Simmer the ingredients in a pot until tender. 3. Cook the chickpeas with olive oil and broth until fully cooked. 4. Stir well, taste, and serve hot.",3
Lemon Herb Chickpea Stew,entree,Mediterranean,"['chickpeas', 'olive oil', 'garlic']",20,20,40,6,medium,True,A fresh and herb-forward main dish built around chickpea with stew.,"1. Prep the chickpeas and gather the other ingredients. 2. Simmer the ingredients in a pot until tender. 3. Cook the chickpeas with olive oil and garlic until fully cooked. 4. Stir well, taste, and serve hot.",1
Mediterranean Chickpea Stew,entree,Mediterranean,"['chickpeas', 'olive oil', 'onion', 'garlic']",15,30,45,6,medium,True,A bright Mediterranean-style entree built around chickpea with stew.,"1. Prep the chickpeas and gather the other ingredients. 2. Simmer the ingredients in a pot until tender. 3. Cook the chickpeas with olive oil and onion until fully cooked. 4. Stir well, taste, and serve hot.",1
Garlic Oregano Chickpea Stew,entree,Mediterranean,"['chickpeas', 'olive oil', 'feta', 'lemon', 'garlic']",18,22,40,6,medium,True,A bright Mediterranean-style entree built around chickpea with stew.,"1. Prep the chickpeas and gather the other ingredients. 2. Simmer the ingredients in a pot until tender. 3. Cook the chickpeas with olive oil and feta until fully cooked. 4. Stir well, taste, and serve hot.",2
Tomato Olive Chickpea Stew,entree,Mediterranean,"['chickpeas', 'olive oil', 'broth', 'oregano', 'feta', 'garlic']",20,20,40,2,medium,True,A light but satisfying dinner built around chickpea with stew.,"1. Prep the chickpeas and gather the other ingredients. 2. Simmer the ingredients in a pot until tender. 3. Cook the chickpeas with olive oil and broth until fully cooked. 4. Stir well, taste, and serve hot.",2
Zesty Herb Chickpea Stew,entree,Mediterranean,"['chickpeas', 'olive oil', 'broth', 'carrot', 'onion', 'oregano', 'garlic']",12,28,40,4,medium,True,A fresh and herb-forward main dish built around chickpea with stew.,"1. Prep the chickpeas and gather the other ingredients. 2. Simmer the ingredients in a pot until tender. 3. Cook the chickpeas with olive oil and broth until fully cooked. 4. Stir well, taste, and serve hot.",2
Sun-Dried Tomato Chickpea Stew,entree,Mediterranean,"['chickpeas', 'olive oil', 'broth', 'carrot', 'celery', 'broccoli', 'feta', 'garlic']",12,38,50,2,medium,True,A fresh and herb-forward main dish built around chickpea with stew.,"1. Prep the chickpeas and gather the other ingredients. 2. Simmer the ingredients in a pot until tender. 3. Cook the chickpeas with olive oil and broth until fully cooked. 4. Stir well, taste, and serve hot.",3
Herb Lentil Rice Bowl,entree,American,"['lentils', 'olive oil', 'rice', 'eggplant', 'tomato', 'zucchini', 'paprika', 'thyme', 'garlic']",12,18,30,2,easy,True,A savory weeknight entree built around lentil with rice bowl.,1. Prep the lentils and gather the other ingredients. 2. Cook the rice or grain until tender. 3. Cook the lentils with olive oil and rice until fully cooked. 4. Layer everything in a bowl and serve hot.,3
Garlic Lentil Rice Bowl,entree,American,"['lentils', 'olive oil', 'salt', 'black pepper', 'rice', 'onion', 'bell pepper', 'garlic powder', 'thyme', 'garlic']",10,20,30,6,easy,True,A hearty and simple main dish built around lentil with rice bowl.,1. Prep the lentils and gather the other ingredients. 2. Cook the rice or grain until tender. 3. Cook the lentils with olive oil and salt until fully cooked. 4. Layer everything in a bowl and serve hot.,3
Smoky Lentil Rice Bowl,entree,American,"['lentils', 'olive oil', 'paprika', 'garlic']",15,10,25,4,easy,True,A hearty and simple main dish built around lentil with rice bowl.,1. Prep the lentils and gather the other ingredients. 2. Cook the rice or grain until tender. 3. Cook the lentils with olive oil and paprika until fully cooked. 4. Layer everything in a bowl and serve hot.,1
Lemon Pepper Lentil Rice Bowl,entree,American,"['lentils', 'olive oil', 'parsley', 'butter', 'garlic']",18,10,28,4,easy,True,A hearty and simple main dish built around lentil with rice bowl.,1. Prep the lentils and gather the other ingredients. 2. Cook the rice or grain until tender. 3. Cook the lentils with olive oil and parsley until fully cooked. 4. Layer everything in a bowl and serve hot.,2
Roasted Lentil Rice Bowl,entree,American,"['lentils', 'olive oil', 'rice', 'broccoli', 'butter', 'garlic']",18,12,30,6,easy,True,A comfort-food style dinner built around lentil with rice bowl.,1. Prep the lentils and gather the other ingredients. 2. Cook the rice or grain until tender. 3. Cook the lentils with olive oil and rice until fully cooked. 4. Layer everything in a bowl and serve hot.,2
Homestyle Lentil Rice Bowl,entree,American,"['lentils', 'olive oil', 'rice', 'eggplant', 'thyme', 'paprika', 'garlic']",18,12,30,2,easy,True,A comfort-food style dinner built around lentil with rice bowl.,1. Prep the lentils and gather the other ingredients. 2. Cook the rice or grain until tender. 3. Cook the lentils with olive oil and rice until fully cooked. 4. Layer everything in a bowl and serve hot.,2
Lemon Herb Lentil Rice Bowl,entree,Mediterranean,"['lentils', 'olive oil', 'rice', 'onion', 'bell pepper', 'parsley', 'oregano', 'garlic']",18,10,28,6,easy,True,A light but satisfying dinner built around lentil with rice bowl.,1. Prep the lentils and gather the other ingredients. 2. Cook the rice or grain until tender. 3. Cook the lentils with olive oil and rice until fully cooked. 4. Layer everything in a bowl and serve hot.,3
Mediterranean Lentil Rice Bowl,entree,Mediterranean,"['lentils', 'olive oil', 'garlic']",15,15,30,2,easy,True,A bright Mediterranean-style entree built around lentil with rice bowl.,1. Prep the lentils and gather the other ingredients. 2. Cook the rice or grain until tender. 3. Cook the lentils with olive oil and garlic until fully cooked. 4. Layer everything in a bowl and serve hot.,1
Garlic Oregano Lentil Rice Bowl,entree,Mediterranean,"['lentils', 'olive oil', 'rice', 'cauliflower', 'garlic']",12,10,22,4,easy,True,A bright Mediterranean-style entree built around lentil with rice bowl.,1. Prep the lentils and gather the other ingredients. 2. Cook the rice or grain until tender. 3. Cook the lentils with olive oil and rice until fully cooked. 4. Layer everything in a bowl and serve hot.,2
Tomato Olive Lentil Rice Bowl,entree,Mediterranean,"['lentils', 'olive oil', 'rice', 'cauliflower', 'carrot', 'garlic']",12,10,22,6,easy,True,A fresh and herb-forward main dish built around lentil with rice bowl.,1. Prep the lentils and gather the other ingredients. 2. Cook the rice or grain until tender. 3. Cook the lentils with olive oil and rice until fully cooked. 4. Layer everything in a bowl and serve hot.,2
Zesty Herb Lentil Rice Bowl,entree,Mediterranean,"['lentils', 'olive oil', 'rice', 'onion', 'bell pepper', 'feta', 'garlic']",10,20,30,4,easy,True,A light but satisfying dinner built around lentil with rice bowl.,1. Prep the lentils and gather the other ingredients. 2. Cook the rice or grain until tender. 3. Cook the lentils with olive oil and rice until fully cooked. 4. Layer everything in a bowl and serve hot.,2
Sun-Dried Tomato Lentil Rice Bowl,entree,Mediterranean,"['lentils', 'olive oil', 'salt', 'black pepper', 'rice', 'sweet potato', 'onion', 'parsley', 'garlic']",12,13,25,2,easy,True,A bright Mediterranean-style entree built around lentil with rice bowl.,1. Prep the lentils and gather the other ingredients. 2. Cook the rice or grain until tender. 3. Cook the lentils with olive oil and salt until fully cooked. 4. Layer everything in a bowl and serve hot.,3
Herb Lentil Pasta,entree,American,"['lentils', 'olive oil', 'parmesan']",15,10,25,4,easy,True,A hearty and simple main dish built around lentil with pasta.,1. Prep the lentils and gather the other ingredients. 2. Cook the pasta according to package directions. 3. Cook the lentils with olive oil and parmesan until fully cooked. 4. Toss everything together with the cooked pasta and serve hot.,1
Garlic Lentil Pasta,entree,American,"['lentils', 'olive oil', 'garlic', 'parmesan']",10,10,20,6,easy,True,A comfort-food style dinner built around lentil with pasta.,1. Prep the lentils and gather the other ingredients. 2. Cook the pasta according to package directions. 3. Cook the lentils with olive oil and garlic until fully cooked. 4. Toss everything together with the cooked pasta and serve hot.,1
Smoky Lentil Pasta,entree,American,"['lentils', 'olive oil', 'garlic powder', 'garlic', 'parmesan']",15,10,25,6,easy,True,A hearty and simple main dish built around lentil with pasta.,1. Prep the lentils and gather the other ingredients. 2. Cook the pasta according to package directions. 3. Cook the lentils with olive oil and garlic powder until fully cooked. 4. Toss everything together with the cooked pasta and serve hot.,2
Lemon Pepper Lentil Pasta,entree,American,"['lentils', 'olive oil', 'parsley', 'rosemary', 'garlic', 'parmesan']",10,10,20,6,easy,True,A hearty and simple main dish built around lentil with pasta.,1. Prep the lentils and gather the other ingredients. 2. Cook the pasta according to package directions. 3. Cook the lentils with olive oil and parsley until fully cooked. 4. Toss everything together with the cooked pasta and serve hot.,2
Roasted Lentil Pasta,entree,American,"['lentils', 'olive oil', 'pasta', 'cauliflower', 'rosemary', 'garlic', 'parmesan']",18,10,28,4,easy,True,A savory weeknight entree built around lentil with pasta.,1. Prep the lentils and gather the other ingredients. 2. Cook the pasta according to package directions. 3. Cook the lentils with olive oil and pasta until fully cooked. 4. Toss everything together with the cooked pasta and serve hot.,2
Homestyle Lentil Pasta,entree,American,"['lentils', 'olive oil', 'pasta', 'onion', 'paprika', 'thyme', 'garlic', 'parmesan']",18,17,35,4,easy,True,A comfort-food style dinner built around lentil with pasta.,1. Prep the lentils and gather the other ingredients. 2. Cook the pasta according to package directions. 3. Cook the lentils with olive oil and pasta until fully cooked. 4. Toss everything together with the cooked pasta and serve hot.,3
Lemon Herb Lentil Pasta,entree,Mediterranean,"['lentils', 'olive oil', 'pasta', 'cabbage', 'carrot', 'green onion', 'feta', 'garlic', 'parmesan']",10,10,20,6,easy,True,A fresh and herb-forward main dish built around lentil with pasta.,1. Prep the lentils and gather the other ingredients. 2. Cook the pasta according to package directions. 3. Cook the lentils with olive oil and pasta until fully cooked. 4. Toss everything together with the cooked pasta and serve hot.,3
Mediterranean Lentil Pasta,entree,Mediterranean,"['lentils', 'olive oil', 'pasta', 'cauliflower', 'carrot', 'peas', 'tomato', 'oregano', 'garlic', 'parmesan']",12,23,35,4,easy,True,A light but satisfying dinner built around lentil with pasta.,1. Prep the lentils and gather the other ingredients. 2. Cook the pasta according to package directions. 3. Cook the lentils with olive oil and pasta until fully cooked. 4. Toss everything together with the cooked pasta and serve hot.,3
Garlic Oregano Lentil Pasta,entree,Mediterranean,"['lentils', 'olive oil', 'garlic', 'parmesan']",20,10,30,4,easy,True,A bright Mediterranean-style entree built around lentil with pasta.,1. Prep the lentils and gather the other ingredients. 2. Cook the pasta according to package directions. 3. Cook the lentils with olive oil and garlic until fully cooked. 4. Toss everything together with the cooked pasta and serve hot.,1
Tomato Olive Lentil Pasta,entree,Mediterranean,"['lentils', 'olive oil', 'oregano', 'garlic', 'parmesan']",10,10,20,4,easy,True,A bright Mediterranean-style entree built around lentil with pasta.,1. Prep the lentils and gather the other ingredients. 2. Cook the pasta according to package directions. 3. Cook the lentils with olive oil and oregano until fully cooked. 4. Toss everything together with the cooked pasta and serve hot.,2
Zesty Herb Lentil Pasta,entree,Mediterranean,"['lentils', 'olive oil', 'onion', 'parsley', 'garlic', 'parmesan']",15,20,35,6,easy,True,A bright Mediterranean-style entree built around lentil with pasta.,1. Prep the lentils and gather the other ingredients. 2. Cook the pasta according to package directions. 3. Cook the lentils with olive oil and onion until fully cooked. 4. Toss everything together with the cooked pasta and serve hot.,2
Sun-Dried Tomato Lentil Pasta,entree,Mediterranean,"['lentils', 'olive oil', 'pasta', 'broccoli', 'lemon', 'garlic', 'parmesan']",18,12,30,6,easy,True,A light but satisfying dinner built around lentil with pasta.,1. Prep the lentils and gather the other ingredients. 2. Cook the pasta according to package directions. 3. Cook the lentils with olive oil and pasta until fully cooked. 4. Toss everything together with the cooked pasta and serve hot.,2
Herb Lentil Tacos,entree,American,"['lentils', 'olive oil', 'corn tortillas', 'onion', 'rosemary', 'thyme', 'lime', 'cilantro']",12,18,30,2,easy,True,A savory weeknight entree built around lentil with tacos.,1. Prep the lentils and gather the other ingredients. 2. Warm the tortillas or wraps. 3. Cook the lentils with olive oil and corn tortillas until fully cooked. 4. Fill with the cooked ingredients and serve warm.,3
Garlic Lentil Tacos,entree,American,"['lentils', 'olive oil', 'cilantro']",12,10,22,2,easy,True,A comfort-food style dinner built around lentil with tacos.,1. Prep the lentils and gather the other ingredients. 2. Warm the tortillas or wraps. 3. Cook the lentils with olive oil and cilantro until fully cooked. 4. Fill with the cooked ingredients and serve warm.,1
Smoky Lentil Tacos,entree,American,"['lentils', 'olive oil', 'butter', 'lime', 'cilantro']",10,10,20,4,easy,True,A hearty and simple main dish built around lentil with tacos.,1. Prep the lentils and gather the other ingredients. 2. Warm the tortillas or wraps. 3. Cook the lentils with olive oil and butter until fully cooked. 4. Fill with the cooked ingredients and serve warm.,2
Lemon Pepper Lentil Tacos,entree,American,"['lentils', 'olive oil', 'thyme', 'butter', 'lime', 'cilantro']",12,13,25,2,easy,True,A comfort-food style dinner built around lentil with tacos.,1. Prep the lentils and gather the other ingredients. 2. Warm the tortillas or wraps. 3. Cook the lentils with olive oil and thyme until fully cooked. 4. Fill with the cooked ingredients and serve warm.,2
Roasted Lentil Tacos,entree,American,"['lentils', 'olive oil', 'corn tortillas', 'butter', 'parsley', 'lime', 'cilantro']",18,10,28,6,easy,True,A savory weeknight entree built around lentil with tacos.,1. Prep the lentils and gather the other ingredients. 2. Warm the tortillas or wraps. 3. Cook the lentils with olive oil and corn tortillas until fully cooked. 4. Fill with the cooked ingredients and serve warm.,2
Homestyle Lentil Tacos,entree,American,"['lentils', 'olive oil', 'corn tortillas', 'broccoli', 'carrot', 'garlic powder', 'rosemary', 'lime', 'cilantro']",10,10,20,6,easy,True,A comfort-food style dinner built around lentil with tacos.,1. Prep the lentils and gather the other ingredients. 2. Warm the tortillas or wraps. 3. Cook the lentils with olive oil and corn tortillas until fully cooked. 4. Fill with the cooked ingredients and serve warm.,3
Herb Lentil Salad,entree,American,"['lentils', 'olive oil', 'rosemary']",15,10,25,6,easy,True,A hearty and simple main dish built around lentil with salad.,1. Prep the lentils and gather the other ingredients. 2. Prepare the fresh ingredients and dressing. 3. Cook the lentils with olive oil and rosemary until fully cooked. 4. Toss everything together and serve.,1
Garlic Lentil Salad,entree,American,"['lentils', 'olive oil', 'thyme', 'rosemary']",20,10,30,4,easy,True,A comfort-food style dinner built around lentil with salad.,1. Prep the lentils and gather the other ingredients. 2. Prepare the fresh ingredients and dressing. 3. Cook the lentils with olive oil and thyme until fully cooked. 4. Toss everything together and serve.,1
Smoky Lentil Salad,entree,American,"['lentils', 'olive oil', 'mixed greens', 'cauliflower', 'parsley']",20,10,30,2,easy,True,A comfort-food style dinner built around lentil with salad.,1. Prep the lentils and gather the other ingredients. 2. Prepare the fresh ingredients and dressing. 3. Cook the lentils with olive oil and mixed greens until fully cooked. 4. Toss everything together and serve.,2
Lemon Pepper Lentil Salad,entree,American,"['lentils', 'olive oil', 'mixed greens', 'eggplant', 'thyme', 'paprika']",15,10,25,4,easy,True,A comfort-food style dinner built around lentil with salad.,1. Prep the lentils and gather the other ingredients. 2. Prepare the fresh ingredients and dressing. 3. Cook the lentils with olive oil and mixed greens until fully cooked. 4. Toss everything together and serve.,2
Roasted Lentil Salad,entree,American,"['lentils', 'olive oil', 'mixed greens', 'cabbage', 'carrot', 'thyme', 'parsley']",15,10,25,2,easy,True,A hearty and simple main dish built around lentil with salad.,1. Prep the lentils and gather the other ingredients. 2. Prepare the fresh ingredients and dressing. 3. Cook the lentils with olive oil and mixed greens until fully cooked. 4. Toss everything together and serve.,2
Homestyle Lentil Salad,entree,American,"['lentils', 'olive oil', 'mixed greens', 'cabbage', 'carrot', 'green onion', 'thyme', 'butter']",20,10,30,4,easy,True,A hearty and simple main dish built around lentil with salad.,1. Prep the lentils and gather the other ingredients. 2. Prepare the fresh ingredients and dressing. 3. Cook the lentils with olive oil and mixed greens until fully cooked. 4. Toss everything together and serve.,3
Lemon Herb Lentil Salad,entree,Mediterranean,"['lentils', 'olive oil', 'salt', 'black pepper', 'mixed greens', 'cauliflower', 'carrot', 'peas', 'tomato']",20,10,30,2,easy,True,A light but satisfying dinner built around lentil with salad.,1. Prep the lentils and gather the other ingredients. 2. Prepare the fresh ingredients and dressing. 3. Cook the lentils with olive oil and salt until fully cooked. 4. Toss everything together and serve.,3
Mediterranean Lentil Salad,entree,Mediterranean,"['lentils', 'olive oil', 'salt', 'black pepper', 'mixed greens', 'spinach', 'tomato', 'onion']",20,10,30,2,easy,True,A fresh and herb-forward main dish built around lentil with salad.,1. Prep the lentils and gather the other ingredients. 2. Prepare the fresh ingredients and dressing. 3. Cook the lentils with olive oil and salt until fully cooked. 4. Toss everything together and serve.,3
Garlic Oregano Lentil Salad,entree,Mediterranean,"['lentils', 'olive oil', 'onion', 'feta']",20,10,30,4,easy,True,A fresh and herb-forward main dish built around lentil with salad.,1. Prep the lentils and gather the other ingredients. 2. Prepare the fresh ingredients and dressing. 3. Cook the lentils with olive oil and onion until fully cooked. 4. Toss everything together and serve.,1
Tomato Olive Lentil Salad,entree,Mediterranean,"['lentils', 'olive oil', 'mixed greens', 'spinach', 'onion']",10,10,20,6,easy,True,A bright Mediterranean-style entree built around lentil with salad.,1. Prep the lentils and gather the other ingredients. 2. Prepare the fresh ingredients and dressing. 3. Cook the lentils with olive oil and mixed greens until fully cooked. 4. Toss everything together and serve.,2
Zesty Herb Lentil Salad,entree,Mediterranean,"['lentils', 'olive oil', 'mixed greens', 'spinach', 'tomato', 'onion']",20,10,30,2,easy,True,A bright Mediterranean-style entree built around lentil with salad.,1. Prep the lentils and gather the other ingredients. 2. Prepare the fresh ingredients and dressing. 3. Cook the lentils with olive oil and mixed greens until fully cooked. 4. Toss everything together and serve.,2
Sun-Dried Tomato Lentil Salad,entree,Mediterranean,"['lentils', 'olive oil', 'mixed greens', 'corn', 'bell pepper', 'onion', 'olives']",18,10,28,4,easy,True,A light but satisfying dinner built around lentil with salad.,1. Prep the lentils and gather the other ingredients. 2. Prepare the fresh ingredients and dressing. 3. Cook the lentils with olive oil and mixed greens until fully cooked. 4. Toss everything together and serve.,2
Herb Lentil Soup,entree,American,"['lentils', 'olive oil', 'broth', 'cabbage', 'carrot', 'green onion', 'parsley', 'garlic']",15,30,45,6,medium,True,A comfort-food style dinner built around lentil with soup.,"1. Prep the lentils and gather the other ingredients. 2. Simmer the ingredients in a pot until tender. 3. Cook the lentils with olive oil and broth until fully cooked. 4. Stir well, taste, and serve hot.",3
Garlic Lentil Soup,entree,American,"['lentils', 'olive oil', 'garlic']",12,33,45,2,medium,True,A comfort-food style dinner built around lentil with soup.,"1. Prep the lentils and gather the other ingredients. 2. Simmer the ingredients in a pot until tender. 3. Cook the lentils with olive oil and garlic until fully cooked. 4. Stir well, taste, and serve hot.",1
Smoky Lentil Soup,entree,American,"['lentils', 'olive oil', 'butter', 'rosemary', 'garlic']",10,20,30,2,medium,True,A comfort-food style dinner built around lentil with soup.,"1. Prep the lentils and gather the other ingredients. 2. Simmer the ingredients in a pot until tender. 3. Cook the lentils with olive oil and butter until fully cooked. 4. Stir well, taste, and serve hot.",2
Lemon Pepper Lentil Soup,entree,American,"['lentils', 'olive oil', 'broth', 'parsley', 'butter', 'garlic']",12,28,40,4,medium,True,A hearty and simple main dish built around lentil with soup.,"1. Prep the lentils and gather the other ingredients. 2. Simmer the ingredients in a pot until tender. 3. Cook the lentils with olive oil and broth until fully cooked. 4. Stir well, taste, and serve hot.",2
Roasted Lentil Soup,entree,American,"['lentils', 'olive oil', 'broth', 'eggplant', 'tomato', 'thyme', 'garlic']",20,20,40,2,medium,True,A comfort-food style dinner built around lentil with soup.,"1. Prep the lentils and gather the other ingredients. 2. Simmer the ingredients in a pot until tender. 3. Cook the lentils with olive oil and broth until fully cooked. 4. Stir well, taste, and serve hot.",2
Homestyle Lentil Soup,entree,American,"['lentils', 'olive oil', 'broth', 'spinach', 'tomato', 'onion', 'paprika', 'garlic powder', 'garlic']",12,23,35,4,medium,True,A hearty and simple main dish built around lentil with soup.,"1. Prep the lentils and gather the other ingredients. 2. Simmer the ingredients in a pot until tender. 3. Cook the lentils with olive oil and broth until fully cooked. 4. Stir well, taste, and serve hot.",3
Curried Lentil Soup,entree,Indian,"['lentils', 'olive oil', 'garlic']",12,23,35,4,medium,True,A Indian-inspired curry-style main dish built around lentil with soup.,"1. Prep the lentils and gather the other ingredients. 2. Simmer the ingredients in a pot until tender. 3. Cook the lentils with olive oil and garlic until fully cooked. 4. Stir well, taste, and serve hot.",1
Masala Lentil Soup,entree,Indian,"['lentils', 'olive oil', 'curry powder', 'garlic']",12,33,45,2,medium,True,A Indian-inspired curry-style main dish built around lentil with soup.,"1. Prep the lentils and gather the other ingredients. 2. Simmer the ingredients in a pot until tender. 3. Cook the lentils with olive oil and curry powder until fully cooked. 4. Stir well, taste, and serve hot.",1
Spiced Lentil Soup,entree,Indian,"['lentils', 'olive oil', 'onion', 'cumin', 'garlic']",10,35,45,6,medium,True,A Indian-inspired curry-style main dish built around lentil with soup.,"1. Prep the lentils and gather the other ingredients. 2. Simmer the ingredients in a pot until tender. 3. Cook the lentils with olive oil and onion until fully cooked. 4. Stir well, taste, and serve hot.",2
Coconut Curry Lentil Soup,entree,Indian,"['lentils', 'olive oil', 'broth', 'onion', 'curry powder', 'garlic']",18,22,40,2,medium,True,A warming spiced entree built around lentil with soup.,"1. Prep the lentils and gather the other ingredients. 2. Simmer the ingredients in a pot until tender. 3. Cook the lentils with olive oil and broth until fully cooked. 4. Stir well, taste, and serve hot.",2
Golden Lentil Soup,entree,Indian,"['lentils', 'olive oil', 'broth', 'kale', 'curry powder', 'cumin', 'garlic']",18,12,30,2,medium,True,A Indian-inspired curry-style main dish built around lentil with soup.,"1. Prep the lentils and gather the other ingredients. 2. Simmer the ingredients in a pot until tender. 3. Cook the lentils with olive oil and broth until fully cooked. 4. Stir well, taste, and serve hot.",2
Tikka-Style Lentil Soup,entree,Indian,"['lentils', 'olive oil', 'broth', 'cauliflower', 'carrot', 'peas', 'curry powder', 'garlic']",15,15,30,2,medium,True,A rich and aromatic dinner built around lentil with soup.,"1. Prep the lentils and gather the other ingredients. 2. Simmer the ingredients in a pot until tender. 3. Cook the lentils with olive oil and broth until fully cooked. 4. Stir well, taste, and serve hot.",3
Lemon Herb Lentil Soup,entree,Mediterranean,"['lentils', 'olive oil', 'salt', 'black pepper', 'broth', 'onion', 'bell pepper', 'zucchini', 'garlic']",20,25,45,6,medium,True,A bright Mediterranean-style entree built around lentil with soup.,"1. Prep the lentils and gather the other ingredients. 2. Simmer the ingredients in a pot until tender. 3. Cook the lentils with olive oil and salt until fully cooked. 4. Stir well, taste, and serve hot.",3
Mediterranean Lentil Soup,entree,Mediterranean,"['lentils', 'olive oil', 'salt', 'black pepper', 'broth', 'corn', 'onion', 'oregano', 'parsley', 'garlic']",18,22,40,4,medium,True,A fresh and herb-forward main dish built around lentil with soup.,"1. Prep the lentils and gather the other ingredients. 2. Simmer the ingredients in a pot until tender. 3. Cook the lentils with olive oil and salt until fully cooked. 4. Stir well, taste, and serve hot.",3
Garlic Oregano Lentil Soup,entree,Mediterranean,"['lentils', 'olive oil', 'lemon', 'garlic']",20,20,40,6,medium,True,A fresh and herb-forward main dish built around lentil with soup.,"1. Prep the lentils and gather the other ingredients. 2. Simmer the ingredients in a pot until tender. 3. Cook the lentils with olive oil and lemon until fully cooked. 4. Stir well, taste, and serve hot.",1
Tomato Olive Lentil Soup,entree,Mediterranean,"['lentils', 'olive oil', 'onion', 'feta', 'garlic']",20,20,40,2,medium,True,A light but satisfying dinner built around lentil with soup.,"1. Prep the lentils and gather the other ingredients. 2. Simmer the ingredients in a pot until tender. 3. Cook the lentils with olive oil and onion until fully cooked. 4. Stir well, taste, and serve hot.",2
Zesty Herb Lentil Soup,entree,Mediterranean,"['lentils', 'olive oil', 'onion', 'parsley', 'lemon', 'garlic']",10,30,40,4,medium,True,A light but satisfying dinner built around lentil with soup.,"1. Prep the lentils and gather the other ingredients. 2. Simmer the ingredients in a pot until tender. 3. Cook the lentils with olive oil and onion until fully cooked. 4. Stir well, taste, and serve hot.",2
Sun-Dried Tomato Lentil Soup,entree,Mediterranean,"['lentils', 'olive oil', 'broth', 'cauliflower', 'carrot', 'feta', 'garlic']",18,27,45,4,medium,True,A fresh and herb-forward main dish built around lentil with soup.,"1. Prep the lentils and gather the other ingredients. 2. Simmer the ingredients in a pot until tender. 3. Cook the lentils with olive oil and broth until fully cooked. 4. Stir well, taste, and serve hot.",2
Herb Lentil Sheet Pan Dinner,entree,American,"['lentils', 'olive oil', 'onion', 'bell pepper', 'eggplant', 'tomato', 'butter', 'thyme']",10,25,35,2,easy,True,A savory weeknight entree built around lentil with sheet pan dinner.,1. Prep the lentils and gather the other ingredients. 2. Heat a pan over medium heat. 3. Cook the lentils with olive oil and onion until fully cooked. 4. Combine everything and serve hot.,3
Garlic Lentil Sheet Pan Dinner,entree,American,"['lentils', 'olive oil', 'paprika']",12,33,45,6,easy,True,A hearty and simple main dish built around lentil with sheet pan dinner.,1. Prep the lentils and gather the other ingredients. 2. Heat a pan over medium heat. 3. Cook the lentils with olive oil and paprika until fully cooked. 4. Combine everything and serve hot.,1
Smoky Lentil Sheet Pan Dinner,entree,American,"['lentils', 'olive oil', 'onion', 'thyme', 'parsley']",18,27,45,2,easy,True,A comfort-food style dinner built around lentil with sheet pan dinner.,1. Prep the lentils and gather the other ingredients. 2. Heat a pan over medium heat. 3. Cook the lentils with olive oil and onion until fully cooked. 4. Combine everything and serve hot.,2
Lemon Pepper Lentil Sheet Pan Dinner,entree,American,"['lentils', 'olive oil', 'onion', 'bell pepper', 'garlic powder', 'paprika']",18,12,30,2,easy,True,A hearty and simple main dish built around lentil with sheet pan dinner.,1. Prep the lentils and gather the other ingredients. 2. Heat a pan over medium heat. 3. Cook the lentils with olive oil and onion until fully cooked. 4. Combine everything and serve hot.,2
Roasted Lentil Sheet Pan Dinner,entree,American,"['lentils', 'olive oil', 'onion', 'bell pepper', 'zucchini', 'garlic powder', 'rosemary']",18,12,30,4,easy,True,A savory weeknight entree built around lentil with sheet pan dinner.,1. Prep the lentils and gather the other ingredients. 2. Heat a pan over medium heat. 3. Cook the lentils with olive oil and onion until fully cooked. 4. Combine everything and serve hot.,2
Homestyle Lentil Sheet Pan Dinner,entree,American,"['lentils', 'olive oil', 'salt', 'black pepper', 'onion', 'bell pepper', 'spinach', 'garlic powder', 'butter']",18,17,35,4,easy,True,A hearty and simple main dish built around lentil with sheet pan dinner.,1. Prep the lentils and gather the other ingredients. 2. Heat a pan over medium heat. 3. Cook the lentils with olive oil and salt until fully cooked. 4. Combine everything and serve hot.,3
Lemon Herb Lentil Sheet Pan Dinner,entree,Mediterranean,"['lentils', 'olive oil', 'onion']",10,20,30,4,easy,True,A bright Mediterranean-style entree built around lentil with sheet pan dinner.,1. Prep the lentils and gather the other ingredients. 2. Heat a pan over medium heat. 3. Cook the lentils with olive oil and onion until fully cooked. 4. Combine everything and serve hot.,1
Mediterranean Lentil Sheet Pan Dinner,entree,Mediterranean,"['lentils', 'olive oil', 'onion', 'bell pepper']",12,23,35,4,easy,True,A bright Mediterranean-style entree built around lentil with sheet pan dinner.,1. Prep the lentils and gather the other ingredients. 2. Heat a pan over medium heat. 3. Cook the lentils with olive oil and onion until fully cooked. 4. Combine everything and serve hot.,1
Garlic Oregano Lentil Sheet Pan Dinner,entree,Mediterranean,"['lentils', 'olive oil', 'onion', 'bell pepper', 'lemon']",10,35,45,4,easy,True,A light but satisfying dinner built around lentil with sheet pan dinner.,1. Prep the lentils and gather the other ingredients. 2. Heat a pan over medium heat. 3. Cook the lentils with olive oil and onion until fully cooked. 4. Combine everything and serve hot.,2
Tomato Olive Lentil Sheet Pan Dinner,entree,Mediterranean,"['lentils', 'olive oil', 'onion', 'bell pepper', 'eggplant', 'feta']",10,35,45,6,easy,True,A fresh and herb-forward main dish built around lentil with sheet pan dinner.,1. Prep the lentils and gather the other ingredients. 2. Heat a pan over medium heat. 3. Cook the lentils with olive oil and onion until fully cooked. 4. Combine everything and serve hot.,2
Zesty Herb Lentil Sheet Pan Dinner,entree,Mediterranean,"['lentils', 'olive oil', 'onion', 'bell pepper', 'zucchini', 'olives', 'cucumber']",15,30,45,6,easy,True,A bright Mediterranean-style entree built around lentil with sheet pan dinner.,1. Prep the lentils and gather the other ingredients. 2. Heat a pan over medium heat. 3. Cook the lentils with olive oil and onion until fully cooked. 4. Combine everything and serve hot.,2
Sun-Dried Tomato Lentil Sheet Pan Dinner,entree,Mediterranean,"['lentils', 'olive oil', 'onion', 'bell pepper', 'eggplant', 'tomato', 'zucchini', 'parsley']",18,12,30,4,easy,True,A bright Mediterranean-style entree built around lentil with sheet pan dinner.,1. Prep the lentils and gather the other ingredients. 2. Heat a pan over medium heat. 3. Cook the lentils with olive oil and onion until fully cooked. 4. Combine everything and serve hot.,3
Herb Lentil Skillet,entree,American,"['lentils', 'olive oil', 'salt', 'black pepper', 'onion', 'garlic', 'corn', 'parsley', 'garlic powder']",18,17,35,6,easy,True,A comfort-food style dinner built around lentil with skillet.,1. Prep the lentils and gather the other ingredients. 2. Heat a pan over medium heat. 3. Cook the lentils with olive oil and salt until fully cooked. 4. Combine everything and serve hot.,3
Garlic Lentil Skillet,entree,American,"['lentils', 'olive oil', 'salt', 'black pepper', 'onion', 'garlic', 'bell pepper', 'zucchini', 'garlic powder', 'parsley']",20,15,35,4,easy,True,A savory weeknight entree built around lentil with skillet.,1. Prep the lentils and gather the other ingredients. 2. Heat a pan over medium heat. 3. Cook the lentils with olive oil and salt until fully cooked. 4. Combine everything and serve hot.,3
Smoky Lentil Skillet,entree,American,"['lentils', 'olive oil', 'rosemary', 'parsley']",20,10,30,6,easy,True,A savory weeknight entree built around lentil with skillet.,1. Prep the lentils and gather the other ingredients. 2. Heat a pan over medium heat. 3. Cook the lentils with olive oil and rosemary until fully cooked. 4. Combine everything and serve hot.,1
Lemon Pepper Lentil Skillet,entree,American,"['lentils', 'olive oil', 'garlic', 'paprika', 'thyme']",20,15,35,4,easy,True,A savory weeknight entree built around lentil with skillet.,1. Prep the lentils and gather the other ingredients. 2. Heat a pan over medium heat. 3. Cook the lentils with olive oil and garlic until fully cooked. 4. Combine everything and serve hot.,2
Roasted Lentil Skillet,entree,American,"['lentils', 'olive oil', 'onion', 'garlic', 'parsley', 'butter']",20,10,30,4,easy,True,A hearty and simple main dish built around lentil with skillet.,1. Prep the lentils and gather the other ingredients. 2. Heat a pan over medium heat. 3. Cook the lentils with olive oil and onion until fully cooked. 4. Combine everything and serve hot.,2
Homestyle Lentil Skillet,entree,American,"['lentils', 'olive oil', 'onion', 'garlic', 'cabbage', 'paprika', 'butter']",18,10,28,4,easy,True,A hearty and simple main dish built around lentil with skillet.,1. Prep the lentils and gather the other ingredients. 2. Heat a pan over medium heat. 3. Cook the lentils with olive oil and onion until fully cooked. 4. Combine everything and serve hot.,2
Curried Lentil Curry,entree,Indian,"['lentils', 'olive oil', 'onion', 'garlic', 'coconut milk', 'cabbage', 'carrot', 'ginger']",20,15,35,6,medium,True,A rich and aromatic dinner built around lentil with curry.,1. Prep the lentils and gather the other ingredients. 2. Heat a pan over medium heat. 3. Cook the lentils with olive oil and onion until fully cooked. 4. Combine everything and serve hot.,3
Masala Lentil Curry,entree,Indian,"['lentils', 'olive oil', 'ginger']",20,10,30,6,medium,True,A Indian-inspired curry-style main dish built around lentil with curry.,1. Prep the lentils and gather the other ingredients. 2. Heat a pan over medium heat. 3. Cook the lentils with olive oil and ginger until fully cooked. 4. Combine everything and serve hot.,1
Spiced Lentil Curry,entree,Indian,"['lentils', 'olive oil', 'garlic', 'coconut milk', 'ginger']",10,25,35,2,medium,True,A rich and aromatic dinner built around lentil with curry.,1. Prep the lentils and gather the other ingredients. 2. Heat a pan over medium heat. 3. Cook the lentils with olive oil and garlic until fully cooked. 4. Combine everything and serve hot.,2
Coconut Curry Lentil Curry,entree,Indian,"['lentils', 'olive oil', 'garlic', 'coconut milk', 'cilantro', 'ginger']",12,33,45,2,medium,True,A rich and aromatic dinner built around lentil with curry.,1. Prep the lentils and gather the other ingredients. 2. Heat a pan over medium heat. 3. Cook the lentils with olive oil and garlic until fully cooked. 4. Combine everything and serve hot.,2
Golden Lentil Curry,entree,Indian,"['lentils', 'olive oil', 'onion', 'garlic', 'coconut milk', 'ginger', 'cilantro']",15,20,35,2,medium,True,A warming spiced entree built around lentil with curry.,1. Prep the lentils and gather the other ingredients. 2. Heat a pan over medium heat. 3. Cook the lentils with olive oil and onion until fully cooked. 4. Combine everything and serve hot.,2
Tikka-Style Lentil Curry,entree,Indian,"['lentils', 'olive oil', 'onion', 'garlic', 'coconut milk', 'eggplant', 'tomato', 'ginger', 'cumin']",15,20,35,4,medium,True,A warming spiced entree built around lentil with curry.,1. Prep the lentils and gather the other ingredients. 2. Heat a pan over medium heat. 3. Cook the lentils with olive oil and onion until fully cooked. 4. Combine everything and serve hot.,3
Herb Lentil Wrap,entree,American,"['lentils', 'olive oil', 'cilantro']",10,10,20,4,easy,True,A savory weeknight entree built around lentil with wrap.,1. Prep the lentils and gather the other ingredients. 2. Warm the tortillas or wraps. 3. Cook the lentils with olive oil and cilantro until fully cooked. 4. Fill with the cooked ingredients and serve warm.,1
Garlic Lentil Wrap,entree,American,"['lentils', 'olive oil', 'lime', 'cilantro']",18,10,28,4,easy,True,A hearty and simple main dish built around lentil with wrap.,1. Prep the lentils and gather the other ingredients. 2. Warm the tortillas or wraps. 3. Cook the lentils with olive oil and lime until fully cooked. 4. Fill with the cooked ingredients and serve warm.,1
Smoky Lentil Wrap,entree,American,"['lentils', 'olive oil', 'rosemary', 'lime', 'cilantro']",12,10,22,6,easy,True,A comfort-food style dinner built around lentil with wrap.,1. Prep the lentils and gather the other ingredients. 2. Warm the tortillas or wraps. 3. Cook the lentils with olive oil and rosemary until fully cooked. 4. Fill with the cooked ingredients and serve warm.,2
Lemon Pepper Lentil Wrap,entree,American,"['lentils', 'olive oil', 'butter', 'garlic powder', 'lime', 'cilantro']",18,10,28,4,easy,True,A savory weeknight entree built around lentil with wrap.,1. Prep the lentils and gather the other ingredients. 2. Warm the tortillas or wraps. 3. Cook the lentils with olive oil and butter until fully cooked. 4. Fill with the cooked ingredients and serve warm.,2
Roasted Lentil Wrap,entree,American,"['lentils', 'olive oil', 'onion', 'paprika', 'thyme', 'lime', 'cilantro']",12,10,22,2,easy,True,A hearty and simple main dish built around lentil with wrap.,1. Prep the lentils and gather the other ingredients. 2. Warm the tortillas or wraps. 3. Cook the lentils with olive oil and onion until fully cooked. 4. Fill with the cooked ingredients and serve warm.,2
Homestyle Lentil Wrap,entree,American,"['lentils', 'olive oil', 'flour tortillas', 'broccoli', 'paprika', 'rosemary', 'lime', 'cilantro']",20,10,30,2,easy,True,A savory weeknight entree built around lentil with wrap.,1. Prep the lentils and gather the other ingredients. 2. Warm the tortillas or wraps. 3. Cook the lentils with olive oil and flour tortillas until fully cooked. 4. Fill with the cooked ingredients and serve warm.,3
Lemon Herb Lentil Wrap,entree,Mediterranean,"['lentils', 'olive oil', 'flour tortillas', 'sweet potato', 'onion', 'black beans', 'cucumber', 'lime', 'cilantro']",18,10,28,6,easy,True,A light but satisfying dinner built around lentil with wrap.,1. Prep the lentils and gather the other ingredients. 2. Warm the tortillas or wraps. 3. Cook the lentils with olive oil and flour tortillas until fully cooked. 4. Fill with the cooked ingredients and serve warm.,3
Mediterranean Lentil Wrap,entree,Mediterranean,"['lentils', 'olive oil', 'salt', 'black pepper', 'flour tortillas', 'eggplant', 'tomato', 'feta', 'lime', 'cilantro']",15,10,25,2,easy,True,A light but satisfying dinner built around lentil with wrap.,1. Prep the lentils and gather the other ingredients. 2. Warm the tortillas or wraps. 3. Cook the lentils with olive oil and salt until fully cooked. 4. Fill with the cooked ingredients and serve warm.,3
Garlic Oregano Lentil Wrap,entree,Mediterranean,"['lentils', 'olive oil', 'lime', 'cilantro']",10,10,20,2,easy,True,A fresh and herb-forward main dish built around lentil with wrap.,1. Prep the lentils and gather the other ingredients. 2. Warm the tortillas or wraps. 3. Cook the lentils with olive oil and lime until fully cooked. 4. Fill with the cooked ingredients and serve warm.,1
Tomato Olive Lentil Wrap,entree,Mediterranean,"['lentils', 'olive oil', 'feta', 'lime', 'cilantro']",10,10,20,6,easy,True,A fresh and herb-forward main dish built around lentil with wrap.,1. Prep the lentils and gather the other ingredients. 2. Warm the tortillas or wraps. 3. Cook the lentils with olive oil and feta until fully cooked. 4. Fill with the cooked ingredients and serve warm.,2
Zesty Herb Lentil Wrap,entree,Mediterranean,"['lentils', 'olive oil', 'flour tortillas', 'oregano', 'lime', 'cilantro']",10,10,20,4,easy,True,A fresh and herb-forward main dish built around lentil with wrap.,1. Prep the lentils and gather the other ingredients. 2. Warm the tortillas or wraps. 3. Cook the lentils with olive oil and flour tortillas until fully cooked. 4. Fill with the cooked ingredients and serve warm.,2
Sun-Dried Tomato Lentil Wrap,entree,Mediterranean,"['lentils', 'olive oil', 'flour tortillas', 'onion', 'oregano', 'lime', 'cilantro']",10,10,20,2,easy,True,A light but satisfying dinner built around lentil with wrap.,1. Prep the lentils and gather the other ingredients. 2. Warm the tortillas or wraps. 3. Cook the lentils with olive oil and flour tortillas until fully cooked. 4. Fill with the cooked ingredients and serve warm.,2
Herb Lentil Grain Bowl,entree,American,"['lentils', 'olive oil', 'quinoa', 'corn', 'onion', 'garlic powder', 'paprika', 'garlic']",12,23,35,6,easy,True,A savory weeknight entree built around lentil with grain bowl.,1. Prep the lentils and gather the other ingredients. 2. Cook the rice or grain until tender. 3. Cook the lentils with olive oil and quinoa until fully cooked. 4. Layer everything in a bowl and serve hot.,3
Garlic Lentil Grain Bowl,entree,American,"['lentils', 'olive oil', 'garlic']",10,10,20,4,easy,True,A hearty and simple main dish built around lentil with grain bowl.,1. Prep the lentils and gather the other ingredients. 2. Cook the rice or grain until tender. 3. Cook the lentils with olive oil and garlic until fully cooked. 4. Layer everything in a bowl and serve hot.,1
Smoky Lentil Grain Bowl,entree,American,"['lentils', 'olive oil', 'paprika', 'butter', 'garlic']",18,12,30,4,easy,True,A comfort-food style dinner built around lentil with grain bowl.,1. Prep the lentils and gather the other ingredients. 2. Cook the rice or grain until tender. 3. Cook the lentils with olive oil and paprika until fully cooked. 4. Layer everything in a bowl and serve hot.,2
Lemon Pepper Lentil Grain Bowl,entree,American,"['lentils', 'olive oil', 'onion', 'parsley', 'paprika', 'garlic']",18,10,28,4,easy,True,A hearty and simple main dish built around lentil with grain bowl.,1. Prep the lentils and gather the other ingredients. 2. Cook the rice or grain until tender. 3. Cook the lentils with olive oil and onion until fully cooked. 4. Layer everything in a bowl and serve hot.,2
Roasted Lentil Grain Bowl,entree,American,"['lentils', 'olive oil', 'quinoa', 'cauliflower', 'thyme', 'parsley', 'garlic']",10,15,25,4,easy,True,A hearty and simple main dish built around lentil with grain bowl.,1. Prep the lentils and gather the other ingredients. 2. Cook the rice or grain until tender. 3. Cook the lentils with olive oil and quinoa until fully cooked. 4. Layer everything in a bowl and serve hot.,2
Homestyle Lentil Grain Bowl,entree,American,"['lentils', 'olive oil', 'quinoa', 'eggplant', 'tomato', 'zucchini', 'thyme', 'paprika', 'garlic']",18,12,30,4,easy,True,A comfort-food style dinner built around lentil with grain bowl.,1. Prep the lentils and gather the other ingredients. 2. Cook the rice or grain until tender. 3. Cook the lentils with olive oil and quinoa until fully cooked. 4. Layer everything in a bowl and serve hot.,3
Lemon Herb Lentil Grain Bowl,entree,Mediterranean,"['lentils', 'olive oil', 'garlic']",10,25,35,4,easy,True,A fresh and herb-forward main dish built around lentil with grain bowl.,1. Prep the lentils and gather the other ingredients. 2. Cook the rice or grain until tender. 3. Cook the lentils with olive oil and garlic until fully cooked. 4. Layer everything in a bowl and serve hot.,1
Mediterranean Lentil Grain Bowl,entree,Mediterranean,"['lentils', 'olive oil', 'feta', 'garlic']",10,15,25,6,easy,True,A light but satisfying dinner built around lentil with grain bowl.,1. Prep the lentils and gather the other ingredients. 2. Cook the rice or grain until tender. 3. Cook the lentils with olive oil and feta until fully cooked. 4. Layer everything in a bowl and serve hot.,1
Garlic Oregano Lentil Grain Bowl,entree,Mediterranean,"['lentils', 'olive oil', 'onion', 'parsley', 'garlic']",12,10,22,4,easy,True,A fresh and herb-forward main dish built around lentil with grain bowl.,1. Prep the lentils and gather the other ingredients. 2. Cook the rice or grain until tender. 3. Cook the lentils with olive oil and onion until fully cooked. 4. Layer everything in a bowl and serve hot.,2
Tomato Olive Lentil Grain Bowl,entree,Mediterranean,"['lentils', 'olive oil', 'quinoa', 'sweet potato', 'onion', 'garlic']",10,10,20,4,easy,True,A light but satisfying dinner built around lentil with grain bowl.,1. Prep the lentils and gather the other ingredients. 2. Cook the rice or grain until tender. 3. Cook the lentils with olive oil and quinoa until fully cooked. 4. Layer everything in a bowl and serve hot.,2
Zesty Herb Lentil Grain Bowl,entree,Mediterranean,"['lentils', 'olive oil', 'quinoa', 'spinach', 'onion', 'feta', 'garlic']",20,10,30,4,easy,True,A fresh and herb-forward main dish built around lentil with grain bowl.,1. Prep the lentils and gather the other ingredients. 2. Cook the rice or grain until tender. 3. Cook the lentils with olive oil and quinoa until fully cooked. 4. Layer everything in a bowl and serve hot.,2
Sun-Dried Tomato Lentil Grain Bowl,entree,Mediterranean,"['lentils', 'olive oil', 'quinoa', 'eggplant', 'tomato', 'zucchini', 'olives', 'garlic']",15,20,35,6,easy,True,A light but satisfying dinner built around lentil with grain bowl.,1. Prep the lentils and gather the other ingredients. 2. Cook the rice or grain until tender. 3. Cook the lentils with olive oil and quinoa until fully cooked. 4. Layer everything in a bowl and serve hot.,3
Herb Lentil Stew,entree,American,"['lentils', 'olive oil', 'broth', 'carrot', 'celery', 'onion', 'paprika', 'thyme', 'garlic']",20,20,40,4,medium,True,A comfort-food style dinner built around lentil with stew.,"1. Prep the lentils and gather the other ingredients. 2. Simmer the ingredients in a pot until tender. 3. Cook the lentils with olive oil and broth until fully cooked. 4. Stir well, taste, and serve hot.",3
Garlic Lentil Stew,entree,American,"['lentils', 'olive oil', 'broth', 'carrot', 'celery', 'onion', 'bell pepper', 'thyme', 'butter', 'garlic']",18,32,50,2,medium,True,A hearty and simple main dish built around lentil with stew.,"1. Prep the lentils and gather the other ingredients. 2. Simmer the ingredients in a pot until tender. 3. Cook the lentils with olive oil and broth until fully cooked. 4. Stir well, taste, and serve hot.",3
Smoky Lentil Stew,entree,American,"['lentils', 'olive oil', 'rosemary', 'garlic']",12,28,40,2,medium,True,A comfort-food style dinner built around lentil with stew.,"1. Prep the lentils and gather the other ingredients. 2. Simmer the ingredients in a pot until tender. 3. Cook the lentils with olive oil and rosemary until fully cooked. 4. Stir well, taste, and serve hot.",1
Lemon Pepper Lentil Stew,entree,American,"['lentils', 'olive oil', 'thyme', 'rosemary', 'garlic']",12,43,55,4,medium,True,A comfort-food style dinner built around lentil with stew.,"1. Prep the lentils and gather the other ingredients. 2. Simmer the ingredients in a pot until tender. 3. Cook the lentils with olive oil and thyme until fully cooked. 4. Stir well, taste, and serve hot.",2
Roasted Lentil Stew,entree,American,"['lentils', 'olive oil', 'broth', 'parsley', 'rosemary', 'garlic']",15,40,55,2,medium,True,A savory weeknight entree built around lentil with stew.,"1. Prep the lentils and gather the other ingredients. 2. Simmer the ingredients in a pot until tender. 3. Cook the lentils with olive oil and broth until fully cooked. 4. Stir well, taste, and serve hot.",2
Homestyle Lentil Stew,entree,American,"['lentils', 'olive oil', 'broth', 'carrot', 'thyme', 'butter', 'garlic']",10,45,55,4,medium,True,A comfort-food style dinner built around lentil with stew.,"1. Prep the lentils and gather the other ingredients. 2. Simmer the ingredients in a pot until tender. 3. Cook the lentils with olive oil and broth until fully cooked. 4. Stir well, taste, and serve hot.",2
Curried Lentil Stew,entree,Indian,"['lentils', 'olive oil', 'broth', 'carrot', 'onion', 'ginger', 'cumin', 'garlic']",12,33,45,6,medium,True,A rich and aromatic dinner built around lentil with stew.,"1. Prep the lentils and gather the other ingredients. 2. Simmer the ingredients in a pot until tender. 3. Cook the lentils with olive oil and broth until fully cooked. 4. Stir well, taste, and serve hot.",3
Masala Lentil Stew,entree,Indian,"['lentils', 'olive oil', 'garlic']",15,35,50,4,medium,True,A Indian-inspired curry-style main dish built around lentil with stew.,"1. Prep the lentils and gather the other ingredients. 2. Simmer the ingredients in a pot until tender. 3. Cook the lentils with olive oil and garlic until fully cooked. 4. Stir well, taste, and serve hot.",1
Spiced Lentil Stew,entree,Indian,"['lentils', 'olive oil', 'coconut milk', 'cumin', 'garlic']",10,45,55,6,medium,True,A rich and aromatic dinner built around lentil with stew.,"1. Prep the lentils and gather the other ingredients. 2. Simmer the ingredients in a pot until tender. 3. Cook the lentils with olive oil and coconut milk until fully cooked. 4. Stir well, taste, and serve hot.",2
Coconut Curry Lentil Stew,entree,Indian,"['lentils', 'olive oil', 'onion', 'coconut milk', 'curry powder', 'garlic']",12,28,40,4,medium,True,A Indian-inspired curry-style main dish built around lentil with stew.,"1. Prep the lentils and gather the other ingredients. 2. Simmer the ingredients in a pot until tender. 3. Cook the lentils with olive oil and onion until fully cooked. 4. Stir well, taste, and serve hot.",2
Golden Lentil Stew,entree,Indian,"['lentils', 'olive oil', 'broth', 'carrot', 'celery', 'broccoli', 'garlic']",18,32,50,4,medium,True,A rich and aromatic dinner built around lentil with stew.,"1. Prep the lentils and gather the other ingredients. 2. Simmer the ingredients in a pot until tender. 3. Cook the lentils with olive oil and broth until fully cooked. 4. Stir well, taste, and serve hot.",2
Tikka-Style Lentil Stew,entree,Indian,"['lentils', 'olive oil', 'broth', 'carrot', 'celery', 'onion', 'ginger', 'curry powder', 'garlic']",10,30,40,2,medium,True,A rich and aromatic dinner built around lentil with stew.,"1. Prep the lentils and gather the other ingredients. 2. Simmer the ingredients in a pot until tender. 3. Cook the lentils with olive oil and broth until fully cooked. 4. Stir well, taste, and serve hot.",3
Lemon Herb Lentil Stew,entree,Mediterranean,"['lentils', 'olive oil', 'garlic']",18,27,45,6,medium,True,A light but satisfying dinner built around lentil with stew.,"1. Prep the lentils and gather the other ingredients. 2. Simmer the ingredients in a pot until tender. 3. Cook the lentils with olive oil and garlic until fully cooked. 4. Stir well, taste, and serve hot.",1
Mediterranean Lentil Stew,entree,Mediterranean,"['lentils', 'olive oil', 'lemon', 'garlic']",12,38,50,6,medium,True,A fresh and herb-forward main dish built around lentil with stew.,"1. Prep the lentils and gather the other ingredients. 2. Simmer the ingredients in a pot until tender. 3. Cook the lentils with olive oil and lemon until fully cooked. 4. Stir well, taste, and serve hot.",1
Garlic Oregano Lentil Stew,entree,Mediterranean,"['lentils', 'olive oil', 'onion', 'lemon', 'garlic']",10,45,55,4,medium,True,A bright Mediterranean-style entree built around lentil with stew.,"1. Prep the lentils and gather the other ingredients. 2. Simmer the ingredients in a pot until tender. 3. Cook the lentils with olive oil and onion until fully cooked. 4. Stir well, taste, and serve hot.",2
Tomato Olive Lentil Stew,entree,Mediterranean,"['lentils', 'olive oil', 'broth', 'carrot', 'onion', 'garlic']",15,35,50,4,medium,True,A bright Mediterranean-style entree built around lentil with stew.,"1. Prep the lentils and gather the other ingredients. 2. Simmer the ingredients in a pot until tender. 3. Cook the lentils with olive oil and broth until fully cooked. 4. Stir well, taste, and serve hot.",2
Zesty Herb Lentil Stew,entree,Mediterranean,"['lentils', 'olive oil', 'broth', 'carrot', 'celery', 'oregano', 'garlic']",12,33,45,4,medium,True,A light but satisfying dinner built around lentil with stew.,"1. Prep the lentils and gather the other ingredients. 2. Simmer the ingredients in a pot until tender. 3. Cook the lentils with olive oil and broth until fully cooked. 4. Stir well, taste, and serve hot.",2
Sun-Dried Tomato Lentil Stew,entree,Mediterranean,"['lentils', 'olive oil', 'broth', 'carrot', 'celery', 'sweet potato', 'onion', 'garlic']",12,43,55,6,medium,True,A bright Mediterranean-style entree built around lentil with stew.,"1. Prep the lentils and gather the other ingredients. 2. Simmer the ingredients in a pot until tender. 3. Cook the lentils with olive oil and broth until fully cooked. 4. Stir well, taste, and serve hot.",3
Herb Black Bean Rice Bowl,entree,American,"['black beans', 'olive oil', 'salt', 'black pepper', 'rice', 'mushrooms', 'onion', 'thyme', 'garlic']",15,10,25,6,easy,True,A savory weeknight entree built around black bean with rice bowl.,1. Prep the black beans and gather the other ingredients. 2. Cook the rice or grain until tender. 3. Cook the black beans with olive oil and salt until fully cooked. 4. Layer everything in a bowl and serve hot.,3
Garlic Black Bean Rice Bowl,entree,American,"['black beans', 'olive oil', 'salt', 'black pepper', 'rice', 'cabbage', 'carrot', 'thyme', 'rosemary', 'garlic']",12,13,25,2,easy,True,A savory weeknight entree built around black bean with rice bowl.,1. Prep the black beans and gather the other ingredients. 2. Cook the rice or grain until tender. 3. Cook the black beans with olive oil and salt until fully cooked. 4. Layer everything in a bowl and serve hot.,3
Smoky Black Bean Rice Bowl,entree,American,"['black beans', 'olive oil', 'rosemary', 'garlic']",15,10,25,4,easy,True,A savory weeknight entree built around black bean with rice bowl.,1. Prep the black beans and gather the other ingredients. 2. Cook the rice or grain until tender. 3. Cook the black beans with olive oil and rosemary until fully cooked. 4. Layer everything in a bowl and serve hot.,1
Lemon Pepper Black Bean Rice Bowl,entree,American,"['black beans', 'olive oil', 'parsley', 'paprika', 'garlic']",15,10,25,6,easy,True,A comfort-food style dinner built around black bean with rice bowl.,1. Prep the black beans and gather the other ingredients. 2. Cook the rice or grain until tender. 3. Cook the black beans with olive oil and parsley until fully cooked. 4. Layer everything in a bowl and serve hot.,2
Roasted Black Bean Rice Bowl,entree,American,"['black beans', 'olive oil', 'onion', 'butter', 'rosemary', 'garlic']",20,10,30,6,easy,True,A hearty and simple main dish built around black bean with rice bowl.,1. Prep the black beans and gather the other ingredients. 2. Cook the rice or grain until tender. 3. Cook the black beans with olive oil and onion until fully cooked. 4. Layer everything in a bowl and serve hot.,2
Homestyle Black Bean Rice Bowl,entree,American,"['black beans', 'olive oil', 'rice', 'broccoli', 'garlic powder', 'butter', 'garlic']",10,20,30,6,easy,True,A comfort-food style dinner built around black bean with rice bowl.,1. Prep the black beans and gather the other ingredients. 2. Cook the rice or grain until tender. 3. Cook the black beans with olive oil and rice until fully cooked. 4. Layer everything in a bowl and serve hot.,2
Chipotle Black Bean Rice Bowl,entree,Mexican,"['black beans', 'olive oil', 'rice', 'sweet potato', 'onion', 'chili powder', 'cilantro', 'garlic']",18,10,28,4,easy,True,A bold and zesty main dish built around black bean with rice bowl.,1. Prep the black beans and gather the other ingredients. 2. Cook the rice or grain until tender. 3. Cook the black beans with olive oil and rice until fully cooked. 4. Layer everything in a bowl and serve hot.,3
Cilantro Lime Black Bean Rice Bowl,entree,Mexican,"['black beans', 'olive oil', 'garlic']",15,15,30,2,easy,True,A family-friendly taco night style meal built around black bean with rice bowl.,1. Prep the black beans and gather the other ingredients. 2. Cook the rice or grain until tender. 3. Cook the black beans with olive oil and garlic until fully cooked. 4. Layer everything in a bowl and serve hot.,1
Spicy Black Bean Rice Bowl,entree,Mexican,"['black beans', 'olive oil', 'rice', 'cumin', 'garlic']",12,18,30,6,easy,True,A family-friendly taco night style meal built around black bean with rice bowl.,1. Prep the black beans and gather the other ingredients. 2. Cook the rice or grain until tender. 3. Cook the black beans with olive oil and rice until fully cooked. 4. Layer everything in a bowl and serve hot.,2
Smoky Black Bean Mushrooms Rice Bowl,entree,Mexican,"['black beans', 'olive oil', 'rice', 'onion', 'cumin', 'garlic']",18,10,28,6,easy,True,A bold and zesty main dish built around black bean with rice bowl.,1. Prep the black beans and gather the other ingredients. 2. Cook the rice or grain until tender. 3. Cook the black beans with olive oil and rice until fully cooked. 4. Layer everything in a bowl and serve hot.,2
Salsa Verde Black Bean Rice Bowl,entree,Mexican,"['black beans', 'olive oil', 'rice', 'cauliflower', 'chili powder', 'cumin', 'garlic']",10,10,20,4,easy,True,A Mexican-inspired entree with bright flavors built around black bean with rice bowl.,1. Prep the black beans and gather the other ingredients. 2. Cook the rice or grain until tender. 3. Cook the black beans with olive oil and rice until fully cooked. 4. Layer everything in a bowl and serve hot.,2
Southwest Black Bean Rice Bowl,entree,Mexican,"['black beans', 'olive oil', 'rice', 'mushrooms', 'onion', 'peas', 'jalapeno', 'cilantro', 'garlic']",12,18,30,6,easy,True,A Mexican-inspired entree with bright flavors built around black bean with rice bowl.,1. Prep the black beans and gather the other ingredients. 2. Cook the rice or grain until tender. 3. Cook the black beans with olive oil and rice until fully cooked. 4. Layer everything in a bowl and serve hot.,3
Herb Black Bean Pasta,entree,American,"['black beans', 'olive oil', 'parmesan']",12,10,22,4,easy,True,A hearty and simple main dish built around black bean with pasta.,1. Prep the black beans and gather the other ingredients. 2. Cook the pasta according to package directions. 3. Cook the black beans with olive oil and parmesan until fully cooked. 4. Toss everything together with the cooked pasta and serve hot.,1
Garlic Black Bean Pasta,entree,American,"['black beans', 'olive oil', 'garlic', 'parmesan']",18,12,30,6,easy,True,A comfort-food style dinner built around black bean with pasta.,1. Prep the black beans and gather the other ingredients. 2. Cook the pasta according to package directions. 3. Cook the black beans with olive oil and garlic until fully cooked. 4. Toss everything together with the cooked pasta and serve hot.,1
Smoky Black Bean Pasta,entree,American,"['black beans', 'olive oil', 'thyme', 'garlic', 'parmesan']",10,15,25,4,easy,True,A savory weeknight entree built around black bean with pasta.,1. Prep the black beans and gather the other ingredients. 2. Cook the pasta according to package directions. 3. Cook the black beans with olive oil and thyme until fully cooked. 4. Toss everything together with the cooked pasta and serve hot.,2
Lemon Pepper Black Bean Pasta,entree,American,"['black beans', 'olive oil', 'paprika', 'rosemary', 'garlic', 'parmesan']",15,15,30,2,easy,True,A comfort-food style dinner built around black bean with pasta.,1. Prep the black beans and gather the other ingredients. 2. Cook the pasta according to package directions. 3. Cook the black beans with olive oil and paprika until fully cooked. 4. Toss everything together with the cooked pasta and serve hot.,2
Roasted Black Bean Pasta,entree,American,"['black beans', 'olive oil', 'pasta', 'thyme', 'garlic powder', 'garlic', 'parmesan']",20,10,30,2,easy,True,A savory weeknight entree built around black bean with pasta.,1. Prep the black beans and gather the other ingredients. 2. Cook the pasta according to package directions. 3. Cook the black beans with olive oil and pasta until fully cooked. 4. Toss everything together with the cooked pasta and serve hot.,2
Homestyle Black Bean Pasta,entree,American,"['black beans', 'olive oil', 'pasta', 'onion', 'garlic powder', 'parsley', 'garlic', 'parmesan']",15,15,30,2,easy,True,A comfort-food style dinner built around black bean with pasta.,1. Prep the black beans and gather the other ingredients. 2. Cook the pasta according to package directions. 3. Cook the black beans with olive oil and pasta until fully cooked. 4. Toss everything together with the cooked pasta and serve hot.,3
Herb Black Bean Tacos,entree,American,"['black beans', 'olive oil', 'corn tortillas', 'spinach', 'onion', 'rosemary', 'thyme', 'lime', 'cilantro']",10,20,30,4,easy,True,A hearty and simple main dish built around black bean with tacos.,1. Prep the black beans and gather the other ingredients. 2. Warm the tortillas or wraps. 3. Cook the black beans with olive oil and corn tortillas until fully cooked. 4. Fill with the cooked ingredients and serve warm.,3
Garlic Black Bean Tacos,entree,American,"['black beans', 'olive oil', 'salt', 'black pepper', 'corn tortillas', 'sweet potato', 'onion', 'butter', 'lime', 'cilantro']",10,15,25,4,easy,True,A comfort-food style dinner built around black bean with tacos.,1. Prep the black beans and gather the other ingredients. 2. Warm the tortillas or wraps. 3. Cook the black beans with olive oil and salt until fully cooked. 4. Fill with the cooked ingredients and serve warm.,3
Smoky Black Bean Tacos,entree,American,"['black beans', 'olive oil', 'lime', 'cilantro']",18,12,30,4,easy,True,A savory weeknight entree built around black bean with tacos.,1. Prep the black beans and gather the other ingredients. 2. Warm the tortillas or wraps. 3. Cook the black beans with olive oil and lime until fully cooked. 4. Fill with the cooked ingredients and serve warm.,1
Lemon Pepper Black Bean Tacos,entree,American,"['black beans', 'olive oil', 'butter', 'lime', 'cilantro']",10,10,20,2,easy,True,A savory weeknight entree built around black bean with tacos.,1. Prep the black beans and gather the other ingredients. 2. Warm the tortillas or wraps. 3. Cook the black beans with olive oil and butter until fully cooked. 4. Fill with the cooked ingredients and serve warm.,2
Roasted Black Bean Tacos,entree,American,"['black beans', 'olive oil', 'paprika', 'parsley', 'lime', 'cilantro']",20,10,30,2,easy,True,A comfort-food style dinner built around black bean with tacos.,1. Prep the black beans and gather the other ingredients. 2. Warm the tortillas or wraps. 3. Cook the black beans with olive oil and paprika until fully cooked. 4. Fill with the cooked ingredients and serve warm.,2
Homestyle Black Bean Tacos,entree,American,"['black beans', 'olive oil', 'corn tortillas', 'thyme', 'rosemary', 'lime', 'cilantro']",15,10,25,2,easy,True,A comfort-food style dinner built around black bean with tacos.,1. Prep the black beans and gather the other ingredients. 2. Warm the tortillas or wraps. 3. Cook the black beans with olive oil and corn tortillas until fully cooked. 4. Fill with the cooked ingredients and serve warm.,2
Chipotle Black Bean Tacos,entree,Mexican,"['black beans', 'olive oil', 'corn tortillas', 'mushrooms', 'onion', 'chili powder', 'lime', 'cilantro']",18,10,28,2,easy,True,A family-friendly taco night style meal built around black bean with tacos.,1. Prep the black beans and gather the other ingredients. 2. Warm the tortillas or wraps. 3. Cook the black beans with olive oil and corn tortillas until fully cooked. 4. Fill with the cooked ingredients and serve warm.,3
Cilantro Lime Black Bean Tacos,entree,Mexican,"['black beans', 'olive oil', 'cilantro']",15,10,25,2,easy,True,A Mexican-inspired entree with bright flavors built around black bean with tacos.,1. Prep the black beans and gather the other ingredients. 2. Warm the tortillas or wraps. 3. Cook the black beans with olive oil and cilantro until fully cooked. 4. Fill with the cooked ingredients and serve warm.,1
Spicy Black Bean Tacos,entree,Mexican,"['black beans', 'olive oil', 'onion', 'lime', 'cilantro']",12,10,22,6,easy,True,A family-friendly taco night style meal built around black bean with tacos.,1. Prep the black beans and gather the other ingredients. 2. Warm the tortillas or wraps. 3. Cook the black beans with olive oil and onion until fully cooked. 4. Fill with the cooked ingredients and serve warm.,2
Smoky Black Bean Spinach Tacos,entree,Mexican,"['black beans', 'olive oil', 'onion', 'chili powder', 'lime', 'cilantro']",12,13,25,2,easy,True,A family-friendly taco night style meal built around black bean with tacos.,1. Prep the black beans and gather the other ingredients. 2. Warm the tortillas or wraps. 3. Cook the black beans with olive oil and onion until fully cooked. 4. Fill with the cooked ingredients and serve warm.,2
Salsa Verde Black Bean Tacos,entree,Mexican,"['black beans', 'olive oil', 'corn tortillas', 'onion', 'chili powder', 'lime', 'cilantro']",18,10,28,4,easy,True,A bold and zesty main dish built around black bean with tacos.,1. Prep the black beans and gather the other ingredients. 2. Warm the tortillas or wraps. 3. Cook the black beans with olive oil and corn tortillas until fully cooked. 4. Fill with the cooked ingredients and serve warm.,2
Southwest Black Bean Tacos,entree,Mexican,"['black beans', 'olive oil', 'salt', 'black pepper', 'corn tortillas', 'onion', 'lime', 'chili powder', 'cilantro']",18,10,28,2,easy,True,A family-friendly taco night style meal built around black bean with tacos.,1. Prep the black beans and gather the other ingredients. 2. Warm the tortillas or wraps. 3. Cook the black beans with olive oil and salt until fully cooked. 4. Fill with the cooked ingredients and serve warm.,3
Herb Black Bean Salad,entree,American,"['black beans', 'olive oil', 'parsley']",18,10,28,6,easy,True,A savory weeknight entree built around black bean with salad.,1. Prep the black beans and gather the other ingredients. 2. Prepare the fresh ingredients and dressing. 3. Cook the black beans with olive oil and parsley until fully cooked. 4. Toss everything together and serve.,1
Garlic Black Bean Salad,entree,American,"['black beans', 'olive oil', 'paprika', 'garlic powder']",12,10,22,4,easy,True,A comfort-food style dinner built around black bean with salad.,1. Prep the black beans and gather the other ingredients. 2. Prepare the fresh ingredients and dressing. 3. Cook the black beans with olive oil and paprika until fully cooked. 4. Toss everything together and serve.,1
Smoky Black Bean Salad,entree,American,"['black beans', 'olive oil', 'mixed greens', 'rosemary', 'garlic powder']",20,10,30,4,easy,True,A comfort-food style dinner built around black bean with salad.,1. Prep the black beans and gather the other ingredients. 2. Prepare the fresh ingredients and dressing. 3. Cook the black beans with olive oil and mixed greens until fully cooked. 4. Toss everything together and serve.,2
Lemon Pepper Black Bean Salad,entree,American,"['black beans', 'olive oil', 'mixed greens', 'corn', 'onion', 'rosemary']",15,10,25,4,easy,True,A comfort-food style dinner built around black bean with salad.,1. Prep the black beans and gather the other ingredients. 2. Prepare the fresh ingredients and dressing. 3. Cook the black beans with olive oil and mixed greens until fully cooked. 4. Toss everything together and serve.,2
Roasted Black Bean Salad,entree,American,"['black beans', 'olive oil', 'mixed greens', 'onion', 'bell pepper', 'paprika', 'rosemary']",12,10,22,2,easy,True,A hearty and simple main dish built around black bean with salad.,1. Prep the black beans and gather the other ingredients. 2. Prepare the fresh ingredients and dressing. 3. Cook the black beans with olive oil and mixed greens until fully cooked. 4. Toss everything together and serve.,2
Homestyle Black Bean Salad,entree,American,"['black beans', 'olive oil', 'mixed greens', 'kale', 'white beans', 'tomato', 'rosemary', 'paprika']",10,10,20,6,easy,True,A comfort-food style dinner built around black bean with salad.,1. Prep the black beans and gather the other ingredients. 2. Prepare the fresh ingredients and dressing. 3. Cook the black beans with olive oil and mixed greens until fully cooked. 4. Toss everything together and serve.,3
Herb Black Bean Soup,entree,American,"['black beans', 'olive oil', 'broth', 'onion', 'bell pepper', 'zucchini', 'butter', 'paprika', 'garlic']",10,35,45,4,medium,True,A comfort-food style dinner built around black bean with soup.,"1. Prep the black beans and gather the other ingredients. 2. Simmer the ingredients in a pot until tender. 3. Cook the black beans with olive oil and broth until fully cooked. 4. Stir well, taste, and serve hot.",3
Garlic Black Bean Soup,entree,American,"['black beans', 'olive oil', 'salt', 'black pepper', 'broth', 'cauliflower', 'carrot', 'thyme', 'garlic powder', 'garlic']",18,22,40,6,medium,True,A savory weeknight entree built around black bean with soup.,"1. Prep the black beans and gather the other ingredients. 2. Simmer the ingredients in a pot until tender. 3. Cook the black beans with olive oil and salt until fully cooked. 4. Stir well, taste, and serve hot.",3
Smoky Black Bean Soup,entree,American,"['black beans', 'olive oil', 'rosemary', 'garlic']",12,23,35,2,medium,True,A savory weeknight entree built around black bean with soup.,"1. Prep the black beans and gather the other ingredients. 2. Simmer the ingredients in a pot until tender. 3. Cook the black beans with olive oil and rosemary until fully cooked. 4. Stir well, taste, and serve hot.",1
Lemon Pepper Black Bean Soup,entree,American,"['black beans', 'olive oil', 'onion', 'parsley', 'garlic']",20,20,40,2,medium,True,A hearty and simple main dish built around black bean with soup.,"1. Prep the black beans and gather the other ingredients. 2. Simmer the ingredients in a pot until tender. 3. Cook the black beans with olive oil and onion until fully cooked. 4. Stir well, taste, and serve hot.",2
Roasted Black Bean Soup,entree,American,"['black beans', 'olive oil', 'onion', 'thyme', 'garlic powder', 'garlic']",18,27,45,6,medium,True,A savory weeknight entree built around black bean with soup.,"1. Prep the black beans and gather the other ingredients. 2. Simmer the ingredients in a pot until tender. 3. Cook the black beans with olive oil and onion until fully cooked. 4. Stir well, taste, and serve hot.",2
Homestyle Black Bean Soup,entree,American,"['black beans', 'olive oil', 'broth', 'cabbage', 'garlic powder', 'rosemary', 'garlic']",20,10,30,4,medium,True,A comfort-food style dinner built around black bean with soup.,"1. Prep the black beans and gather the other ingredients. 2. Simmer the ingredients in a pot until tender. 3. Cook the black beans with olive oil and broth until fully cooked. 4. Stir well, taste, and serve hot.",2
Herb Black Bean Sheet Pan Dinner,entree,American,"['black beans', 'olive oil', 'salt', 'black pepper', 'onion', 'bell pepper', 'spinach', 'rosemary']",12,23,35,6,easy,True,A hearty and simple main dish built around black bean with sheet pan dinner.,1. Prep the black beans and gather the other ingredients. 2. Heat a pan over medium heat. 3. Cook the black beans with olive oil and salt until fully cooked. 4. Combine everything and serve hot.,3
Garlic Black Bean Sheet Pan Dinner,entree,American,"['black beans', 'olive oil', 'rosemary']",15,25,40,2,easy,True,A savory weeknight entree built around black bean with sheet pan dinner.,1. Prep the black beans and gather the other ingredients. 2. Heat a pan over medium heat. 3. Cook the black beans with olive oil and rosemary until fully cooked. 4. Combine everything and serve hot.,1
Smoky Black Bean Sheet Pan Dinner,entree,American,"['black beans', 'olive oil', 'onion', 'rosemary', 'parsley']",15,15,30,6,easy,True,A comfort-food style dinner built around black bean with sheet pan dinner.,1. Prep the black beans and gather the other ingredients. 2. Heat a pan over medium heat. 3. Cook the black beans with olive oil and onion until fully cooked. 4. Combine everything and serve hot.,2
Lemon Pepper Black Bean Sheet Pan Dinner,entree,American,"['black beans', 'olive oil', 'onion', 'bell pepper', 'paprika', 'butter']",12,23,35,2,easy,True,A savory weeknight entree built around black bean with sheet pan dinner.,1. Prep the black beans and gather the other ingredients. 2. Heat a pan over medium heat. 3. Cook the black beans with olive oil and onion until fully cooked. 4. Combine everything and serve hot.,2
Roasted Black Bean Sheet Pan Dinner,entree,American,"['black beans', 'olive oil', 'onion', 'bell pepper', 'sweet potato', 'paprika', 'thyme']",12,18,30,2,easy,True,A hearty and simple main dish built around black bean with sheet pan dinner.,1. Prep the black beans and gather the other ingredients. 2. Heat a pan over medium heat. 3. Cook the black beans with olive oil and onion until fully cooked. 4. Combine everything and serve hot.,2
Homestyle Black Bean Sheet Pan Dinner,entree,American,"['black beans', 'olive oil', 'salt', 'black pepper', 'onion', 'bell pepper', 'spinach', 'tomato', 'garlic powder']",18,27,45,6,easy,True,A comfort-food style dinner built around black bean with sheet pan dinner.,1. Prep the black beans and gather the other ingredients. 2. Heat a pan over medium heat. 3. Cook the black beans with olive oil and salt until fully cooked. 4. Combine everything and serve hot.,3
Herb Black Bean Skillet,entree,American,"['black beans', 'olive oil', 'thyme']",12,13,25,6,easy,True,A comfort-food style dinner built around black bean with skillet.,1. Prep the black beans and gather the other ingredients. 2. Heat a pan over medium heat. 3. Cook the black beans with olive oil and thyme until fully cooked. 4. Combine everything and serve hot.,1
Garlic Black Bean Skillet,entree,American,"['black beans', 'olive oil', 'garlic', 'rosemary']",12,10,22,4,easy,True,A comfort-food style dinner built around black bean with skillet.,1. Prep the black beans and gather the other ingredients. 2. Heat a pan over medium heat. 3. Cook the black beans with olive oil and garlic until fully cooked. 4. Combine everything and serve hot.,1
Smoky Black Bean Skillet,entree,American,"['black beans', 'olive oil', 'garlic', 'thyme', 'garlic powder']",12,23,35,2,easy,True,A savory weeknight entree built around black bean with skillet.,1. Prep the black beans and gather the other ingredients. 2. Heat a pan over medium heat. 3. Cook the black beans with olive oil and garlic until fully cooked. 4. Combine everything and serve hot.,2
Lemon Pepper Black Bean Skillet,entree,American,"['black beans', 'olive oil', 'onion', 'garlic', 'parsley', 'butter']",20,10,30,6,easy,True,A comfort-food style dinner built around black bean with skillet.,1. Prep the black beans and gather the other ingredients. 2. Heat a pan over medium heat. 3. Cook the black beans with olive oil and onion until fully cooked. 4. Combine everything and serve hot.,2
Roasted Black Bean Skillet,entree,American,"['black beans', 'olive oil', 'onion', 'garlic', 'bell pepper', 'parsley', 'thyme']",20,10,30,4,easy,True,A comfort-food style dinner built around black bean with skillet.,1. Prep the black beans and gather the other ingredients. 2. Heat a pan over medium heat. 3. Cook the black beans with olive oil and onion until fully cooked. 4. Combine everything and serve hot.,2
Homestyle Black Bean Skillet,entree,American,"['black beans', 'olive oil', 'onion', 'garlic', 'corn', 'bell pepper', 'butter', 'garlic powder']",12,18,30,4,easy,True,A comfort-food style dinner built around black bean with skillet.,1. Prep the black beans and gather the other ingredients. 2. Heat a pan over medium heat. 3. Cook the black beans with olive oil and onion until fully cooked. 4. Combine everything and serve hot.,3
Chipotle Black Bean Skillet,entree,Mexican,"['black beans', 'olive oil', 'salt', 'black pepper', 'onion', 'garlic', 'corn', 'lime', 'chili powder']",12,18,30,6,easy,True,A Mexican-inspired entree with bright flavors built around black bean with skillet.,1. Prep the black beans and gather the other ingredients. 2. Heat a pan over medium heat. 3. Cook the black beans with olive oil and salt until fully cooked. 4. Combine everything and serve hot.,3
Cilantro Lime Black Bean Skillet,entree,Mexican,"['black beans', 'olive oil', 'salt', 'black pepper', 'onion', 'garlic', 'spinach', 'tomato', 'chili powder', 'cumin']",15,15,30,6,easy,True,A bold and zesty main dish built around black bean with skillet.,1. Prep the black beans and gather the other ingredients. 2. Heat a pan over medium heat. 3. Cook the black beans with olive oil and salt until fully cooked. 4. Combine everything and serve hot.,3
Spicy Black Bean Skillet,entree,Mexican,"['black beans', 'olive oil', 'lime', 'cumin']",10,25,35,4,easy,True,A Mexican-inspired entree with bright flavors built around black bean with skillet.,1. Prep the black beans and gather the other ingredients. 2. Heat a pan over medium heat. 3. Cook the black beans with olive oil and lime until fully cooked. 4. Combine everything and serve hot.,1
Smoky Black Bean Spinach Skillet,entree,Mexican,"['black beans', 'olive oil', 'onion', 'garlic', 'lime']",15,10,25,2,easy,True,A family-friendly taco night style meal built around black bean with skillet.,1. Prep the black beans and gather the other ingredients. 2. Heat a pan over medium heat. 3. Cook the black beans with olive oil and onion until fully cooked. 4. Combine everything and serve hot.,2
Salsa Verde Black Bean Skillet,entree,Mexican,"['black beans', 'olive oil', 'onion', 'garlic', 'bell pepper', 'cilantro']",10,20,30,4,easy,True,A family-friendly taco night style meal built around black bean with skillet.,1. Prep the black beans and gather the other ingredients. 2. Heat a pan over medium heat. 3. Cook the black beans with olive oil and onion until fully cooked. 4. Combine everything and serve hot.,2
Southwest Black Bean Skillet,entree,Mexican,"['black beans', 'olive oil', 'onion', 'garlic', 'sweet potato', 'lime', 'cilantro']",12,23,35,4,easy,True,A family-friendly taco night style meal built around black bean with skillet.,1. Prep the black beans and gather the other ingredients. 2. Heat a pan over medium heat. 3. Cook the black beans with olive oil and onion until fully cooked. 4. Combine everything and serve hot.,2
Herb Black Bean Wrap,entree,American,"['black beans', 'olive oil', 'flour tortillas', 'eggplant', 'tomato', 'rosemary', 'lime', 'cilantro']",10,10,20,2,easy,True,A hearty and simple main dish built around black bean with wrap.,1. Prep the black beans and gather the other ingredients. 2. Warm the tortillas or wraps. 3. Cook the black beans with olive oil and flour tortillas until fully cooked. 4. Fill with the cooked ingredients and serve warm.,3
Garlic Black Bean Wrap,entree,American,"['black beans', 'olive oil', 'cilantro']",18,10,28,2,easy,True,A hearty and simple main dish built around black bean with wrap.,1. Prep the black beans and gather the other ingredients. 2. Warm the tortillas or wraps. 3. Cook the black beans with olive oil and cilantro until fully cooked. 4. Fill with the cooked ingredients and serve warm.,1
Smoky Black Bean Wrap,entree,American,"['black beans', 'olive oil', 'parsley', 'lime', 'cilantro']",18,10,28,6,easy,True,A savory weeknight entree built around black bean with wrap.,1. Prep the black beans and gather the other ingredients. 2. Warm the tortillas or wraps. 3. Cook the black beans with olive oil and parsley until fully cooked. 4. Fill with the cooked ingredients and serve warm.,2
Lemon Pepper Black Bean Wrap,entree,American,"['black beans', 'olive oil', 'parsley', 'butter', 'lime', 'cilantro']",10,15,25,4,easy,True,A savory weeknight entree built around black bean with wrap.,1. Prep the black beans and gather the other ingredients. 2. Warm the tortillas or wraps. 3. Cook the black beans with olive oil and parsley until fully cooked. 4. Fill with the cooked ingredients and serve warm.,2
Roasted Black Bean Wrap,entree,American,"['black beans', 'olive oil', 'flour tortillas', 'cabbage', 'parsley', 'lime', 'cilantro']",10,10,20,4,easy,True,A hearty and simple main dish built around black bean with wrap.,1. Prep the black beans and gather the other ingredients. 2. Warm the tortillas or wraps. 3. Cook the black beans with olive oil and flour tortillas until fully cooked. 4. Fill with the cooked ingredients and serve warm.,2
Homestyle Black Bean Wrap,entree,American,"['black beans', 'olive oil', 'flour tortillas', 'mushrooms', 'onion', 'butter', 'thyme', 'lime', 'cilantro']",10,15,25,6,easy,True,A savory weeknight entree built around black bean with wrap.,1. Prep the black beans and gather the other ingredients. 2. Warm the tortillas or wraps. 3. Cook the black beans with olive oil and flour tortillas until fully cooked. 4. Fill with the cooked ingredients and serve warm.,3
Chipotle Black Bean Wrap,entree,Mexican,"['black beans', 'olive oil', 'cilantro']",10,10,20,6,easy,True,A bold and zesty main dish built around black bean with wrap.,1. Prep the black beans and gather the other ingredients. 2. Warm the tortillas or wraps. 3. Cook the black beans with olive oil and cilantro until fully cooked. 4. Fill with the cooked ingredients and serve warm.,1
Cilantro Lime Black Bean Wrap,entree,Mexican,"['black beans', 'olive oil', 'lime', 'cilantro']",20,10,30,6,easy,True,A family-friendly taco night style meal built around black bean with wrap.,1. Prep the black beans and gather the other ingredients. 2. Warm the tortillas or wraps. 3. Cook the black beans with olive oil and lime until fully cooked. 4. Fill with the cooked ingredients and serve warm.,1
Spicy Black Bean Wrap,entree,Mexican,"['black beans', 'olive oil', 'onion', 'lime', 'cilantro']",18,10,28,4,easy,True,A family-friendly taco night style meal built around black bean with wrap.,1. Prep the black beans and gather the other ingredients. 2. Warm the tortillas or wraps. 3. Cook the black beans with olive oil and onion until fully cooked. 4. Fill with the cooked ingredients and serve warm.,2
Smoky Black Bean Mushrooms Wrap,entree,Mexican,"['black beans', 'olive oil', 'flour tortillas', 'onion', 'cilantro', 'lime']",15,10,25,6,easy,True,A Mexican-inspired entree with bright flavors built around black bean with wrap.,1. Prep the black beans and gather the other ingredients. 2. Warm the tortillas or wraps. 3. Cook the black beans with olive oil and flour tortillas until fully cooked. 4. Fill with the cooked ingredients and serve warm.,2
Salsa Verde Black Bean Wrap,entree,Mexican,"['black beans', 'olive oil', 'flour tortillas', 'cauliflower', 'carrot', 'lime', 'cilantro']",15,10,25,6,easy,True,A bold and zesty main dish built around black bean with wrap.,1. Prep the black beans and gather the other ingredients. 2. Warm the tortillas or wraps. 3. Cook the black beans with olive oil and flour tortillas until fully cooked. 4. Fill with the cooked ingredients and serve warm.,2
Southwest Black Bean Wrap,entree,Mexican,"['black beans', 'olive oil', 'flour tortillas', 'cauliflower', 'carrot', 'cumin', 'lime', 'cilantro']",18,10,28,6,easy,True,A bold and zesty main dish built around black bean with wrap.,1. Prep the black beans and gather the other ingredients. 2. Warm the tortillas or wraps. 3. Cook the black beans with olive oil and flour tortillas until fully cooked. 4. Fill with the cooked ingredients and serve warm.,3
Herb Black Bean Grain Bowl,entree,American,"['black beans', 'olive oil', 'quinoa', 'kale', 'white beans', 'tomato', 'paprika', 'rosemary', 'garlic']",12,13,25,6,easy,True,A hearty and simple main dish built around black bean with grain bowl.,1. Prep the black beans and gather the other ingredients. 2. Cook the rice or grain until tender. 3. Cook the black beans with olive oil and quinoa until fully cooked. 4. Layer everything in a bowl and serve hot.,3
Garlic Black Bean Grain Bowl,entree,American,"['black beans', 'olive oil', 'salt', 'black pepper', 'quinoa', 'spinach', 'onion', 'rosemary', 'thyme', 'garlic']",18,17,35,4,easy,True,A savory weeknight entree built around black bean with grain bowl.,1. Prep the black beans and gather the other ingredients. 2. Cook the rice or grain until tender. 3. Cook the black beans with olive oil and salt until fully cooked. 4. Layer everything in a bowl and serve hot.,3
Smoky Black Bean Grain Bowl,entree,American,"['black beans', 'olive oil', 'rosemary', 'garlic']",15,10,25,6,easy,True,A hearty and simple main dish built around black bean with grain bowl.,1. Prep the black beans and gather the other ingredients. 2. Cook the rice or grain until tender. 3. Cook the black beans with olive oil and rosemary until fully cooked. 4. Layer everything in a bowl and serve hot.,1
Lemon Pepper Black Bean Grain Bowl,entree,American,"['black beans', 'olive oil', 'rosemary', 'thyme', 'garlic']",12,13,25,4,easy,True,A comfort-food style dinner built around black bean with grain bowl.,1. Prep the black beans and gather the other ingredients. 2. Cook the rice or grain until tender. 3. Cook the black beans with olive oil and rosemary until fully cooked. 4. Layer everything in a bowl and serve hot.,2
Roasted Black Bean Grain Bowl,entree,American,"['black beans', 'olive oil', 'quinoa', 'eggplant', 'butter', 'garlic']",20,10,30,2,easy,True,A savory weeknight entree built around black bean with grain bowl.,1. Prep the black beans and gather the other ingredients. 2. Cook the rice or grain until tender. 3. Cook the black beans with olive oil and quinoa until fully cooked. 4. Layer everything in a bowl and serve hot.,2
Homestyle Black Bean Grain Bowl,entree,American,"['black beans', 'olive oil', 'quinoa', 'onion', 'parsley', 'butter', 'garlic']",15,10,25,6,easy,True,A comfort-food style dinner built around black bean with grain bowl.,1. Prep the black beans and gather the other ingredients. 2. Cook the rice or grain until tender. 3. Cook the black beans with olive oil and quinoa until fully cooked. 4. Layer everything in a bowl and serve hot.,2
Herb Black Bean Stew,entree,American,"['black beans', 'olive oil', 'broth', 'carrot', 'onion', 'paprika', 'garlic powder', 'garlic']",15,25,40,2,medium,True,A savory weeknight entree built around black bean with stew.,"1. Prep the black beans and gather the other ingredients. 2. Simmer the ingredients in a pot until tender. 3. Cook the black beans with olive oil and broth until fully cooked. 4. Stir well, taste, and serve hot.",3
Garlic Black Bean Stew,entree,American,"['black beans', 'olive oil', 'garlic']",15,30,45,4,medium,True,A hearty and simple main dish built around black bean with stew.,"1. Prep the black beans and gather the other ingredients. 2. Simmer the ingredients in a pot until tender. 3. Cook the black beans with olive oil and garlic until fully cooked. 4. Stir well, taste, and serve hot.",1
Smoky Black Bean Stew,entree,American,"['black beans', 'olive oil', 'onion', 'parsley', 'garlic']",10,30,40,6,medium,True,A savory weeknight entree built around black bean with stew.,"1. Prep the black beans and gather the other ingredients. 2. Simmer the ingredients in a pot until tender. 3. Cook the black beans with olive oil and onion until fully cooked. 4. Stir well, taste, and serve hot.",2
Lemon Pepper Black Bean Stew,entree,American,"['black beans', 'olive oil', 'onion', 'paprika', 'butter', 'garlic']",15,25,40,6,medium,True,A comfort-food style dinner built around black bean with stew.,"1. Prep the black beans and gather the other ingredients. 2. Simmer the ingredients in a pot until tender. 3. Cook the black beans with olive oil and onion until fully cooked. 4. Stir well, taste, and serve hot.",2
Roasted Black Bean Stew,entree,American,"['black beans', 'olive oil', 'broth', 'carrot', 'onion', 'paprika', 'garlic']",18,32,50,4,medium,True,A savory weeknight entree built around black bean with stew.,"1. Prep the black beans and gather the other ingredients. 2. Simmer the ingredients in a pot until tender. 3. Cook the black beans with olive oil and broth until fully cooked. 4. Stir well, taste, and serve hot.",2
Homestyle Black Bean Stew,entree,American,"['black beans', 'olive oil', 'broth', 'carrot', 'celery', 'cauliflower', 'thyme', 'garlic powder', 'garlic']",18,32,50,6,medium,True,A hearty and simple main dish built around black bean with stew.,"1. Prep the black beans and gather the other ingredients. 2. Simmer the ingredients in a pot until tender. 3. Cook the black beans with olive oil and broth until fully cooked. 4. Stir well, taste, and serve hot.",3
Herb Mushroom Rice Bowl,entree,American,"['cremini mushrooms', 'olive oil', 'rice']",20,10,30,4,easy,True,A hearty and simple main dish built around mushroom with rice bowl.,1. Prep the cremini mushrooms and gather the other ingredients. 2. Cook the rice or grain until tender. 3. Cook the cremini mushrooms with olive oil and rice until fully cooked. 4. Layer everything in a bowl and serve hot.,1
Garlic Mushroom Rice Bowl,entree,American,"['cremini mushrooms', 'olive oil', 'rice', 'garlic']",12,10,22,2,easy,True,A comfort-food style dinner built around mushroom with rice bowl.,1. Prep the cremini mushrooms and gather the other ingredients. 2. Cook the rice or grain until tender. 3. Cook the cremini mushrooms with olive oil and rice until fully cooked. 4. Layer everything in a bowl and serve hot.,1
Smoky Mushroom Rice Bowl,entree,American,"['cremini mushrooms', 'olive oil', 'rice', 'butter', 'garlic']",12,18,30,4,easy,True,A hearty and simple main dish built around mushroom with rice bowl.,1. Prep the cremini mushrooms and gather the other ingredients. 2. Cook the rice or grain until tender. 3. Cook the cremini mushrooms with olive oil and rice until fully cooked. 4. Layer everything in a bowl and serve hot.,2
Lemon Pepper Mushroom Rice Bowl,entree,American,"['cremini mushrooms', 'olive oil', 'rice', 'parsley', 'paprika', 'garlic']",20,10,30,2,easy,True,A comfort-food style dinner built around mushroom with rice bowl.,1. Prep the cremini mushrooms and gather the other ingredients. 2. Cook the rice or grain until tender. 3. Cook the cremini mushrooms with olive oil and rice until fully cooked. 4. Layer everything in a bowl and serve hot.,2
Roasted Mushroom Rice Bowl,entree,American,"['cremini mushrooms', 'olive oil', 'rice', 'broccoli', 'butter', 'paprika', 'garlic']",10,10,20,4,easy,True,A comfort-food style dinner built around mushroom with rice bowl.,1. Prep the cremini mushrooms and gather the other ingredients. 2. Cook the rice or grain until tender. 3. Cook the cremini mushrooms with olive oil and rice until fully cooked. 4. Layer everything in a bowl and serve hot.,2
Homestyle Mushroom Rice Bowl,entree,American,"['cremini mushrooms', 'olive oil', 'rice', 'cabbage', 'carrot', 'rosemary', 'paprika', 'garlic']",20,10,30,6,easy,True,A hearty and simple main dish built around mushroom with rice bowl.,1. Prep the cremini mushrooms and gather the other ingredients. 2. Cook the rice or grain until tender. 3. Cook the cremini mushrooms with olive oil and rice until fully cooked. 4. Layer everything in a bowl and serve hot.,3
Ginger Garlic Mushroom Rice Bowl,entree,Asian,"['cremini mushrooms', 'olive oil', 'rice', 'spinach', 'tomato', 'onion', 'ginger', 'sesame oil', 'garlic']",10,10,20,6,easy,True,A savory umami-forward main dish built around mushroom with rice bowl.,1. Prep the cremini mushrooms and gather the other ingredients. 2. Cook the rice or grain until tender. 3. Cook the cremini mushrooms with olive oil and rice until fully cooked. 4. Layer everything in a bowl and serve hot.,3
Sesame Mushroom Rice Bowl,entree,Asian,"['cremini mushrooms', 'olive oil', 'salt', 'black pepper', 'rice', 'spinach', 'tomato', 'onion', 'ginger', 'garlic']",10,10,20,2,easy,True,A savory umami-forward main dish built around mushroom with rice bowl.,1. Prep the cremini mushrooms and gather the other ingredients. 2. Cook the rice or grain until tender. 3. Cook the cremini mushrooms with olive oil and salt until fully cooked. 4. Layer everything in a bowl and serve hot.,3
Soy Glazed Mushroom Rice Bowl,entree,Asian,"['cremini mushrooms', 'olive oil', 'rice', 'garlic']",10,10,20,4,easy,True,A takeout-style dinner made at home built around mushroom with rice bowl.,1. Prep the cremini mushrooms and gather the other ingredients. 2. Cook the rice or grain until tender. 3. Cook the cremini mushrooms with olive oil and rice until fully cooked. 4. Layer everything in a bowl and serve hot.,1
Sweet Chili Mushroom Rice Bowl,entree,Asian,"['cremini mushrooms', 'olive oil', 'rice', 'onion', 'garlic']",15,10,25,2,easy,True,A quick Asian-inspired entree built around mushroom with rice bowl.,1. Prep the cremini mushrooms and gather the other ingredients. 2. Cook the rice or grain until tender. 3. Cook the cremini mushrooms with olive oil and rice until fully cooked. 4. Layer everything in a bowl and serve hot.,2
Teriyaki Mushroom Rice Bowl,entree,Asian,"['cremini mushrooms', 'olive oil', 'rice', 'eggplant', 'soy sauce', 'garlic']",18,10,28,2,easy,True,A savory umami-forward main dish built around mushroom with rice bowl.,1. Prep the cremini mushrooms and gather the other ingredients. 2. Cook the rice or grain until tender. 3. Cook the cremini mushrooms with olive oil and rice until fully cooked. 4. Layer everything in a bowl and serve hot.,2
Scallion Mushroom Rice Bowl,entree,Asian,"['cremini mushrooms', 'olive oil', 'rice', 'corn', 'onion', 'soy sauce', 'garlic']",15,10,25,4,easy,True,A savory umami-forward main dish built around mushroom with rice bowl.,1. Prep the cremini mushrooms and gather the other ingredients. 2. Cook the rice or grain until tender. 3. Cook the cremini mushrooms with olive oil and rice until fully cooked. 4. Layer everything in a bowl and serve hot.,2
Tuscan Mushroom Pasta,entree,Italian,"['cremini mushrooms', 'olive oil', 'pasta', 'broccoli', 'carrot', 'snap peas', 'garlic', 'parmesan']",20,15,35,6,easy,True,A Italian-inspired comfort entree built around mushroom with pasta.,1. Prep the cremini mushrooms and gather the other ingredients. 2. Cook the pasta according to package directions. 3. Cook the cremini mushrooms with olive oil and pasta until fully cooked. 4. Toss everything together with the cooked pasta and serve hot.,3
Basil Tomato Mushroom Pasta,entree,Italian,"['cremini mushrooms', 'olive oil', 'pasta']",20,10,30,6,easy,True,A simple pasta-night style main dish built around mushroom with pasta.,1. Prep the cremini mushrooms and gather the other ingredients. 2. Cook the pasta according to package directions. 3. Cook the cremini mushrooms with olive oil and pasta until fully cooked. 4. Toss everything together with the cooked pasta and serve hot.,1
Garlic Parmesan Mushroom Pasta,entree,Italian,"['cremini mushrooms', 'olive oil', 'pasta', 'parmesan', 'garlic']",15,15,30,4,easy,True,A Italian-inspired comfort entree built around mushroom with pasta.,1. Prep the cremini mushrooms and gather the other ingredients. 2. Cook the pasta according to package directions. 3. Cook the cremini mushrooms with olive oil and pasta until fully cooked. 4. Toss everything together with the cooked pasta and serve hot.,2
Rustic Mushroom Pasta,entree,Italian,"['cremini mushrooms', 'olive oil', 'pasta', 'basil', 'garlic', 'parmesan']",12,23,35,4,easy,True,A simple pasta-night style main dish built around mushroom with pasta.,1. Prep the cremini mushrooms and gather the other ingredients. 2. Cook the pasta according to package directions. 3. Cook the cremini mushrooms with olive oil and pasta until fully cooked. 4. Toss everything together with the cooked pasta and serve hot.,2
Creamy Herb Mushroom Pasta,entree,Italian,"['cremini mushrooms', 'olive oil', 'pasta', 'onion', 'parmesan', 'cream', 'garlic']",15,10,25,4,easy,True,A simple pasta-night style main dish built around mushroom with pasta.,1. Prep the cremini mushrooms and gather the other ingredients. 2. Cook the pasta according to package directions. 3. Cook the cremini mushrooms with olive oil and pasta until fully cooked. 4. Toss everything together with the cooked pasta and serve hot.,2
Roasted Garlic Mushroom Pasta,entree,Italian,"['cremini mushrooms', 'olive oil', 'pasta', 'sweet potato', 'onion', 'black beans', 'cream', 'parmesan', 'garlic']",18,17,35,6,easy,True,A Italian-inspired comfort entree built around mushroom with pasta.,1. Prep the cremini mushrooms and gather the other ingredients. 2. Cook the pasta according to package directions. 3. Cook the cremini mushrooms with olive oil and pasta until fully cooked. 4. Toss everything together with the cooked pasta and serve hot.,3
Herb Mushroom Pasta,entree,American,"['cremini mushrooms', 'olive oil', 'pasta']",20,10,30,6,easy,True,A hearty and simple main dish built around mushroom with pasta.,1. Prep the cremini mushrooms and gather the other ingredients. 2. Cook the pasta according to package directions. 3. Cook the cremini mushrooms with olive oil and pasta until fully cooked. 4. Toss everything together with the cooked pasta and serve hot.,1
Garlic Mushroom Pasta,entree,American,"['cremini mushrooms', 'olive oil', 'pasta', 'parmesan']",20,15,35,6,easy,True,A hearty and simple main dish built around mushroom with pasta.,1. Prep the cremini mushrooms and gather the other ingredients. 2. Cook the pasta according to package directions. 3. Cook the cremini mushrooms with olive oil and pasta until fully cooked. 4. Toss everything together with the cooked pasta and serve hot.,1
Smoky Mushroom Pasta,entree,American,"['cremini mushrooms', 'olive oil', 'pasta', 'garlic', 'parmesan']",15,20,35,4,easy,True,A savory weeknight entree built around mushroom with pasta.,1. Prep the cremini mushrooms and gather the other ingredients. 2. Cook the pasta according to package directions. 3. Cook the cremini mushrooms with olive oil and pasta until fully cooked. 4. Toss everything together with the cooked pasta and serve hot.,2
Lemon Pepper Mushroom Pasta,entree,American,"['cremini mushrooms', 'olive oil', 'pasta', 'parsley', 'garlic', 'parmesan']",10,15,25,6,easy,True,A hearty and simple main dish built around mushroom with pasta.,1. Prep the cremini mushrooms and gather the other ingredients. 2. Cook the pasta according to package directions. 3. Cook the cremini mushrooms with olive oil and pasta until fully cooked. 4. Toss everything together with the cooked pasta and serve hot.,2
Roasted Mushroom Pasta,entree,American,"['cremini mushrooms', 'olive oil', 'pasta', 'garlic powder', 'butter', 'garlic', 'parmesan']",15,10,25,4,easy,True,A comfort-food style dinner built around mushroom with pasta.,1. Prep the cremini mushrooms and gather the other ingredients. 2. Cook the pasta according to package directions. 3. Cook the cremini mushrooms with olive oil and pasta until fully cooked. 4. Toss everything together with the cooked pasta and serve hot.,2
Homestyle Mushroom Pasta,entree,American,"['cremini mushrooms', 'olive oil', 'pasta', 'cabbage', 'garlic powder', 'paprika', 'garlic', 'parmesan']",12,10,22,6,easy,True,A savory weeknight entree built around mushroom with pasta.,1. Prep the cremini mushrooms and gather the other ingredients. 2. Cook the pasta according to package directions. 3. Cook the cremini mushrooms with olive oil and pasta until fully cooked. 4. Toss everything together with the cooked pasta and serve hot.,3
Herb Mushroom Tacos,entree,American,"['cremini mushrooms', 'olive oil', 'corn tortillas', 'eggplant', 'tomato', 'parsley', 'butter', 'lime', 'cilantro']",10,10,20,2,easy,True,A savory weeknight entree built around mushroom with tacos.,1. Prep the cremini mushrooms and gather the other ingredients. 2. Warm the tortillas or wraps. 3. Cook the cremini mushrooms with olive oil and corn tortillas until fully cooked. 4. Fill with the cooked ingredients and serve warm.,3
Garlic Mushroom Tacos,entree,American,"['cremini mushrooms', 'olive oil', 'corn tortillas', 'onion', 'bell pepper', 'zucchini', 'parsley', 'paprika', 'lime', 'cilantro']",12,18,30,6,easy,True,A savory weeknight entree built around mushroom with tacos.,1. Prep the cremini mushrooms and gather the other ingredients. 2. Warm the tortillas or wraps. 3. Cook the cremini mushrooms with olive oil and corn tortillas until fully cooked. 4. Fill with the cooked ingredients and serve warm.,3
Smoky Mushroom Tacos,entree,American,"['cremini mushrooms', 'olive oil', 'lime', 'cilantro']",20,10,30,4,easy,True,A hearty and simple main dish built around mushroom with tacos.,1. Prep the cremini mushrooms and gather the other ingredients. 2. Warm the tortillas or wraps. 3. Cook the cremini mushrooms with olive oil and lime until fully cooked. 4. Fill with the cooked ingredients and serve warm.,1
Lemon Pepper Mushroom Tacos,entree,American,"['cremini mushrooms', 'olive oil', 'parsley', 'lime', 'cilantro']",15,10,25,6,easy,True,A comfort-food style dinner built around mushroom with tacos.,1. Prep the cremini mushrooms and gather the other ingredients. 2. Warm the tortillas or wraps. 3. Cook the cremini mushrooms with olive oil and parsley until fully cooked. 4. Fill with the cooked ingredients and serve warm.,2
Roasted Mushroom Tacos,entree,American,"['cremini mushrooms', 'olive oil', 'garlic powder', 'thyme', 'lime', 'cilantro']",18,10,28,6,easy,True,A comfort-food style dinner built around mushroom with tacos.,1. Prep the cremini mushrooms and gather the other ingredients. 2. Warm the tortillas or wraps. 3. Cook the cremini mushrooms with olive oil and garlic powder until fully cooked. 4. Fill with the cooked ingredients and serve warm.,2
Homestyle Mushroom Tacos,entree,American,"['cremini mushrooms', 'olive oil', 'corn tortillas', 'paprika', 'butter', 'lime', 'cilantro']",20,10,30,6,easy,True,A savory weeknight entree built around mushroom with tacos.,1. Prep the cremini mushrooms and gather the other ingredients. 2. Warm the tortillas or wraps. 3. Cook the cremini mushrooms with olive oil and corn tortillas until fully cooked. 4. Fill with the cooked ingredients and serve warm.,2
Herb Mushroom Salad,entree,American,"['cremini mushrooms', 'olive oil', 'salt', 'black pepper', 'mixed greens', 'eggplant', 'tomato', 'butter']",12,10,22,4,easy,True,A hearty and simple main dish built around mushroom with salad.,1. Prep the cremini mushrooms and gather the other ingredients. 2. Prepare the fresh ingredients and dressing. 3. Cook the cremini mushrooms with olive oil and salt until fully cooked. 4. Toss everything together and serve.,3
Garlic Mushroom Salad,entree,American,"['cremini mushrooms', 'olive oil', 'butter']",10,15,25,2,easy,True,A savory weeknight entree built around mushroom with salad.,1. Prep the cremini mushrooms and gather the other ingredients. 2. Prepare the fresh ingredients and dressing. 3. Cook the cremini mushrooms with olive oil and butter until fully cooked. 4. Toss everything together and serve.,1
Smoky Mushroom Salad,entree,American,"['cremini mushrooms', 'olive oil', 'mixed greens', 'eggplant', 'garlic powder']",20,10,30,4,easy,True,A savory weeknight entree built around mushroom with salad.,1. Prep the cremini mushrooms and gather the other ingredients. 2. Prepare the fresh ingredients and dressing. 3. Cook the cremini mushrooms with olive oil and mixed greens until fully cooked. 4. Toss everything together and serve.,2
Lemon Pepper Mushroom Salad,entree,American,"['cremini mushrooms', 'olive oil', 'mixed greens', 'cauliflower', 'parsley', 'rosemary']",10,15,25,6,easy,True,A comfort-food style dinner built around mushroom with salad.,1. Prep the cremini mushrooms and gather the other ingredients. 2. Prepare the fresh ingredients and dressing. 3. Cook the cremini mushrooms with olive oil and mixed greens until fully cooked. 4. Toss everything together and serve.,2
Roasted Mushroom Salad,entree,American,"['cremini mushrooms', 'olive oil', 'mixed greens', 'eggplant', 'tomato', 'butter', 'thyme']",20,10,30,4,easy,True,A comfort-food style dinner built around mushroom with salad.,1. Prep the cremini mushrooms and gather the other ingredients. 2. Prepare the fresh ingredients and dressing. 3. Cook the cremini mushrooms with olive oil and mixed greens until fully cooked. 4. Toss everything together and serve.,2
Homestyle Mushroom Salad,entree,American,"['cremini mushrooms', 'olive oil', 'salt', 'black pepper', 'mixed greens', 'mushrooms', 'onion', 'rosemary', 'garlic powder']",18,10,28,6,easy,True,A hearty and simple main dish built around mushroom with salad.,1. Prep the cremini mushrooms and gather the other ingredients. 2. Prepare the fresh ingredients and dressing. 3. Cook the cremini mushrooms with olive oil and salt until fully cooked. 4. Toss everything together and serve.,3
Herb Mushroom Soup,entree,American,"['cremini mushrooms', 'olive oil', 'broth']",12,23,35,2,medium,True,A savory weeknight entree built around mushroom with soup.,"1. Prep the cremini mushrooms and gather the other ingredients. 2. Simmer the ingredients in a pot until tender. 3. Cook the cremini mushrooms with olive oil and broth until fully cooked. 4. Stir well, taste, and serve hot.",1
Garlic Mushroom Soup,entree,American,"['cremini mushrooms', 'olive oil', 'broth', 'garlic']",18,22,40,4,medium,True,A savory weeknight entree built around mushroom with soup.,"1. Prep the cremini mushrooms and gather the other ingredients. 2. Simmer the ingredients in a pot until tender. 3. Cook the cremini mushrooms with olive oil and broth until fully cooked. 4. Stir well, taste, and serve hot.",1
Smoky Mushroom Soup,entree,American,"['cremini mushrooms', 'olive oil', 'broth', 'rosemary', 'garlic']",15,30,45,6,medium,True,A comfort-food style dinner built around mushroom with soup.,"1. Prep the cremini mushrooms and gather the other ingredients. 2. Simmer the ingredients in a pot until tender. 3. Cook the cremini mushrooms with olive oil and broth until fully cooked. 4. Stir well, taste, and serve hot.",2
Lemon Pepper Mushroom Soup,entree,American,"['cremini mushrooms', 'olive oil', 'broth', 'parsley', 'butter', 'garlic']",12,33,45,4,medium,True,A hearty and simple main dish built around mushroom with soup.,"1. Prep the cremini mushrooms and gather the other ingredients. 2. Simmer the ingredients in a pot until tender. 3. Cook the cremini mushrooms with olive oil and broth until fully cooked. 4. Stir well, taste, and serve hot.",2
Roasted Mushroom Soup,entree,American,"['cremini mushrooms', 'olive oil', 'broth', 'cauliflower', 'rosemary', 'garlic powder', 'garlic']",10,35,45,6,medium,True,A hearty and simple main dish built around mushroom with soup.,"1. Prep the cremini mushrooms and gather the other ingredients. 2. Simmer the ingredients in a pot until tender. 3. Cook the cremini mushrooms with olive oil and broth until fully cooked. 4. Stir well, taste, and serve hot.",2
Homestyle Mushroom Soup,entree,American,"['cremini mushrooms', 'olive oil', 'broth', 'spinach', 'onion', 'parsley', 'butter', 'garlic']",10,35,45,2,medium,True,A savory weeknight entree built around mushroom with soup.,"1. Prep the cremini mushrooms and gather the other ingredients. 2. Simmer the ingredients in a pot until tender. 3. Cook the cremini mushrooms with olive oil and broth until fully cooked. 4. Stir well, taste, and serve hot.",3
Ginger Garlic Mushroom Soup,entree,Asian,"['cremini mushrooms', 'olive oil', 'broth', 'cauliflower', 'carrot', 'peas', 'sesame oil', 'honey', 'garlic']",20,10,30,4,medium,True,A quick Asian-inspired entree built around mushroom with soup.,"1. Prep the cremini mushrooms and gather the other ingredients. 2. Simmer the ingredients in a pot until tender. 3. Cook the cremini mushrooms with olive oil and broth until fully cooked. 4. Stir well, taste, and serve hot.",3
Sesame Mushroom Soup,entree,Asian,"['cremini mushrooms', 'olive oil', 'salt', 'black pepper', 'broth', 'kale', 'white beans', 'tomato', 'sesame oil', 'garlic']",18,12,30,4,medium,True,A savory umami-forward main dish built around mushroom with soup.,"1. Prep the cremini mushrooms and gather the other ingredients. 2. Simmer the ingredients in a pot until tender. 3. Cook the cremini mushrooms with olive oil and salt until fully cooked. 4. Stir well, taste, and serve hot.",3
Soy Glazed Mushroom Soup,entree,Asian,"['cremini mushrooms', 'olive oil', 'broth', 'garlic']",12,23,35,2,medium,True,A takeout-style dinner made at home built around mushroom with soup.,"1. Prep the cremini mushrooms and gather the other ingredients. 2. Simmer the ingredients in a pot until tender. 3. Cook the cremini mushrooms with olive oil and broth until fully cooked. 4. Stir well, taste, and serve hot.",1
Sweet Chili Mushroom Soup,entree,Asian,"['cremini mushrooms', 'olive oil', 'broth', 'broccoli', 'garlic']",15,20,35,6,medium,True,A quick Asian-inspired entree built around mushroom with soup.,"1. Prep the cremini mushrooms and gather the other ingredients. 2. Simmer the ingredients in a pot until tender. 3. Cook the cremini mushrooms with olive oil and broth until fully cooked. 4. Stir well, taste, and serve hot.",2
Teriyaki Mushroom Soup,entree,Asian,"['cremini mushrooms', 'olive oil', 'broth', 'onion', 'soy sauce', 'garlic']",18,22,40,4,medium,True,A savory umami-forward main dish built around mushroom with soup.,"1. Prep the cremini mushrooms and gather the other ingredients. 2. Simmer the ingredients in a pot until tender. 3. Cook the cremini mushrooms with olive oil and broth until fully cooked. 4. Stir well, taste, and serve hot.",2
Scallion Mushroom Soup,entree,Asian,"['cremini mushrooms', 'olive oil', 'broth', 'cabbage', 'carrot', 'ginger', 'garlic']",20,20,40,6,medium,True,A takeout-style dinner made at home built around mushroom with soup.,"1. Prep the cremini mushrooms and gather the other ingredients. 2. Simmer the ingredients in a pot until tender. 3. Cook the cremini mushrooms with olive oil and broth until fully cooked. 4. Stir well, taste, and serve hot.",2
Herb Mushroom Sheet Pan Dinner,entree,American,"['cremini mushrooms', 'olive oil', 'onion', 'bell pepper', 'sweet potato', 'black beans', 'garlic powder', 'butter']",20,25,45,6,easy,True,A hearty and simple main dish built around mushroom with sheet pan dinner.,1. Prep the cremini mushrooms and gather the other ingredients. 2. Heat a pan over medium heat. 3. Cook the cremini mushrooms with olive oil and onion until fully cooked. 4. Combine everything and serve hot.,3
Garlic Mushroom Sheet Pan Dinner,entree,American,"['cremini mushrooms', 'olive oil', 'rosemary']",10,30,40,4,easy,True,A savory weeknight entree built around mushroom with sheet pan dinner.,1. Prep the cremini mushrooms and gather the other ingredients. 2. Heat a pan over medium heat. 3. Cook the cremini mushrooms with olive oil and rosemary until fully cooked. 4. Combine everything and serve hot.,1
Smoky Mushroom Sheet Pan Dinner,entree,American,"['cremini mushrooms', 'olive oil', 'sweet potato', 'garlic powder', 'butter']",10,25,35,6,easy,True,A comfort-food style dinner built around mushroom with sheet pan dinner.,1. Prep the cremini mushrooms and gather the other ingredients. 2. Heat a pan over medium heat. 3. Cook the cremini mushrooms with olive oil and sweet potato until fully cooked. 4. Combine everything and serve hot.,2
Lemon Pepper Mushroom Sheet Pan Dinner,entree,American,"['cremini mushrooms', 'olive oil', 'onion', 'bell pepper', 'parsley', 'rosemary']",10,30,40,2,easy,True,A comfort-food style dinner built around mushroom with sheet pan dinner.,1. Prep the cremini mushrooms and gather the other ingredients. 2. Heat a pan over medium heat. 3. Cook the cremini mushrooms with olive oil and onion until fully cooked. 4. Combine everything and serve hot.,2
Roasted Mushroom Sheet Pan Dinner,entree,American,"['cremini mushrooms', 'olive oil', 'onion', 'bell pepper', 'cauliflower', 'thyme', 'garlic powder']",12,18,30,6,easy,True,A hearty and simple main dish built around mushroom with sheet pan dinner.,1. Prep the cremini mushrooms and gather the other ingredients. 2. Heat a pan over medium heat. 3. Cook the cremini mushrooms with olive oil and onion until fully cooked. 4. Combine everything and serve hot.,2
Homestyle Mushroom Sheet Pan Dinner,entree,American,"['cremini mushrooms', 'olive oil', 'salt', 'black pepper', 'onion', 'bell pepper', 'eggplant', 'tomato', 'paprika']",20,20,40,6,easy,True,A hearty and simple main dish built around mushroom with sheet pan dinner.,1. Prep the cremini mushrooms and gather the other ingredients. 2. Heat a pan over medium heat. 3. Cook the cremini mushrooms with olive oil and salt until fully cooked. 4. Combine everything and serve hot.,3
Herb Mushroom Skillet,entree,American,"['cremini mushrooms', 'olive oil', 'thyme']",18,10,28,2,easy,True,A savory weeknight entree built around mushroom with skillet.,1. Prep the cremini mushrooms and gather the other ingredients. 2. Heat a pan over medium heat. 3. Cook the cremini mushrooms with olive oil and thyme until fully cooked. 4. Combine everything and serve hot.,1
Garlic Mushroom Skillet,entree,American,"['cremini mushrooms', 'olive oil', 'garlic', 'butter']",10,15,25,4,easy,True,A hearty and simple main dish built around mushroom with skillet.,1. Prep the cremini mushrooms and gather the other ingredients. 2. Heat a pan over medium heat. 3. Cook the cremini mushrooms with olive oil and garlic until fully cooked. 4. Combine everything and serve hot.,1
Smoky Mushroom Skillet,entree,American,"['cremini mushrooms', 'olive oil', 'onion', 'garlic', 'rosemary']",20,10,30,4,easy,True,A savory weeknight entree built around mushroom with skillet.,1. Prep the cremini mushrooms and gather the other ingredients. 2. Heat a pan over medium heat. 3. Cook the cremini mushrooms with olive oil and onion until fully cooked. 4. Combine everything and serve hot.,2
Lemon Pepper Mushroom Skillet,entree,American,"['cremini mushrooms', 'olive oil', 'onion', 'garlic', 'parsley', 'garlic powder']",20,10,30,2,easy,True,A hearty and simple main dish built around mushroom with skillet.,1. Prep the cremini mushrooms and gather the other ingredients. 2. Heat a pan over medium heat. 3. Cook the cremini mushrooms with olive oil and onion until fully cooked. 4. Combine everything and serve hot.,2
Roasted Mushroom Skillet,entree,American,"['cremini mushrooms', 'olive oil', 'onion', 'garlic', 'eggplant', 'butter', 'parsley']",12,10,22,2,easy,True,A comfort-food style dinner built around mushroom with skillet.,1. Prep the cremini mushrooms and gather the other ingredients. 2. Heat a pan over medium heat. 3. Cook the cremini mushrooms with olive oil and onion until fully cooked. 4. Combine everything and serve hot.,2
Homestyle Mushroom Skillet,entree,American,"['cremini mushrooms', 'olive oil', 'onion', 'garlic', 'sweet potato', 'black beans', 'thyme', 'garlic powder']",10,25,35,4,easy,True,A savory weeknight entree built around mushroom with skillet.,1. Prep the cremini mushrooms and gather the other ingredients. 2. Heat a pan over medium heat. 3. Cook the cremini mushrooms with olive oil and onion until fully cooked. 4. Combine everything and serve hot.,3
Ginger Garlic Mushroom Skillet,entree,Asian,"['cremini mushrooms', 'olive oil', 'salt', 'black pepper', 'onion', 'garlic', 'mushrooms', 'peas', 'ginger']",18,10,28,2,easy,True,A takeout-style dinner made at home built around mushroom with skillet.,1. Prep the cremini mushrooms and gather the other ingredients. 2. Heat a pan over medium heat. 3. Cook the cremini mushrooms with olive oil and salt until fully cooked. 4. Combine everything and serve hot.,3
Sesame Mushroom Skillet,entree,Asian,"['cremini mushrooms', 'olive oil', 'salt', 'black pepper', 'onion', 'garlic', 'mushrooms', 'peas', 'ginger', 'soy sauce']",12,10,22,4,easy,True,A takeout-style dinner made at home built around mushroom with skillet.,1. Prep the cremini mushrooms and gather the other ingredients. 2. Heat a pan over medium heat. 3. Cook the cremini mushrooms with olive oil and salt until fully cooked. 4. Combine everything and serve hot.,3
Soy Glazed Mushroom Skillet,entree,Asian,"['cremini mushrooms', 'olive oil', 'onion', 'garlic']",15,20,35,2,easy,True,A savory umami-forward main dish built around mushroom with skillet.,1. Prep the cremini mushrooms and gather the other ingredients. 2. Heat a pan over medium heat. 3. Cook the cremini mushrooms with olive oil and onion until fully cooked. 4. Combine everything and serve hot.,1
Sweet Chili Mushroom Skillet,entree,Asian,"['cremini mushrooms', 'olive oil', 'onion', 'garlic', 'soy sauce']",15,20,35,4,easy,True,A quick Asian-inspired entree built around mushroom with skillet.,"1. Prep the cremini mushrooms and gather the other ingredients. 2. Simmer the ingredients in a pot until tender. 3. Cook the cremini mushrooms with olive oil and onion until fully cooked. 4. Stir well, taste, and serve hot.",2
Teriyaki Mushroom Skillet,entree,Asian,"['cremini mushrooms', 'olive oil', 'onion', 'garlic', 'cabbage', 'ginger']",10,25,35,6,easy,True,A savory umami-forward main dish built around mushroom with skillet.,1. Prep the cremini mushrooms and gather the other ingredients. 2. Heat a pan over medium heat. 3. Cook the cremini mushrooms with olive oil and onion until fully cooked. 4. Combine everything and serve hot.,2
Scallion Mushroom Skillet,entree,Asian,"['cremini mushrooms', 'olive oil', 'onion', 'garlic', 'broccoli', 'carrot', 'ginger']",12,18,30,2,easy,True,A quick Asian-inspired entree built around mushroom with skillet.,1. Prep the cremini mushrooms and gather the other ingredients. 2. Heat a pan over medium heat. 3. Cook the cremini mushrooms with olive oil and onion until fully cooked. 4. Combine everything and serve hot.,2
Tuscan Mushroom Skillet,entree,Italian,"['cremini mushrooms', 'olive oil', 'onion', 'garlic', 'kale', 'white beans', 'cream', 'oregano']",18,17,35,4,easy,True,A simple pasta-night style main dish built around mushroom with skillet.,1. Prep the cremini mushrooms and gather the other ingredients. 2. Heat a pan over medium heat. 3. Cook the cremini mushrooms with olive oil and onion until fully cooked. 4. Combine everything and serve hot.,3
Basil Tomato Mushroom Skillet,entree,Italian,"['cremini mushrooms', 'olive oil', 'oregano']",18,17,35,2,easy,True,A simple pasta-night style main dish built around mushroom with skillet.,1. Prep the cremini mushrooms and gather the other ingredients. 2. Heat a pan over medium heat. 3. Cook the cremini mushrooms with olive oil and oregano until fully cooked. 4. Combine everything and serve hot.,1
Garlic Parmesan Mushroom Skillet,entree,Italian,"['cremini mushrooms', 'olive oil', 'onion', 'garlic', 'basil']",20,10,30,4,easy,True,A simple pasta-night style main dish built around mushroom with skillet.,1. Prep the cremini mushrooms and gather the other ingredients. 2. Heat a pan over medium heat. 3. Cook the cremini mushrooms with olive oil and onion until fully cooked. 4. Combine everything and serve hot.,2
Rustic Mushroom Skillet,entree,Italian,"['cremini mushrooms', 'olive oil', 'onion', 'garlic', 'mushrooms', 'cream']",12,13,25,4,easy,True,A savory herb-rich dinner built around mushroom with skillet.,1. Prep the cremini mushrooms and gather the other ingredients. 2. Heat a pan over medium heat. 3. Cook the cremini mushrooms with olive oil and onion until fully cooked. 4. Combine everything and serve hot.,2
Creamy Herb Mushroom Skillet,entree,Italian,"['cremini mushrooms', 'olive oil', 'onion', 'garlic', 'corn', 'bell pepper', 'spinach']",18,10,28,2,easy,True,A Italian-inspired comfort entree built around mushroom with skillet.,1. Prep the cremini mushrooms and gather the other ingredients. 2. Heat a pan over medium heat. 3. Cook the cremini mushrooms with olive oil and onion until fully cooked. 4. Combine everything and serve hot.,2
Roasted Garlic Mushroom Skillet,entree,Italian,"['cremini mushrooms', 'olive oil', 'salt', 'black pepper', 'onion', 'garlic', 'sweet potato', 'black beans', 'oregano']",10,10,20,4,easy,True,A Italian-inspired comfort entree built around mushroom with skillet.,1. Prep the cremini mushrooms and gather the other ingredients. 2. Heat a pan over medium heat. 3. Cook the cremini mushrooms with olive oil and salt until fully cooked. 4. Combine everything and serve hot.,3
Ginger Garlic Mushroom Curry,entree,Asian,"['cremini mushrooms', 'olive oil', 'ginger']",18,27,45,2,medium,True,A savory umami-forward main dish built around mushroom with curry.,1. Prep the cremini mushrooms and gather the other ingredients. 2. Heat a pan over medium heat. 3. Cook the cremini mushrooms with olive oil and ginger until fully cooked. 4. Combine everything and serve hot.,1
Sesame Mushroom Curry,entree,Asian,"['cremini mushrooms', 'olive oil', 'coconut milk', 'ginger']",20,25,45,2,medium,True,A quick Asian-inspired entree built around mushroom with curry.,1. Prep the cremini mushrooms and gather the other ingredients. 2. Heat a pan over medium heat. 3. Cook the cremini mushrooms with olive oil and coconut milk until fully cooked. 4. Combine everything and serve hot.,1
Soy Glazed Mushroom Curry,entree,Asian,"['cremini mushrooms', 'olive oil', 'coconut milk', 'soy sauce', 'ginger']",12,28,40,4,medium,True,A savory umami-forward main dish built around mushroom with curry.,1. Prep the cremini mushrooms and gather the other ingredients. 2. Heat a pan over medium heat. 3. Cook the cremini mushrooms with olive oil and coconut milk until fully cooked. 4. Combine everything and serve hot.,2
Sweet Chili Mushroom Curry,entree,Asian,"['cremini mushrooms', 'olive oil', 'onion', 'garlic', 'coconut milk', 'ginger']",20,15,35,6,medium,True,A savory umami-forward main dish built around mushroom with curry.,"1. Prep the cremini mushrooms and gather the other ingredients. 2. Simmer the ingredients in a pot until tender. 3. Cook the cremini mushrooms with olive oil and onion until fully cooked. 4. Stir well, taste, and serve hot.",2
Teriyaki Mushroom Curry,entree,Asian,"['cremini mushrooms', 'olive oil', 'onion', 'garlic', 'coconut milk', 'mushrooms', 'ginger']",12,28,40,6,medium,True,A takeout-style dinner made at home built around mushroom with curry.,1. Prep the cremini mushrooms and gather the other ingredients. 2. Heat a pan over medium heat. 3. Cook the cremini mushrooms with olive oil and onion until fully cooked. 4. Combine everything and serve hot.,2
Scallion Mushroom Curry,entree,Asian,"['cremini mushrooms', 'olive oil', 'onion', 'garlic', 'coconut milk', 'bell pepper', 'zucchini', 'ginger']",15,15,30,6,medium,True,A takeout-style dinner made at home built around mushroom with curry.,1. Prep the cremini mushrooms and gather the other ingredients. 2. Heat a pan over medium heat. 3. Cook the cremini mushrooms with olive oil and onion until fully cooked. 4. Combine everything and serve hot.,3
Ginger Garlic Mushroom Stir-Fry,entree,Asian,"['cremini mushrooms', 'olive oil', 'bell pepper', 'onion', 'broccoli', 'carrot', 'snap peas', 'ginger', 'garlic']",18,12,30,6,easy,True,A savory umami-forward main dish built around mushroom with stir-fry.,1. Prep the cremini mushrooms and gather the other ingredients. 2. Heat a skillet or wok over medium-high heat. 3. Cook the cremini mushrooms with olive oil and bell pepper until fully cooked. 4. Stir-fry everything until cooked through and serve hot.,3
Sesame Mushroom Stir-Fry,entree,Asian,"['cremini mushrooms', 'olive oil', 'salt', 'black pepper', 'bell pepper', 'onion', 'sweet potato', 'black beans', 'ginger', 'garlic']",20,10,30,2,easy,True,A takeout-style dinner made at home built around mushroom with stir-fry.,1. Prep the cremini mushrooms and gather the other ingredients. 2. Heat a skillet or wok over medium-high heat. 3. Cook the cremini mushrooms with olive oil and salt until fully cooked. 4. Stir-fry everything until cooked through and serve hot.,3
Soy Glazed Mushroom Stir-Fry,entree,Asian,"['cremini mushrooms', 'olive oil', 'soy sauce', 'garlic']",18,10,28,6,easy,True,A savory umami-forward main dish built around mushroom with stir-fry.,1. Prep the cremini mushrooms and gather the other ingredients. 2. Heat a skillet or wok over medium-high heat. 3. Cook the cremini mushrooms with olive oil and soy sauce until fully cooked. 4. Stir-fry everything until cooked through and serve hot.,1
Sweet Chili Mushroom Stir-Fry,entree,Asian,"['cremini mushrooms', 'olive oil', 'onion', 'ginger', 'garlic']",15,10,25,4,easy,True,A quick Asian-inspired entree built around mushroom with stir-fry.,"1. Prep the cremini mushrooms and gather the other ingredients. 2. Simmer the ingredients in a pot until tender. 3. Cook the cremini mushrooms with olive oil and onion until fully cooked. 4. Stir well, taste, and serve hot.",2
Teriyaki Mushroom Stir-Fry,entree,Asian,"['cremini mushrooms', 'olive oil', 'bell pepper', 'onion', 'ginger', 'garlic']",18,10,28,6,easy,True,A savory umami-forward main dish built around mushroom with stir-fry.,1. Prep the cremini mushrooms and gather the other ingredients. 2. Heat a skillet or wok over medium-high heat. 3. Cook the cremini mushrooms with olive oil and bell pepper until fully cooked. 4. Stir-fry everything until cooked through and serve hot.,2
Scallion Mushroom Stir-Fry,entree,Asian,"['cremini mushrooms', 'olive oil', 'bell pepper', 'onion', 'broccoli', 'carrot', 'garlic']",18,10,28,2,easy,True,A savory umami-forward main dish built around mushroom with stir-fry.,1. Prep the cremini mushrooms and gather the other ingredients. 2. Heat a skillet or wok over medium-high heat. 3. Cook the cremini mushrooms with olive oil and bell pepper until fully cooked. 4. Stir-fry everything until cooked through and serve hot.,2
Herb Mushroom Wrap,entree,American,"['cremini mushrooms', 'olive oil', 'flour tortillas', 'onion', 'rosemary', 'garlic powder', 'lime', 'cilantro']",20,10,30,4,easy,True,A savory weeknight entree built around mushroom with wrap.,1. Prep the cremini mushrooms and gather the other ingredients. 2. Warm the tortillas or wraps. 3. Cook the cremini mushrooms with olive oil and flour tortillas until fully cooked. 4. Fill with the cooked ingredients and serve warm.,3
Garlic Mushroom Wrap,entree,American,"['cremini mushrooms', 'olive oil', 'cilantro']",20,10,30,6,easy,True,A comfort-food style dinner built around mushroom with wrap.,1. Prep the cremini mushrooms and gather the other ingredients. 2. Warm the tortillas or wraps. 3. Cook the cremini mushrooms with olive oil and cilantro until fully cooked. 4. Fill with the cooked ingredients and serve warm.,1
Smoky Mushroom Wrap,entree,American,"['cremini mushrooms', 'olive oil', 'butter', 'lime', 'cilantro']",20,10,30,6,easy,True,A comfort-food style dinner built around mushroom with wrap.,1. Prep the cremini mushrooms and gather the other ingredients. 2. Warm the tortillas or wraps. 3. Cook the cremini mushrooms with olive oil and butter until fully cooked. 4. Fill with the cooked ingredients and serve warm.,2
Lemon Pepper Mushroom Wrap,entree,American,"['cremini mushrooms', 'olive oil', 'garlic powder', 'paprika', 'lime', 'cilantro']",12,10,22,2,easy,True,A hearty and simple main dish built around mushroom with wrap.,1. Prep the cremini mushrooms and gather the other ingredients. 2. Warm the tortillas or wraps. 3. Cook the cremini mushrooms with olive oil and garlic powder until fully cooked. 4. Fill with the cooked ingredients and serve warm.,2
Roasted Mushroom Wrap,entree,American,"['cremini mushrooms', 'olive oil', 'sweet potato', 'rosemary', 'garlic powder', 'lime', 'cilantro']",15,10,25,6,easy,True,A savory weeknight entree built around mushroom with wrap.,1. Prep the cremini mushrooms and gather the other ingredients. 2. Warm the tortillas or wraps. 3. Cook the cremini mushrooms with olive oil and sweet potato until fully cooked. 4. Fill with the cooked ingredients and serve warm.,2
Homestyle Mushroom Wrap,entree,American,"['cremini mushrooms', 'olive oil', 'flour tortillas', 'cabbage', 'carrot', 'rosemary', 'paprika', 'lime', 'cilantro']",15,10,25,2,easy,True,A hearty and simple main dish built around mushroom with wrap.,1. Prep the cremini mushrooms and gather the other ingredients. 2. Warm the tortillas or wraps. 3. Cook the cremini mushrooms with olive oil and flour tortillas until fully cooked. 4. Fill with the cooked ingredients and serve warm.,3
Herb Mushroom Grain Bowl,entree,American,"['cremini mushrooms', 'olive oil', 'quinoa']",18,10,28,4,easy,True,A savory weeknight entree built around mushroom with grain bowl.,1. Prep the cremini mushrooms and gather the other ingredients. 2. Cook the rice or grain until tender. 3. Cook the cremini mushrooms with olive oil and quinoa until fully cooked. 4. Layer everything in a bowl and serve hot.,1
Garlic Mushroom Grain Bowl,entree,American,"['cremini mushrooms', 'olive oil', 'quinoa', 'garlic']",20,10,30,4,easy,True,A comfort-food style dinner built around mushroom with grain bowl.,1. Prep the cremini mushrooms and gather the other ingredients. 2. Cook the rice or grain until tender. 3. Cook the cremini mushrooms with olive oil and quinoa until fully cooked. 4. Layer everything in a bowl and serve hot.,1
Smoky Mushroom Grain Bowl,entree,American,"['cremini mushrooms', 'olive oil', 'quinoa', 'garlic powder', 'garlic']",10,10,20,4,easy,True,A comfort-food style dinner built around mushroom with grain bowl.,1. Prep the cremini mushrooms and gather the other ingredients. 2. Cook the rice or grain until tender. 3. Cook the cremini mushrooms with olive oil and quinoa until fully cooked. 4. Layer everything in a bowl and serve hot.,2
Lemon Pepper Mushroom Grain Bowl,entree,American,"['cremini mushrooms', 'olive oil', 'quinoa', 'rosemary', 'garlic powder', 'garlic']",10,10,20,2,easy,True,A savory weeknight entree built around mushroom with grain bowl.,1. Prep the cremini mushrooms and gather the other ingredients. 2. Cook the rice or grain until tender. 3. Cook the cremini mushrooms with olive oil and quinoa until fully cooked. 4. Layer everything in a bowl and serve hot.,2
Roasted Mushroom Grain Bowl,entree,American,"['cremini mushrooms', 'olive oil', 'quinoa', 'spinach', 'onion', 'butter', 'garlic']",12,23,35,4,easy,True,A savory weeknight entree built around mushroom with grain bowl.,1. Prep the cremini mushrooms and gather the other ingredients. 2. Cook the rice or grain until tender. 3. Cook the cremini mushrooms with olive oil and quinoa until fully cooked. 4. Layer everything in a bowl and serve hot.,2
Homestyle Mushroom Grain Bowl,entree,American,"['cremini mushrooms', 'olive oil', 'quinoa', 'cauliflower', 'carrot', 'thyme', 'paprika', 'garlic']",15,20,35,2,easy,True,A hearty and simple main dish built around mushroom with grain bowl.,1. Prep the cremini mushrooms and gather the other ingredients. 2. Cook the rice or grain until tender. 3. Cook the cremini mushrooms with olive oil and quinoa until fully cooked. 4. Layer everything in a bowl and serve hot.,3
Herb Mushroom Stew,entree,American,"['cremini mushrooms', 'olive oil', 'broth', 'carrot', 'celery', 'cauliflower', 'butter', 'rosemary', 'garlic']",10,40,50,2,medium,True,A comfort-food style dinner built around mushroom with stew.,"1. Prep the cremini mushrooms and gather the other ingredients. 2. Simmer the ingredients in a pot until tender. 3. Cook the cremini mushrooms with olive oil and broth until fully cooked. 4. Stir well, taste, and serve hot.",3
Garlic Mushroom Stew,entree,American,"['cremini mushrooms', 'olive oil', 'broth', 'carrot', 'celery', 'mushrooms', 'onion', 'rosemary', 'thyme', 'garlic']",20,30,50,6,medium,True,A savory weeknight entree built around mushroom with stew.,"1. Prep the cremini mushrooms and gather the other ingredients. 2. Simmer the ingredients in a pot until tender. 3. Cook the cremini mushrooms with olive oil and broth until fully cooked. 4. Stir well, taste, and serve hot.",3
Smoky Mushroom Stew,entree,American,"['cremini mushrooms', 'olive oil', 'broth', 'garlic']",10,30,40,2,medium,True,A comfort-food style dinner built around mushroom with stew.,"1. Prep the cremini mushrooms and gather the other ingredients. 2. Simmer the ingredients in a pot until tender. 3. Cook the cremini mushrooms with olive oil and broth until fully cooked. 4. Stir well, taste, and serve hot.",1
Lemon Pepper Mushroom Stew,entree,American,"['cremini mushrooms', 'olive oil', 'broth', 'paprika', 'garlic']",18,27,45,2,medium,True,A comfort-food style dinner built around mushroom with stew.,"1. Prep the cremini mushrooms and gather the other ingredients. 2. Simmer the ingredients in a pot until tender. 3. Cook the cremini mushrooms with olive oil and broth until fully cooked. 4. Stir well, taste, and serve hot.",2
Roasted Mushroom Stew,entree,American,"['cremini mushrooms', 'olive oil', 'broth', 'thyme', 'rosemary', 'garlic']",12,43,55,2,medium,True,A hearty and simple main dish built around mushroom with stew.,"1. Prep the cremini mushrooms and gather the other ingredients. 2. Simmer the ingredients in a pot until tender. 3. Cook the cremini mushrooms with olive oil and broth until fully cooked. 4. Stir well, taste, and serve hot.",2
Homestyle Mushroom Stew,entree,American,"['cremini mushrooms', 'olive oil', 'broth', 'onion', 'thyme', 'paprika', 'garlic']",18,32,50,4,medium,True,A hearty and simple main dish built around mushroom with stew.,"1. Prep the cremini mushrooms and gather the other ingredients. 2. Simmer the ingredients in a pot until tender. 3. Cook the cremini mushrooms with olive oil and broth until fully cooked. 4. Stir well, taste, and serve hot.",2
