title,category,cuisine,ingredients,prep_time_min,cook_time_min,total_time_min,serves,difficulty,vegetarian,summary,instructions,difficulty_rating
Quick Cabbage and Chicken Breast Plate,entree,American,"['chicken breast', 'rice', 'cabbage', 'butter', 'soy sauce']",9,22,31,4,medium,False,A straightforward american dish featuring chicken breast and cabbage.,1. Chop the cabbage and prep the chicken breast. 2. Cook the rice according to package directions. 3. Sauté the chicken breast and cabbage until fully cooked. 4. Combine all ingredients together and serve hot.,2
Simple Eggs Rice Bowl,entree,Mediterranean,"['eggs', 'rice', 'broccoli', 'cheese', 'olive oil']",10,14,24,2,easy,True,A straightforward mediterranean dish featuring eggs and broccoli.,1. Chop the broccoli and prep the eggs. 2. Cook the rice according to package directions. 3. Sauté the eggs and broccoli until fully cooked. 4. Combine all ingredients together and serve hot.,2
Simple Shrimp Potatoes Bowl,entree,American,"['shrimp', 'potatoes', 'onion', 'olive oil', 'butter']",6,21,27,4,easy,False,A straightforward american dish featuring shrimp and onion.,1. Chop the onion and prep the shrimp. 2. Cook the potatoes according to package directions. 3. Sauté the shrimp and onion until fully cooked. 4. Combine all ingredients together and serve hot.,2
Simple Salmon Noodles Bowl,entree,Mediterranean,"['salmon', 'noodles', 'mushrooms']",15,16,31,2,medium,False,A straightforward mediterranean dish featuring salmon and mushrooms.,1. Chop the mushrooms and prep the salmon. 2. Cook the noodles according to package directions. 3. Sauté the salmon and mushrooms until fully cooked. 4. Combine all ingredients together and serve hot.,3
Quick Carrots and Chickpeas Plate,entree,American,"['chickpeas', 'tortillas', 'carrots', 'garlic']",9,10,19,2,easy,True,A straightforward american dish featuring chickpeas and carrots.,1. Chop the carrots and prep the chickpeas. 2. Cook the tortillas according to package directions. 3. Sauté the chickpeas and carrots until fully cooked. 4. Combine all ingredients together and serve hot.,1
Simple Beef Strips Tortillas Bowl,entree,American,"['beef strips', 'tortillas', 'zucchini']",9,23,32,2,medium,False,A straightforward american dish featuring beef strips and zucchini.,1. Chop the zucchini and prep the beef strips. 2. Cook the tortillas according to package directions. 3. Sauté the beef strips and zucchini until fully cooked. 4. Combine all ingredients together and serve hot.,2
Simple Pork Chops Rice Bowl,entree,Asian,"['pork chops', 'rice', 'mushrooms']",7,18,25,2,easy,False,A straightforward asian dish featuring pork chops and mushrooms.,1. Chop the mushrooms and prep the pork chops. 2. Cook the rice according to package directions. 3. Sauté the pork chops and mushrooms until fully cooked. 4. Combine all ingredients together and serve hot.,2
Quick Spinach and Beef Strips Plate,entree,American,"['beef strips', 'tortillas', 'spinach']",10,24,34,2,medium,False,A straightforward american dish featuring beef strips and spinach.,1. Chop the spinach and prep the beef strips. 2. Cook the tortillas according to package directions. 3. Sauté the beef strips and spinach until fully cooked. 4. Combine all ingredients together and serve hot.,3
Chickpeas with Peas and Quinoa,entree,American,"['chickpeas', 'quinoa', 'peas', 'teriyaki sauce']",8,22,30,4,medium,True,A straightforward american dish featuring chickpeas and peas.,1. Chop the peas and prep the chickpeas. 2. Cook the quinoa according to package directions. 3. Sauté the chickpeas and peas until fully cooked. 4. Combine all ingredients together and serve hot.,3
Tofu with Cabbage and Potatoes,entree,Asian,"['tofu', 'potatoes', 'cabbage', 'hot sauce', 'garlic']",9,21,30,4,medium,True,A straightforward asian dish featuring tofu and cabbage.,1. Chop the cabbage and prep the tofu. 2. Cook the potatoes according to package directions. 3. Sauté the tofu and cabbage until fully cooked. 4. Combine all ingredients together and serve hot.,3
Quick Mushrooms and Beef Strips Plate,entree,American,"['beef strips', 'rice', 'mushrooms']",6,15,21,4,easy,False,A straightforward american dish featuring beef strips and mushrooms.,1. Chop the mushrooms and prep the beef strips. 2. Cook the rice according to package directions. 3. Sauté the beef strips and mushrooms until fully cooked. 4. Combine all ingredients together and serve hot.,2
Simple Lentils Quinoa Bowl,entree,American,"['lentils', 'quinoa', 'onion', 'ginger']",11,13,24,4,easy,True,A straightforward american dish featuring lentils and onion.,1. Chop the onion and prep the lentils. 2. Cook the quinoa according to package directions. 3. Sauté the lentils and onion until fully cooked. 4. Combine all ingredients together and serve hot.,2
Beef Strips with Cabbage and Sweet Potatoes,entree,American,"['beef strips', 'sweet potatoes', 'cabbage']",5,13,18,2,easy,False,A straightforward american dish featuring beef strips and cabbage.,1. Chop the cabbage and prep the beef strips. 2. Cook the sweet potatoes according to package directions. 3. Sauté the beef strips and cabbage until fully cooked. 4. Combine all ingredients together and serve hot.,1
Eggs with Zucchini and Bread,entree,Mexican,"['eggs', 'bread', 'zucchini', 'soy sauce', 'teriyaki sauce']",12,20,32,4,medium,True,A straightforward mexican dish featuring eggs and zucchini.,1. Chop the zucchini and prep the eggs. 2. Cook the bread according to package directions. 3. Sauté the eggs and zucchini until fully cooked. 4. Combine all ingredients together and serve hot.,2
Shrimp with Bell Pepper and Bread,entree,Mediterranean,"['shrimp', 'bread', 'bell pepper', 'butter']",11,10,21,4,easy,False,A straightforward mediterranean dish featuring shrimp and bell pepper.,1. Chop the bell pepper and prep the shrimp. 2. Cook the bread according to package directions. 3. Sauté the shrimp and bell pepper until fully cooked. 4. Combine all ingredients together and serve hot.,2
Simple Chicken Breast Quinoa Bowl,entree,Mexican,"['chicken breast', 'quinoa', 'zucchini', 'soy sauce', 'garlic']",13,21,34,4,medium,False,A straightforward mexican dish featuring chicken breast and zucchini.,1. Chop the zucchini and prep the chicken breast. 2. Cook the quinoa according to package directions. 3. Sauté the chicken breast and zucchini until fully cooked. 4. Combine all ingredients together and serve hot.,2
Quick Broccoli and Beef Strips Plate,entree,Asian,"['beef strips', 'bread', 'broccoli', 'teriyaki sauce', 'olive oil']",7,10,17,4,easy,False,A straightforward asian dish featuring beef strips and broccoli.,1. Chop the broccoli and prep the beef strips. 2. Cook the bread according to package directions. 3. Sauté the beef strips and broccoli until fully cooked. 4. Combine all ingredients together and serve hot.,1
Quick Cabbage and Shrimp Plate,entree,American,"['shrimp', 'pasta', 'cabbage', 'garlic']",6,11,17,2,easy,False,A straightforward american dish featuring shrimp and cabbage.,1. Chop the cabbage and prep the shrimp. 2. Cook the pasta according to package directions. 3. Sauté the shrimp and cabbage until fully cooked. 4. Combine all ingredients together and serve hot.,1
Simple Eggs Bread Bowl,entree,Italian,"['eggs', 'bread', 'broccoli', 'garlic', 'lemon juice']",9,22,31,2,medium,True,A straightforward italian dish featuring eggs and broccoli.,1. Chop the broccoli and prep the eggs. 2. Cook the bread according to package directions. 3. Sauté the eggs and broccoli until fully cooked. 4. Combine all ingredients together and serve hot.,2
Simple Beef Strips Sweet Potatoes Bowl,entree,American,"['beef strips', 'sweet potatoes', 'peas', 'cheese', 'garlic']",14,20,34,2,medium,False,A straightforward american dish featuring beef strips and peas.,1. Chop the peas and prep the beef strips. 2. Cook the sweet potatoes according to package directions. 3. Sauté the beef strips and peas until fully cooked. 4. Combine all ingredients together and serve hot.,3
Tofu with Tomatoes and Quinoa,entree,American,"['tofu', 'quinoa', 'tomatoes', 'hot sauce', 'olive oil']",10,12,22,4,easy,True,A straightforward american dish featuring tofu and tomatoes.,1. Chop the tomatoes and prep the tofu. 2. Cook the quinoa according to package directions. 3. Sauté the tofu and tomatoes until fully cooked. 4. Combine all ingredients together and serve hot.,2
Simple Salmon Rice Bowl,entree,Italian,"['salmon', 'rice', 'onion', 'garlic', 'soy sauce']",12,13,25,2,easy,False,A straightforward italian dish featuring salmon and onion.,1. Chop the onion and prep the salmon. 2. Cook the rice according to package directions. 3. Sauté the salmon and onion until fully cooked. 4. Combine all ingredients together and serve hot.,2
Quick Spinach and Beef Strips Plate,entree,Mediterranean,"['beef strips', 'potatoes', 'spinach', 'lemon juice', 'butter']",9,12,21,2,easy,False,A straightforward mediterranean dish featuring beef strips and spinach.,1. Chop the spinach and prep the beef strips. 2. Cook the potatoes according to package directions. 3. Sauté the beef strips and spinach until fully cooked. 4. Combine all ingredients together and serve hot.,2
Salmon with Broccoli and Bread,entree,Mexican,"['salmon', 'bread', 'broccoli', 'ginger', 'olive oil']",10,20,30,4,medium,False,A straightforward mexican dish featuring salmon and broccoli.,1. Chop the broccoli and prep the salmon. 2. Cook the bread according to package directions. 3. Sauté the salmon and broccoli until fully cooked. 4. Combine all ingredients together and serve hot.,2
Black Beans with Cabbage and Potatoes,entree,Mediterranean,"['black beans', 'potatoes', 'cabbage']",9,10,19,2,easy,True,A straightforward mediterranean dish featuring black beans and cabbage.,1. Chop the cabbage and prep the black beans. 2. Cook the potatoes according to package directions. 3. Sauté the black beans and cabbage until fully cooked. 4. Combine all ingredients together and serve hot.,1
Simple Chickpeas Noodles Bowl,entree,Mexican,"['chickpeas', 'noodles', 'broccoli', 'teriyaki sauce', 'garlic']",7,24,31,4,medium,True,A straightforward mexican dish featuring chickpeas and broccoli.,1. Chop the broccoli and prep the chickpeas. 2. Cook the noodles according to package directions. 3. Sauté the chickpeas and broccoli until fully cooked. 4. Combine all ingredients together and serve hot.,3
Quick Tomatoes and Chicken Breast Plate,entree,American,"['chicken breast', 'potatoes', 'tomatoes', 'soy sauce', 'hot sauce']",13,24,37,4,medium,False,A straightforward american dish featuring chicken breast and tomatoes.,1. Chop the tomatoes and prep the chicken breast. 2. Cook the potatoes according to package directions. 3. Sauté the chicken breast and tomatoes until fully cooked. 4. Combine all ingredients together and serve hot.,2
Quick Bell Pepper and Tofu Plate,entree,American,"['tofu', 'quinoa', 'bell pepper']",6,23,29,4,easy,True,A straightforward american dish featuring tofu and bell pepper.,1. Chop the bell pepper and prep the tofu. 2. Cook the quinoa according to package directions. 3. Sauté the tofu and bell pepper until fully cooked. 4. Combine all ingredients together and serve hot.,2
Shrimp with Carrots and Bread,entree,American,"['shrimp', 'bread', 'carrots', 'teriyaki sauce', 'cheese']",13,19,32,2,medium,False,A straightforward american dish featuring shrimp and carrots.,1. Chop the carrots and prep the shrimp. 2. Cook the bread according to package directions. 3. Sauté the shrimp and carrots until fully cooked. 4. Combine all ingredients together and serve hot.,2
Tofu with Tomatoes and Noodles,entree,Mediterranean,"['tofu', 'noodles', 'tomatoes', 'teriyaki sauce']",8,14,22,2,easy,True,A straightforward mediterranean dish featuring tofu and tomatoes.,1. Chop the tomatoes and prep the tofu. 2. Cook the noodles according to package directions. 3. Sauté the tofu and tomatoes until fully cooked. 4. Combine all ingredients together and serve hot.,2
Simple Shrimp Pasta Bowl,entree,Asian,"['shrimp', 'pasta', 'spinach']",15,23,38,2,medium,False,A straightforward asian dish featuring shrimp and spinach.,1. Chop the spinach and prep the shrimp. 2. Cook the pasta according to package directions. 3. Sauté the shrimp and spinach until fully cooked. 4. Combine all ingredients together and serve hot.,3
Quick Tomatoes and Tofu Plate,entree,American,"['tofu', 'noodles', 'tomatoes', 'teriyaki sauce']",6,21,27,4,easy,True,A straightforward american dish featuring tofu and tomatoes.,1. Chop the tomatoes and prep the tofu. 2. Cook the noodles according to package directions. 3. Sauté the tofu and tomatoes until fully cooked. 4. Combine all ingredients together and serve hot.,2
Quick Spinach and Eggs Plate,entree,Mexican,"['eggs', 'sweet potatoes', 'spinach', 'lemon juice']",12,20,32,2,medium,True,A straightforward mexican dish featuring eggs and spinach.,1. Chop the spinach and prep the eggs. 2. Cook the sweet potatoes according to package directions. 3. Sauté the eggs and spinach until fully cooked. 4. Combine all ingredients together and serve hot.,2
Quick Onion and Black Beans Plate,entree,Mexican,"['black beans', 'bread', 'onion', 'soy sauce']",5,22,27,2,easy,True,A straightforward mexican dish featuring black beans and onion.,1. Chop the onion and prep the black beans. 2. Cook the bread according to package directions. 3. Sauté the black beans and onion until fully cooked. 4. Combine all ingredients together and serve hot.,2
Simple Black Beans Pasta Bowl,entree,Italian,"['black beans', 'pasta', 'carrots', 'soy sauce']",10,13,23,2,easy,True,A straightforward italian dish featuring black beans and carrots.,1. Chop the carrots and prep the black beans. 2. Cook the pasta according to package directions. 3. Sauté the black beans and carrots until fully cooked. 4. Combine all ingredients together and serve hot.,2
Simple Salmon Tortillas Bowl,entree,Italian,"['salmon', 'tortillas', 'peas', 'garlic', 'teriyaki sauce']",5,22,27,4,easy,False,A straightforward italian dish featuring salmon and peas.,1. Chop the peas and prep the salmon. 2. Cook the tortillas according to package directions. 3. Sauté the salmon and peas until fully cooked. 4. Combine all ingredients together and serve hot.,2
Quick Cabbage and Beef Strips Plate,entree,Asian,"['beef strips', 'sweet potatoes', 'cabbage', 'olive oil', 'lemon juice']",11,15,26,4,easy,False,A straightforward asian dish featuring beef strips and cabbage.,1. Chop the cabbage and prep the beef strips. 2. Cook the sweet potatoes according to package directions. 3. Sauté the beef strips and cabbage until fully cooked. 4. Combine all ingredients together and serve hot.,2
Beef Strips with Cabbage and Potatoes,entree,Italian,"['beef strips', 'potatoes', 'cabbage', 'ginger']",7,12,19,4,easy,False,A straightforward italian dish featuring beef strips and cabbage.,1. Chop the cabbage and prep the beef strips. 2. Cook the potatoes according to package directions. 3. Sauté the beef strips and cabbage until fully cooked. 4. Combine all ingredients together and serve hot.,1
Lentils with Broccoli and Tortillas,entree,Mediterranean,"['lentils', 'tortillas', 'broccoli', 'butter', 'soy sauce']",9,21,30,4,medium,True,A straightforward mediterranean dish featuring lentils and broccoli.,1. Chop the broccoli and prep the lentils. 2. Cook the tortillas according to package directions. 3. Sauté the lentils and broccoli until fully cooked. 4. Combine all ingredients together and serve hot.,2
Quick Bell Pepper and Eggs Plate,entree,Mexican,"['eggs', 'potatoes', 'bell pepper', 'hot sauce', 'olive oil']",6,21,27,2,easy,True,A straightforward mexican dish featuring eggs and bell pepper.,1. Chop the bell pepper and prep the eggs. 2. Cook the potatoes according to package directions. 3. Sauté the eggs and bell pepper until fully cooked. 4. Combine all ingredients together and serve hot.,2
Quick Spinach and Chickpeas Plate,entree,Mediterranean,"['chickpeas', 'bread', 'spinach']",15,15,30,2,medium,True,A straightforward mediterranean dish featuring chickpeas and spinach.,1. Chop the spinach and prep the chickpeas. 2. Cook the bread according to package directions. 3. Sauté the chickpeas and spinach until fully cooked. 4. Combine all ingredients together and serve hot.,3
Quick Bell Pepper and Eggs Plate,entree,Asian,"['eggs', 'sweet potatoes', 'bell pepper', 'hot sauce', 'soy sauce']",10,11,21,2,easy,True,A straightforward asian dish featuring eggs and bell pepper.,1. Chop the bell pepper and prep the eggs. 2. Cook the sweet potatoes according to package directions. 3. Sauté the eggs and bell pepper until fully cooked. 4. Combine all ingredients together and serve hot.,2
Simple Eggs Rice Bowl,entree,Mexican,"['eggs', 'rice', 'tomatoes']",12,10,22,4,easy,True,A straightforward mexican dish featuring eggs and tomatoes.,1. Chop the tomatoes and prep the eggs. 2. Cook the rice according to package directions. 3. Sauté the eggs and tomatoes until fully cooked. 4. Combine all ingredients together and serve hot.,2
Simple Shrimp Tortillas Bowl,entree,American,"['shrimp', 'tortillas', 'onion']",5,24,29,4,easy,False,A straightforward american dish featuring shrimp and onion.,1. Chop the onion and prep the shrimp. 2. Cook the tortillas according to package directions. 3. Sauté the shrimp and onion until fully cooked. 4. Combine all ingredients together and serve hot.,2
Shrimp with Cabbage and Bread,entree,Mediterranean,"['shrimp', 'bread', 'cabbage']",6,19,25,2,easy,False,A straightforward mediterranean dish featuring shrimp and cabbage.,1. Chop the cabbage and prep the shrimp. 2. Cook the bread according to package directions. 3. Sauté the shrimp and cabbage until fully cooked. 4. Combine all ingredients together and serve hot.,2
Simple Black Beans Sweet Potatoes Bowl,entree,Mexican,"['black beans', 'sweet potatoes', 'cabbage', 'hot sauce']",11,11,22,2,easy,True,A straightforward mexican dish featuring black beans and cabbage.,1. Chop the cabbage and prep the black beans. 2. Cook the sweet potatoes according to package directions. 3. Sauté the black beans and cabbage until fully cooked. 4. Combine all ingredients together and serve hot.,2
Quick Zucchini and Tofu Plate,entree,Italian,"['tofu', 'rice', 'zucchini']",15,18,33,2,medium,True,A straightforward italian dish featuring tofu and zucchini.,1. Chop the zucchini and prep the tofu. 2. Cook the rice according to package directions. 3. Sauté the tofu and zucchini until fully cooked. 4. Combine all ingredients together and serve hot.,2
Quick Bell Pepper and Salmon Plate,entree,Mediterranean,"['salmon', 'rice', 'bell pepper', 'olive oil']",12,16,28,4,easy,False,A straightforward mediterranean dish featuring salmon and bell pepper.,1. Chop the bell pepper and prep the salmon. 2. Cook the rice according to package directions. 3. Sauté the salmon and bell pepper until fully cooked. 4. Combine all ingredients together and serve hot.,2
Salmon with Bell Pepper and Pasta,entree,Mediterranean,"['salmon', 'pasta', 'bell pepper', 'hot sauce']",8,20,28,2,easy,False,A straightforward mediterranean dish featuring salmon and bell pepper.,1. Chop the bell pepper and prep the salmon. 2. Cook the pasta according to package directions. 3. Sauté the salmon and bell pepper until fully cooked. 4. Combine all ingredients together and serve hot.,2
Tofu with Zucchini and Potatoes,entree,Mexican,"['tofu', 'potatoes', 'zucchini', 'lemon juice', 'soy sauce']",14,19,33,2,medium,True,A straightforward mexican dish featuring tofu and zucchini.,1. Chop the zucchini and prep the tofu. 2. Cook the potatoes according to package directions. 3. Sauté the tofu and zucchini until fully cooked. 4. Combine all ingredients together and serve hot.,2
Simple Pork Chops Quinoa Bowl,entree,Asian,"['pork chops', 'quinoa', 'tomatoes', 'hot sauce', 'cheese']",6,24,30,2,medium,False,A straightforward asian dish featuring pork chops and tomatoes.,1. Chop the tomatoes and prep the pork chops. 2. Cook the quinoa according to package directions. 3. Sauté the pork chops and tomatoes until fully cooked. 4. Combine all ingredients together and serve hot.,2
Quick Cabbage and Salmon Plate,entree,American,"['salmon', 'potatoes', 'cabbage', 'soy sauce', 'lemon juice']",10,13,23,2,easy,False,A straightforward american dish featuring salmon and cabbage.,1. Chop the cabbage and prep the salmon. 2. Cook the potatoes according to package directions. 3. Sauté the salmon and cabbage until fully cooked. 4. Combine all ingredients together and serve hot.,2
Simple Eggs Tortillas Bowl,entree,Mexican,"['eggs', 'tortillas', 'zucchini', 'butter', 'olive oil']",10,12,22,2,easy,True,A straightforward mexican dish featuring eggs and zucchini.,1. Chop the zucchini and prep the eggs. 2. Cook the tortillas according to package directions. 3. Sauté the eggs and zucchini until fully cooked. 4. Combine all ingredients together and serve hot.,2
Quick Onion and Beef Strips Plate,entree,Mexican,"['beef strips', 'potatoes', 'onion', 'soy sauce', 'cheese']",6,20,26,4,easy,False,A straightforward mexican dish featuring beef strips and onion.,1. Chop the onion and prep the beef strips. 2. Cook the potatoes according to package directions. 3. Sauté the beef strips and onion until fully cooked. 4. Combine all ingredients together and serve hot.,2
Quick Onion and Beef Strips Plate,entree,American,"['beef strips', 'sweet potatoes', 'onion', 'olive oil', 'hot sauce']",5,19,24,4,easy,False,A straightforward american dish featuring beef strips and onion.,1. Chop the onion and prep the beef strips. 2. Cook the sweet potatoes according to package directions. 3. Sauté the beef strips and onion until fully cooked. 4. Combine all ingredients together and serve hot.,2
Chicken Breast with Carrots and Bread,entree,Mediterranean,"['chicken breast', 'bread', 'carrots', 'hot sauce', 'olive oil']",10,18,28,4,easy,False,A straightforward mediterranean dish featuring chicken breast and carrots.,1. Chop the carrots and prep the chicken breast. 2. Cook the bread according to package directions. 3. Sauté the chicken breast and carrots until fully cooked. 4. Combine all ingredients together and serve hot.,2
Simple Eggs Bread Bowl,entree,Asian,"['eggs', 'bread', 'cabbage', 'olive oil']",12,25,37,2,medium,True,A straightforward asian dish featuring eggs and cabbage.,1. Chop the cabbage and prep the eggs. 2. Cook the bread according to package directions. 3. Sauté the eggs and cabbage until fully cooked. 4. Combine all ingredients together and serve hot.,3
Simple Shrimp Pasta Bowl,entree,Mexican,"['shrimp', 'pasta', 'cabbage', 'soy sauce']",14,24,38,2,medium,False,A straightforward mexican dish featuring shrimp and cabbage.,1. Chop the cabbage and prep the shrimp. 2. Cook the pasta according to package directions. 3. Sauté the shrimp and cabbage until fully cooked. 4. Combine all ingredients together and serve hot.,3
Quick Carrots and Chickpeas Plate,entree,Mediterranean,"['chickpeas', 'pasta', 'carrots', 'garlic', 'teriyaki sauce']",7,13,20,2,easy,True,A straightforward mediterranean dish featuring chickpeas and carrots.,1. Chop the carrots and prep the chickpeas. 2. Cook the pasta according to package directions. 3. Sauté the chickpeas and carrots until fully cooked. 4. Combine all ingredients together and serve hot.,2
Chickpeas with Broccoli and Rice,entree,Mexican,"['chickpeas', 'rice', 'broccoli']",7,10,17,2,easy,True,A straightforward mexican dish featuring chickpeas and broccoli.,1. Chop the broccoli and prep the chickpeas. 2. Cook the rice according to package directions. 3. Sauté the chickpeas and broccoli until fully cooked. 4. Combine all ingredients together and serve hot.,1
Chicken Breast with Zucchini and Rice,entree,Mexican,"['chicken breast', 'rice', 'zucchini', 'teriyaki sauce', 'butter']",5,12,17,4,easy,False,A straightforward mexican dish featuring chicken breast and zucchini.,1. Chop the zucchini and prep the chicken breast. 2. Cook the rice according to package directions. 3. Sauté the chicken breast and zucchini until fully cooked. 4. Combine all ingredients together and serve hot.,1
Simple Shrimp Pasta Bowl,entree,Mexican,"['shrimp', 'pasta', 'broccoli']",5,13,18,4,easy,False,A straightforward mexican dish featuring shrimp and broccoli.,1. Chop the broccoli and prep the shrimp. 2. Cook the pasta according to package directions. 3. Sauté the shrimp and broccoli until fully cooked. 4. Combine all ingredients together and serve hot.,1
Quick Mushrooms and Chicken Breast Plate,entree,Italian,"['chicken breast', 'bread', 'mushrooms', 'garlic', 'olive oil']",8,14,22,2,easy,False,A straightforward italian dish featuring chicken breast and mushrooms.,1. Chop the mushrooms and prep the chicken breast. 2. Cook the bread according to package directions. 3. Sauté the chicken breast and mushrooms until fully cooked. 4. Combine all ingredients together and serve hot.,2
Salmon with Bell Pepper and Tortillas,entree,Asian,"['salmon', 'tortillas', 'bell pepper', 'ginger']",9,22,31,4,medium,False,A straightforward asian dish featuring salmon and bell pepper.,1. Chop the bell pepper and prep the salmon. 2. Cook the tortillas according to package directions. 3. Sauté the salmon and bell pepper until fully cooked. 4. Combine all ingredients together and serve hot.,3
Quick Mushrooms and Beef Strips Plate,entree,Mediterranean,"['beef strips', 'pasta', 'mushrooms']",8,16,24,2,easy,False,A straightforward mediterranean dish featuring beef strips and mushrooms.,1. Chop the mushrooms and prep the beef strips. 2. Cook the pasta according to package directions. 3. Sauté the beef strips and mushrooms until fully cooked. 4. Combine all ingredients together and serve hot.,2
Quick Cabbage and Chicken Breast Plate,entree,Italian,"['chicken breast', 'rice', 'cabbage', 'olive oil']",10,11,21,2,easy,False,A straightforward italian dish featuring chicken breast and cabbage.,1. Chop the cabbage and prep the chicken breast. 2. Cook the rice according to package directions. 3. Sauté the chicken breast and cabbage until fully cooked. 4. Combine all ingredients together and serve hot.,2
Quick Cabbage and Beef Strips Plate,entree,Asian,"['beef strips', 'bread', 'cabbage', 'cheese']",5,18,23,2,easy,False,A straightforward asian dish featuring beef strips and cabbage.,1. Chop the cabbage and prep the beef strips. 2. Cook the bread according to package directions. 3. Sauté the beef strips and cabbage until fully cooked. 4. Combine all ingredients together and serve hot.,2
Quick Tomatoes and Shrimp Plate,entree,Italian,"['shrimp', 'rice', 'tomatoes', 'lemon juice', 'butter']",13,24,37,4,medium,False,A straightforward italian dish featuring shrimp and tomatoes.,1. Chop the tomatoes and prep the shrimp. 2. Cook the rice according to package directions. 3. Sauté the shrimp and tomatoes until fully cooked. 4. Combine all ingredients together and serve hot.,3
Simple Beef Strips Noodles Bowl,entree,American,"['beef strips', 'noodles', 'spinach', 'cheese', 'olive oil']",15,15,30,4,medium,False,A straightforward american dish featuring beef strips and spinach.,1. Chop the spinach and prep the beef strips. 2. Cook the noodles according to package directions. 3. Sauté the beef strips and spinach until fully cooked. 4. Combine all ingredients together and serve hot.,3
Tofu with Broccoli and Potatoes,entree,Italian,"['tofu', 'potatoes', 'broccoli']",10,15,25,2,easy,True,A straightforward italian dish featuring tofu and broccoli.,1. Chop the broccoli and prep the tofu. 2. Cook the potatoes according to package directions. 3. Sauté the tofu and broccoli until fully cooked. 4. Combine all ingredients together and serve hot.,2
Pork Chops with Broccoli and Sweet Potatoes,entree,American,"['pork chops', 'sweet potatoes', 'broccoli', 'hot sauce']",7,20,27,4,easy,False,A straightforward american dish featuring pork chops and broccoli.,1. Chop the broccoli and prep the pork chops. 2. Cook the sweet potatoes according to package directions. 3. Sauté the pork chops and broccoli until fully cooked. 4. Combine all ingredients together and serve hot.,2
Lentils with Tomatoes and Noodles,entree,Mexican,"['lentils', 'noodles', 'tomatoes', 'butter', 'ginger']",7,11,18,4,easy,True,A straightforward mexican dish featuring lentils and tomatoes.,1. Chop the tomatoes and prep the lentils. 2. Cook the noodles according to package directions. 3. Sauté the lentils and tomatoes until fully cooked. 4. Combine all ingredients together and serve hot.,1
Salmon with Mushrooms and Potatoes,entree,Italian,"['salmon', 'potatoes', 'mushrooms', 'soy sauce', 'butter']",15,17,32,4,medium,False,A straightforward italian dish featuring salmon and mushrooms.,1. Chop the mushrooms and prep the salmon. 2. Cook the potatoes according to package directions. 3. Sauté the salmon and mushrooms until fully cooked. 4. Combine all ingredients together and serve hot.,3
Pork Chops with Peas and Bread,entree,Mexican,"['pork chops', 'bread', 'peas']",13,11,24,2,easy,False,A straightforward mexican dish featuring pork chops and peas.,1. Chop the peas and prep the pork chops. 2. Cook the bread according to package directions. 3. Sauté the pork chops and peas until fully cooked. 4. Combine all ingredients together and serve hot.,2
Quick Mushrooms and Pork Chops Plate,entree,Italian,"['pork chops', 'noodles', 'mushrooms', 'hot sauce']",13,24,37,4,medium,False,A straightforward italian dish featuring pork chops and mushrooms.,1. Chop the mushrooms and prep the pork chops. 2. Cook the noodles according to package directions. 3. Sauté the pork chops and mushrooms until fully cooked. 4. Combine all ingredients together and serve hot.,3
Salmon with Mushrooms and Quinoa,entree,American,"['salmon', 'quinoa', 'mushrooms', 'olive oil', 'teriyaki sauce']",14,22,36,4,medium,False,A straightforward american dish featuring salmon and mushrooms.,1. Chop the mushrooms and prep the salmon. 2. Cook the quinoa according to package directions. 3. Sauté the salmon and mushrooms until fully cooked. 4. Combine all ingredients together and serve hot.,2
Simple Pork Chops Potatoes Bowl,entree,American,"['pork chops', 'potatoes', 'mushrooms', 'cheese']",9,10,19,4,easy,False,A straightforward american dish featuring pork chops and mushrooms.,1. Chop the mushrooms and prep the pork chops. 2. Cook the potatoes according to package directions. 3. Sauté the pork chops and mushrooms until fully cooked. 4. Combine all ingredients together and serve hot.,1
Quick Tomatoes and Lentils Plate,entree,Mediterranean,"['lentils', 'tortillas', 'tomatoes']",12,15,27,2,easy,True,A straightforward mediterranean dish featuring lentils and tomatoes.,1. Chop the tomatoes and prep the lentils. 2. Cook the tortillas according to package directions. 3. Sauté the lentils and tomatoes until fully cooked. 4. Combine all ingredients together and serve hot.,2
Quick Bell Pepper and Tofu Plate,entree,Mexican,"['tofu', 'pasta', 'bell pepper', 'soy sauce', 'garlic']",13,19,32,4,medium,True,A straightforward mexican dish featuring tofu and bell pepper.,1. Chop the bell pepper and prep the tofu. 2. Cook the pasta according to package directions. 3. Sauté the tofu and bell pepper until fully cooked. 4. Combine all ingredients together and serve hot.,2
Quick Onion and Eggs Plate,entree,Mexican,"['eggs', 'rice', 'onion', 'lemon juice', 'teriyaki sauce']",13,24,37,4,medium,True,A straightforward mexican dish featuring eggs and onion.,1. Chop the onion and prep the eggs. 2. Cook the rice according to package directions. 3. Sauté the eggs and onion until fully cooked. 4. Combine all ingredients together and serve hot.,2
Black Beans with Mushrooms and Quinoa,entree,Asian,"['black beans', 'quinoa', 'mushrooms', 'garlic']",13,14,27,2,easy,True,A straightforward asian dish featuring black beans and mushrooms.,1. Chop the mushrooms and prep the black beans. 2. Cook the quinoa according to package directions. 3. Sauté the black beans and mushrooms until fully cooked. 4. Combine all ingredients together and serve hot.,2
Quick Spinach and Eggs Plate,entree,Italian,"['eggs', 'bread', 'spinach']",8,23,31,4,medium,True,A straightforward italian dish featuring eggs and spinach.,1. Chop the spinach and prep the eggs. 2. Cook the bread according to package directions. 3. Sauté the eggs and spinach until fully cooked. 4. Combine all ingredients together and serve hot.,2
Quick Zucchini and Salmon Plate,entree,Mexican,"['salmon', 'bread', 'zucchini', 'hot sauce', 'cheese']",14,18,32,4,medium,False,A straightforward mexican dish featuring salmon and zucchini.,1. Chop the zucchini and prep the salmon. 2. Cook the bread according to package directions. 3. Sauté the salmon and zucchini until fully cooked. 4. Combine all ingredients together and serve hot.,3
Simple Salmon Noodles Bowl,entree,Asian,"['salmon', 'noodles', 'zucchini', 'butter']",12,16,28,2,easy,False,A straightforward asian dish featuring salmon and zucchini.,1. Chop the zucchini and prep the salmon. 2. Cook the noodles according to package directions. 3. Sauté the salmon and zucchini until fully cooked. 4. Combine all ingredients together and serve hot.,2
Quick Onion and Pork Chops Plate,entree,American,"['pork chops', 'pasta', 'onion']",11,19,30,2,medium,False,A straightforward american dish featuring pork chops and onion.,1. Chop the onion and prep the pork chops. 2. Cook the pasta according to package directions. 3. Sauté the pork chops and onion until fully cooked. 4. Combine all ingredients together and serve hot.,3
Simple Chicken Breast Rice Bowl,entree,Mediterranean,"['chicken breast', 'rice', 'peas', 'teriyaki sauce']",12,11,23,2,easy,False,A straightforward mediterranean dish featuring chicken breast and peas.,1. Chop the peas and prep the chicken breast. 2. Cook the rice according to package directions. 3. Sauté the chicken breast and peas until fully cooked. 4. Combine all ingredients together and serve hot.,2
Quick Cabbage and Pork Chops Plate,entree,American,"['pork chops', 'pasta', 'cabbage', 'ginger']",6,10,16,4,easy,False,A straightforward american dish featuring pork chops and cabbage.,1. Chop the cabbage and prep the pork chops. 2. Cook the pasta according to package directions. 3. Sauté the pork chops and cabbage until fully cooked. 4. Combine all ingredients together and serve hot.,1
Simple Pork Chops Rice Bowl,entree,American,"['pork chops', 'rice', 'onion', 'olive oil', 'garlic']",13,25,38,2,medium,False,A straightforward american dish featuring pork chops and onion.,1. Chop the onion and prep the pork chops. 2. Cook the rice according to package directions. 3. Sauté the pork chops and onion until fully cooked. 4. Combine all ingredients together and serve hot.,3
Pork Chops with Onion and Sweet Potatoes,entree,Mediterranean,"['pork chops', 'sweet potatoes', 'onion', 'lemon juice', 'soy sauce']",11,21,32,2,medium,False,A straightforward mediterranean dish featuring pork chops and onion.,1. Chop the onion and prep the pork chops. 2. Cook the sweet potatoes according to package directions. 3. Sauté the pork chops and onion until fully cooked. 4. Combine all ingredients together and serve hot.,2
Simple Black Beans Tortillas Bowl,entree,Mediterranean,"['black beans', 'tortillas', 'broccoli', 'garlic', 'cheese']",5,21,26,2,easy,True,A straightforward mediterranean dish featuring black beans and broccoli.,1. Chop the broccoli and prep the black beans. 2. Cook the tortillas according to package directions. 3. Sauté the black beans and broccoli until fully cooked. 4. Combine all ingredients together and serve hot.,2
Salmon with Tomatoes and Sweet Potatoes,entree,American,"['salmon', 'sweet potatoes', 'tomatoes']",11,21,32,4,medium,False,A straightforward american dish featuring salmon and tomatoes.,1. Chop the tomatoes and prep the salmon. 2. Cook the sweet potatoes according to package directions. 3. Sauté the salmon and tomatoes until fully cooked. 4. Combine all ingredients together and serve hot.,2
Tofu with Spinach and Pasta,entree,Italian,"['tofu', 'pasta', 'spinach', 'garlic', 'ginger']",13,25,38,4,medium,True,A straightforward italian dish featuring tofu and spinach.,1. Chop the spinach and prep the tofu. 2. Cook the pasta according to package directions. 3. Sauté the tofu and spinach until fully cooked. 4. Combine all ingredients together and serve hot.,2
Quick Tomatoes and Beef Strips Plate,entree,American,"['beef strips', 'bread', 'tomatoes', 'hot sauce', 'cheese']",12,21,33,4,medium,False,A straightforward american dish featuring beef strips and tomatoes.,1. Chop the tomatoes and prep the beef strips. 2. Cook the bread according to package directions. 3. Sauté the beef strips and tomatoes until fully cooked. 4. Combine all ingredients together and serve hot.,3
Chickpeas with Cabbage and Pasta,entree,Italian,"['chickpeas', 'pasta', 'cabbage', 'teriyaki sauce', 'butter']",8,11,19,4,easy,True,A straightforward italian dish featuring chickpeas and cabbage.,1. Chop the cabbage and prep the chickpeas. 2. Cook the pasta according to package directions. 3. Sauté the chickpeas and cabbage until fully cooked. 4. Combine all ingredients together and serve hot.,1
Simple Beef Strips Sweet Potatoes Bowl,entree,American,"['beef strips', 'sweet potatoes', 'cabbage', 'soy sauce']",9,22,31,4,medium,False,A straightforward american dish featuring beef strips and cabbage.,1. Chop the cabbage and prep the beef strips. 2. Cook the sweet potatoes according to package directions. 3. Sauté the beef strips and cabbage until fully cooked. 4. Combine all ingredients together and serve hot.,3
Simple Lentils Sweet Potatoes Bowl,entree,Mexican,"['lentils', 'sweet potatoes', 'broccoli']",7,12,19,4,easy,True,A straightforward mexican dish featuring lentils and broccoli.,1. Chop the broccoli and prep the lentils. 2. Cook the sweet potatoes according to package directions. 3. Sauté the lentils and broccoli until fully cooked. 4. Combine all ingredients together and serve hot.,1
Simple Chickpeas Sweet Potatoes Bowl,entree,Italian,"['chickpeas', 'sweet potatoes', 'broccoli']",7,14,21,2,easy,True,A straightforward italian dish featuring chickpeas and broccoli.,1. Chop the broccoli and prep the chickpeas. 2. Cook the sweet potatoes according to package directions. 3. Sauté the chickpeas and broccoli until fully cooked. 4. Combine all ingredients together and serve hot.,2
Quick Carrots and Eggs Plate,entree,Mexican,"['eggs', 'tortillas', 'carrots', 'ginger']",7,15,22,4,easy,True,A straightforward mexican dish featuring eggs and carrots.,1. Chop the carrots and prep the eggs. 2. Cook the tortillas according to package directions. 3. Sauté the eggs and carrots until fully cooked. 4. Combine all ingredients together and serve hot.,2
Quick Bell Pepper and Eggs Plate,entree,Italian,"['eggs', 'rice', 'bell pepper', 'olive oil']",8,16,24,2,easy,True,A straightforward italian dish featuring eggs and bell pepper.,1. Chop the bell pepper and prep the eggs. 2. Cook the rice according to package directions. 3. Sauté the eggs and bell pepper until fully cooked. 4. Combine all ingredients together and serve hot.,2
Pork Chops with Broccoli and Rice,entree,Italian,"['pork chops', 'rice', 'broccoli']",10,18,28,2,easy,False,A straightforward italian dish featuring pork chops and broccoli.,1. Chop the broccoli and prep the pork chops. 2. Cook the rice according to package directions. 3. Sauté the pork chops and broccoli until fully cooked. 4. Combine all ingredients together and serve hot.,2
Simple Tofu Quinoa Bowl,entree,Italian,"['tofu', 'quinoa', 'carrots']",9,13,22,2,easy,True,A straightforward italian dish featuring tofu and carrots.,1. Chop the carrots and prep the tofu. 2. Cook the quinoa according to package directions. 3. Sauté the tofu and carrots until fully cooked. 4. Combine all ingredients together and serve hot.,2
Tofu with Mushrooms and Bread,entree,Italian,"['tofu', 'bread', 'mushrooms']",12,10,22,2,easy,True,A straightforward italian dish featuring tofu and mushrooms.,1. Chop the mushrooms and prep the tofu. 2. Cook the bread according to package directions. 3. Sauté the tofu and mushrooms until fully cooked. 4. Combine all ingredients together and serve hot.,2
Quick Zucchini and Beef Strips Plate,entree,Asian,"['beef strips', 'noodles', 'zucchini']",7,15,22,4,easy,False,A straightforward asian dish featuring beef strips and zucchini.,1. Chop the zucchini and prep the beef strips. 2. Cook the noodles according to package directions. 3. Sauté the beef strips and zucchini until fully cooked. 4. Combine all ingredients together and serve hot.,2
Simple Chicken Breast Potatoes Bowl,entree,American,"['chicken breast', 'potatoes', 'cabbage', 'lemon juice']",5,15,20,4,easy,False,A straightforward american dish featuring chicken breast and cabbage.,1. Chop the cabbage and prep the chicken breast. 2. Cook the potatoes according to package directions. 3. Sauté the chicken breast and cabbage until fully cooked. 4. Combine all ingredients together and serve hot.,2
Quick Carrots and Shrimp Plate,entree,Italian,"['shrimp', 'quinoa', 'carrots']",11,22,33,4,medium,False,A straightforward italian dish featuring shrimp and carrots.,1. Chop the carrots and prep the shrimp. 2. Cook the quinoa according to package directions. 3. Sauté the shrimp and carrots until fully cooked. 4. Combine all ingredients together and serve hot.,3
Lentils with Cabbage and Bread,entree,American,"['lentils', 'bread', 'cabbage']",7,24,31,2,medium,True,A straightforward american dish featuring lentils and cabbage.,1. Chop the cabbage and prep the lentils. 2. Cook the bread according to package directions. 3. Sauté the lentils and cabbage until fully cooked. 4. Combine all ingredients together and serve hot.,3
Simple Eggs Potatoes Bowl,entree,Italian,"['eggs', 'potatoes', 'bell pepper', 'garlic']",7,13,20,2,easy,True,A straightforward italian dish featuring eggs and bell pepper.,1. Chop the bell pepper and prep the eggs. 2. Cook the potatoes according to package directions. 3. Sauté the eggs and bell pepper until fully cooked. 4. Combine all ingredients together and serve hot.,2
Tofu with Onion and Potatoes,entree,American,"['tofu', 'potatoes', 'onion', 'butter']",6,11,17,2,easy,True,A straightforward american dish featuring tofu and onion.,1. Chop the onion and prep the tofu. 2. Cook the potatoes according to package directions. 3. Sauté the tofu and onion until fully cooked. 4. Combine all ingredients together and serve hot.,1
Quick Broccoli and Eggs Plate,entree,Asian,"['eggs', 'tortillas', 'broccoli', 'hot sauce']",13,11,24,4,easy,True,A straightforward asian dish featuring eggs and broccoli.,1. Chop the broccoli and prep the eggs. 2. Cook the tortillas according to package directions. 3. Sauté the eggs and broccoli until fully cooked. 4. Combine all ingredients together and serve hot.,2
Eggs with Cabbage and Bread,entree,Italian,"['eggs', 'bread', 'cabbage']",7,11,18,2,easy,True,A straightforward italian dish featuring eggs and cabbage.,1. Chop the cabbage and prep the eggs. 2. Cook the bread according to package directions. 3. Sauté the eggs and cabbage until fully cooked. 4. Combine all ingredients together and serve hot.,1
Simple Shrimp Rice Bowl,entree,Mediterranean,"['shrimp', 'rice', 'zucchini']",15,16,31,2,medium,False,A straightforward mediterranean dish featuring shrimp and zucchini.,1. Chop the zucchini and prep the shrimp. 2. Cook the rice according to package directions. 3. Sauté the shrimp and zucchini until fully cooked. 4. Combine all ingredients together and serve hot.,2
Black Beans with Broccoli and Potatoes,entree,Italian,"['black beans', 'potatoes', 'broccoli', 'butter']",5,16,21,2,easy,True,A straightforward italian dish featuring black beans and broccoli.,1. Chop the broccoli and prep the black beans. 2. Cook the potatoes according to package directions. 3. Sauté the black beans and broccoli until fully cooked. 4. Combine all ingredients together and serve hot.,2
Lentils with Carrots and Potatoes,entree,Mexican,"['lentils', 'potatoes', 'carrots']",11,14,25,4,easy,True,A straightforward mexican dish featuring lentils and carrots.,1. Chop the carrots and prep the lentils. 2. Cook the potatoes according to package directions. 3. Sauté the lentils and carrots until fully cooked. 4. Combine all ingredients together and serve hot.,2
Quick Zucchini and Tofu Plate,entree,American,"['tofu', 'potatoes', 'zucchini']",7,22,29,4,easy,True,A straightforward american dish featuring tofu and zucchini.,1. Chop the zucchini and prep the tofu. 2. Cook the potatoes according to package directions. 3. Sauté the tofu and zucchini until fully cooked. 4. Combine all ingredients together and serve hot.,2
Quick Mushrooms and Tofu Plate,entree,Mexican,"['tofu', 'quinoa', 'mushrooms', 'soy sauce']",13,15,28,4,easy,True,A straightforward mexican dish featuring tofu and mushrooms.,1. Chop the mushrooms and prep the tofu. 2. Cook the quinoa according to package directions. 3. Sauté the tofu and mushrooms until fully cooked. 4. Combine all ingredients together and serve hot.,2
Quick Cabbage and Chickpeas Plate,entree,Italian,"['chickpeas', 'pasta', 'cabbage', 'teriyaki sauce', 'ginger']",10,13,23,2,easy,True,A straightforward italian dish featuring chickpeas and cabbage.,1. Chop the cabbage and prep the chickpeas. 2. Cook the pasta according to package directions. 3. Sauté the chickpeas and cabbage until fully cooked. 4. Combine all ingredients together and serve hot.,2
Quick Broccoli and Pork Chops Plate,entree,Italian,"['pork chops', 'bread', 'broccoli', 'butter', 'garlic']",5,13,18,4,easy,False,A straightforward italian dish featuring pork chops and broccoli.,1. Chop the broccoli and prep the pork chops. 2. Cook the bread according to package directions. 3. Sauté the pork chops and broccoli until fully cooked. 4. Combine all ingredients together and serve hot.,1
Shrimp with Tomatoes and Rice,entree,Mexican,"['shrimp', 'rice', 'tomatoes']",15,22,37,4,medium,False,A straightforward mexican dish featuring shrimp and tomatoes.,1. Chop the tomatoes and prep the shrimp. 2. Cook the rice according to package directions. 3. Sauté the shrimp and tomatoes until fully cooked. 4. Combine all ingredients together and serve hot.,3
Simple Shrimp Rice Bowl,entree,American,"['shrimp', 'rice', 'mushrooms']",7,17,24,4,easy,False,A straightforward american dish featuring shrimp and mushrooms.,1. Chop the mushrooms and prep the shrimp. 2. Cook the rice according to package directions. 3. Sauté the shrimp and mushrooms until fully cooked. 4. Combine all ingredients together and serve hot.,2
Simple Beef Strips Rice Bowl,entree,Italian,"['beef strips', 'rice', 'cabbage', 'lemon juice']",14,23,37,4,medium,False,A straightforward italian dish featuring beef strips and cabbage.,1. Chop the cabbage and prep the beef strips. 2. Cook the rice according to package directions. 3. Sauté the beef strips and cabbage until fully cooked. 4. Combine all ingredients together and serve hot.,3
Quick Onion and Chickpeas Plate,entree,Asian,"['chickpeas', 'sweet potatoes', 'onion']",10,21,31,4,medium,True,A straightforward asian dish featuring chickpeas and onion.,1. Chop the onion and prep the chickpeas. 2. Cook the sweet potatoes according to package directions. 3. Sauté the chickpeas and onion until fully cooked. 4. Combine all ingredients together and serve hot.,3
Shrimp with Tomatoes and Rice,entree,Mexican,"['shrimp', 'rice', 'tomatoes', 'hot sauce', 'teriyaki sauce']",9,21,30,4,medium,False,A straightforward mexican dish featuring shrimp and tomatoes.,1. Chop the tomatoes and prep the shrimp. 2. Cook the rice according to package directions. 3. Sauté the shrimp and tomatoes until fully cooked. 4. Combine all ingredients together and serve hot.,3
Simple Shrimp Bread Bowl,entree,Asian,"['shrimp', 'bread', 'bell pepper', 'cheese']",9,19,28,4,easy,False,A straightforward asian dish featuring shrimp and bell pepper.,1. Chop the bell pepper and prep the shrimp. 2. Cook the bread according to package directions. 3. Sauté the shrimp and bell pepper until fully cooked. 4. Combine all ingredients together and serve hot.,2
Simple Salmon Rice Bowl,entree,American,"['salmon', 'rice', 'zucchini', 'soy sauce']",10,10,20,2,easy,False,A straightforward american dish featuring salmon and zucchini.,1. Chop the zucchini and prep the salmon. 2. Cook the rice according to package directions. 3. Sauté the salmon and zucchini until fully cooked. 4. Combine all ingredients together and serve hot.,2
Beef Strips with Cabbage and Tortillas,entree,Italian,"['beef strips', 'tortillas', 'cabbage', 'ginger']",15,15,30,4,medium,False,A straightforward italian dish featuring beef strips and cabbage.,1. Chop the cabbage and prep the beef strips. 2. Cook the tortillas according to package directions. 3. Sauté the beef strips and cabbage until fully cooked. 4. Combine all ingredients together and serve hot.,2
Eggs with Carrots and Tortillas,entree,American,"['eggs', 'tortillas', 'carrots', 'olive oil', 'butter']",10,10,20,4,easy,True,A straightforward american dish featuring eggs and carrots.,1. Chop the carrots and prep the eggs. 2. Cook the tortillas according to package directions. 3. Sauté the eggs and carrots until fully cooked. 4. Combine all ingredients together and serve hot.,2
Lentils with Broccoli and Tortillas,entree,Mexican,"['lentils', 'tortillas', 'broccoli', 'soy sauce', 'ginger']",7,14,21,2,easy,True,A straightforward mexican dish featuring lentils and broccoli.,1. Chop the broccoli and prep the lentils. 2. Cook the tortillas according to package directions. 3. Sauté the lentils and broccoli until fully cooked. 4. Combine all ingredients together and serve hot.,2
Simple Chickpeas Tortillas Bowl,entree,Asian,"['chickpeas', 'tortillas', 'carrots', 'cheese']",8,16,24,4,easy,True,A straightforward asian dish featuring chickpeas and carrots.,1. Chop the carrots and prep the chickpeas. 2. Cook the tortillas according to package directions. 3. Sauté the chickpeas and carrots until fully cooked. 4. Combine all ingredients together and serve hot.,2
Simple Shrimp Sweet Potatoes Bowl,entree,Asian,"['shrimp', 'sweet potatoes', 'peas', 'lemon juice', 'cheese']",7,12,19,4,easy,False,A straightforward asian dish featuring shrimp and peas.,1. Chop the peas and prep the shrimp. 2. Cook the sweet potatoes according to package directions. 3. Sauté the shrimp and peas until fully cooked. 4. Combine all ingredients together and serve hot.,1
Lentils with Onion and Quinoa,entree,Asian,"['lentils', 'quinoa', 'onion']",14,14,28,4,easy,True,A straightforward asian dish featuring lentils and onion.,1. Chop the onion and prep the lentils. 2. Cook the quinoa according to package directions. 3. Sauté the lentils and onion until fully cooked. 4. Combine all ingredients together and serve hot.,2
Simple Pork Chops Bread Bowl,entree,Mediterranean,"['pork chops', 'bread', 'mushrooms', 'soy sauce']",8,14,22,2,easy,False,A straightforward mediterranean dish featuring pork chops and mushrooms.,1. Chop the mushrooms and prep the pork chops. 2. Cook the bread according to package directions. 3. Sauté the pork chops and mushrooms until fully cooked. 4. Combine all ingredients together and serve hot.,2
Simple Shrimp Tortillas Bowl,entree,Mexican,"['shrimp', 'tortillas', 'onion', 'garlic']",12,11,23,4,easy,False,A straightforward mexican dish featuring shrimp and onion.,1. Chop the onion and prep the shrimp. 2. Cook the tortillas according to package directions. 3. Sauté the shrimp and onion until fully cooked. 4. Combine all ingredients together and serve hot.,2
Quick Spinach and Shrimp Plate,entree,Asian,"['shrimp', 'tortillas', 'spinach', 'ginger']",12,12,24,4,easy,False,A straightforward asian dish featuring shrimp and spinach.,1. Chop the spinach and prep the shrimp. 2. Cook the tortillas according to package directions. 3. Sauté the shrimp and spinach until fully cooked. 4. Combine all ingredients together and serve hot.,2
Beef Strips with Broccoli and Quinoa,entree,American,"['beef strips', 'quinoa', 'broccoli', 'garlic', 'olive oil']",5,15,20,2,easy,False,A straightforward american dish featuring beef strips and broccoli.,1. Chop the broccoli and prep the beef strips. 2. Cook the quinoa according to package directions. 3. Sauté the beef strips and broccoli until fully cooked. 4. Combine all ingredients together and serve hot.,2
Simple Salmon Pasta Bowl,entree,Asian,"['salmon', 'pasta', 'spinach']",11,14,25,4,easy,False,A straightforward asian dish featuring salmon and spinach.,1. Chop the spinach and prep the salmon. 2. Cook the pasta according to package directions. 3. Sauté the salmon and spinach until fully cooked. 4. Combine all ingredients together and serve hot.,2
Simple Salmon Quinoa Bowl,entree,Asian,"['salmon', 'quinoa', 'broccoli', 'lemon juice', 'olive oil']",11,14,25,2,easy,False,A straightforward asian dish featuring salmon and broccoli.,1. Chop the broccoli and prep the salmon. 2. Cook the quinoa according to package directions. 3. Sauté the salmon and broccoli until fully cooked. 4. Combine all ingredients together and serve hot.,2
Quick Zucchini and Lentils Plate,entree,Mediterranean,"['lentils', 'tortillas', 'zucchini', 'cheese', 'ginger']",11,20,31,4,medium,True,A straightforward mediterranean dish featuring lentils and zucchini.,1. Chop the zucchini and prep the lentils. 2. Cook the tortillas according to package directions. 3. Sauté the lentils and zucchini until fully cooked. 4. Combine all ingredients together and serve hot.,2
Simple Lentils Quinoa Bowl,entree,Asian,"['lentils', 'quinoa', 'peas']",8,13,21,2,easy,True,A straightforward asian dish featuring lentils and peas.,1. Chop the peas and prep the lentils. 2. Cook the quinoa according to package directions. 3. Sauté the lentils and peas until fully cooked. 4. Combine all ingredients together and serve hot.,2
Quick Cabbage and Tofu Plate,entree,Italian,"['tofu', 'potatoes', 'cabbage', 'cheese', 'ginger']",6,10,16,4,easy,True,A straightforward italian dish featuring tofu and cabbage.,1. Chop the cabbage and prep the tofu. 2. Cook the potatoes according to package directions. 3. Sauté the tofu and cabbage until fully cooked. 4. Combine all ingredients together and serve hot.,1
Simple Pork Chops Tortillas Bowl,entree,American,"['pork chops', 'tortillas', 'tomatoes']",8,17,25,4,easy,False,A straightforward american dish featuring pork chops and tomatoes.,1. Chop the tomatoes and prep the pork chops. 2. Cook the tortillas according to package directions. 3. Sauté the pork chops and tomatoes until fully cooked. 4. Combine all ingredients together and serve hot.,2
Simple Beef Strips Potatoes Bowl,entree,Mediterranean,"['beef strips', 'potatoes', 'onion']",14,11,25,4,easy,False,A straightforward mediterranean dish featuring beef strips and onion.,1. Chop the onion and prep the beef strips. 2. Cook the potatoes according to package directions. 3. Sauté the beef strips and onion until fully cooked. 4. Combine all ingredients together and serve hot.,2
Simple Shrimp Rice Bowl,entree,Mexican,"['shrimp', 'rice', 'tomatoes', 'garlic']",8,21,29,4,easy,False,A straightforward mexican dish featuring shrimp and tomatoes.,1. Chop the tomatoes and prep the shrimp. 2. Cook the rice according to package directions. 3. Sauté the shrimp and tomatoes until fully cooked. 4. Combine all ingredients together and serve hot.,2
Quick Mushrooms and Chickpeas Plate,entree,Mediterranean,"['chickpeas', 'potatoes', 'mushrooms', 'cheese']",7,10,17,4,easy,True,A straightforward mediterranean dish featuring chickpeas and mushrooms.,1. Chop the mushrooms and prep the chickpeas. 2. Cook the potatoes according to package directions. 3. Sauté the chickpeas and mushrooms until fully cooked. 4. Combine all ingredients together and serve hot.,1
Simple Chickpeas Noodles Bowl,entree,Italian,"['chickpeas', 'noodles', 'cabbage']",8,16,24,4,easy,True,A straightforward italian dish featuring chickpeas and cabbage.,1. Chop the cabbage and prep the chickpeas. 2. Cook the noodles according to package directions. 3. Sauté the chickpeas and cabbage until fully cooked. 4. Combine all ingredients together and serve hot.,2
Quick Zucchini and Chicken Breast Plate,entree,American,"['chicken breast', 'sweet potatoes', 'zucchini', 'garlic', 'soy sauce']",15,21,36,4,medium,False,A straightforward american dish featuring chicken breast and zucchini.,1. Chop the zucchini and prep the chicken breast. 2. Cook the sweet potatoes according to package directions. 3. Sauté the chicken breast and zucchini until fully cooked. 4. Combine all ingredients together and serve hot.,2
Quick Cabbage and Pork Chops Plate,entree,Mexican,"['pork chops', 'pasta', 'cabbage', 'soy sauce']",9,10,19,2,easy,False,A straightforward mexican dish featuring pork chops and cabbage.,1. Chop the cabbage and prep the pork chops. 2. Cook the pasta according to package directions. 3. Sauté the pork chops and cabbage until fully cooked. 4. Combine all ingredients together and serve hot.,1
Simple Lentils Quinoa Bowl,entree,American,"['lentils', 'quinoa', 'peas', 'ginger']",15,10,25,4,easy,True,A straightforward american dish featuring lentils and peas.,1. Chop the peas and prep the lentils. 2. Cook the quinoa according to package directions. 3. Sauté the lentils and peas until fully cooked. 4. Combine all ingredients together and serve hot.,2
Pork Chops with Peas and Pasta,entree,Mexican,"['pork chops', 'pasta', 'peas', 'hot sauce', 'soy sauce']",14,20,34,2,medium,False,A straightforward mexican dish featuring pork chops and peas.,1. Chop the peas and prep the pork chops. 2. Cook the pasta according to package directions. 3. Sauté the pork chops and peas until fully cooked. 4. Combine all ingredients together and serve hot.,3
Quick Zucchini and Chickpeas Plate,entree,Asian,"['chickpeas', 'tortillas', 'zucchini', 'lemon juice', 'butter']",14,16,30,4,medium,True,A straightforward asian dish featuring chickpeas and zucchini.,1. Chop the zucchini and prep the chickpeas. 2. Cook the tortillas according to package directions. 3. Sauté the chickpeas and zucchini until fully cooked. 4. Combine all ingredients together and serve hot.,3
Pork Chops with Peas and Tortillas,entree,Mediterranean,"['pork chops', 'tortillas', 'peas']",8,10,18,4,easy,False,A straightforward mediterranean dish featuring pork chops and peas.,1. Chop the peas and prep the pork chops. 2. Cook the tortillas according to package directions. 3. Sauté the pork chops and peas until fully cooked. 4. Combine all ingredients together and serve hot.,1
Quick Peas and Chickpeas Plate,entree,American,"['chickpeas', 'bread', 'peas', 'cheese']",11,11,22,2,easy,True,A straightforward american dish featuring chickpeas and peas.,1. Chop the peas and prep the chickpeas. 2. Cook the bread according to package directions. 3. Sauté the chickpeas and peas until fully cooked. 4. Combine all ingredients together and serve hot.,2
Quick Spinach and Shrimp Plate,entree,Asian,"['shrimp', 'quinoa', 'spinach', 'garlic']",9,24,33,2,medium,False,A straightforward asian dish featuring shrimp and spinach.,1. Chop the spinach and prep the shrimp. 2. Cook the quinoa according to package directions. 3. Sauté the shrimp and spinach until fully cooked. 4. Combine all ingredients together and serve hot.,3
Simple Pork Chops Bread Bowl,entree,Asian,"['pork chops', 'bread', 'cabbage', 'butter']",5,11,16,2,easy,False,A straightforward asian dish featuring pork chops and cabbage.,1. Chop the cabbage and prep the pork chops. 2. Cook the bread according to package directions. 3. Sauté the pork chops and cabbage until fully cooked. 4. Combine all ingredients together and serve hot.,1
Quick Zucchini and Beef Strips Plate,entree,Asian,"['beef strips', 'sweet potatoes', 'zucchini']",13,11,24,2,easy,False,A straightforward asian dish featuring beef strips and zucchini.,1. Chop the zucchini and prep the beef strips. 2. Cook the sweet potatoes according to package directions. 3. Sauté the beef strips and zucchini until fully cooked. 4. Combine all ingredients together and serve hot.,2
Pork Chops with Spinach and Bread,entree,Italian,"['pork chops', 'bread', 'spinach']",7,16,23,2,easy,False,A straightforward italian dish featuring pork chops and spinach.,1. Chop the spinach and prep the pork chops. 2. Cook the bread according to package directions. 3. Sauté the pork chops and spinach until fully cooked. 4. Combine all ingredients together and serve hot.,2
Simple Tofu Sweet Potatoes Bowl,entree,Italian,"['tofu', 'sweet potatoes', 'spinach', 'olive oil']",10,21,31,2,medium,True,A straightforward italian dish featuring tofu and spinach.,1. Chop the spinach and prep the tofu. 2. Cook the sweet potatoes according to package directions. 3. Sauté the tofu and spinach until fully cooked. 4. Combine all ingredients together and serve hot.,2
Eggs with Spinach and Quinoa,entree,American,"['eggs', 'quinoa', 'spinach', 'soy sauce', 'garlic']",9,10,19,4,easy,True,A straightforward american dish featuring eggs and spinach.,1. Chop the spinach and prep the eggs. 2. Cook the quinoa according to package directions. 3. Sauté the eggs and spinach until fully cooked. 4. Combine all ingredients together and serve hot.,1
Eggs with Carrots and Quinoa,entree,Asian,"['eggs', 'quinoa', 'carrots', 'soy sauce', 'cheese']",15,21,36,4,medium,True,A straightforward asian dish featuring eggs and carrots.,1. Chop the carrots and prep the eggs. 2. Cook the quinoa according to package directions. 3. Sauté the eggs and carrots until fully cooked. 4. Combine all ingredients together and serve hot.,3
Simple Tofu Rice Bowl,entree,Mexican,"['tofu', 'rice', 'broccoli', 'soy sauce']",6,11,17,2,easy,True,A straightforward mexican dish featuring tofu and broccoli.,1. Chop the broccoli and prep the tofu. 2. Cook the rice according to package directions. 3. Sauté the tofu and broccoli until fully cooked. 4. Combine all ingredients together and serve hot.,1
Quick Carrots and Black Beans Plate,entree,Asian,"['black beans', 'pasta', 'carrots', 'cheese', 'butter']",11,22,33,2,medium,True,A straightforward asian dish featuring black beans and carrots.,1. Chop the carrots and prep the black beans. 2. Cook the pasta according to package directions. 3. Sauté the black beans and carrots until fully cooked. 4. Combine all ingredients together and serve hot.,2
Quick Mushrooms and Tofu Plate,entree,American,"['tofu', 'potatoes', 'mushrooms']",9,10,19,2,easy,True,A straightforward american dish featuring tofu and mushrooms.,1. Chop the mushrooms and prep the tofu. 2. Cook the potatoes according to package directions. 3. Sauté the tofu and mushrooms until fully cooked. 4. Combine all ingredients together and serve hot.,1
Black Beans with Broccoli and Bread,entree,Mexican,"['black beans', 'bread', 'broccoli']",5,11,16,2,easy,True,A straightforward mexican dish featuring black beans and broccoli.,1. Chop the broccoli and prep the black beans. 2. Cook the bread according to package directions. 3. Sauté the black beans and broccoli until fully cooked. 4. Combine all ingredients together and serve hot.,1
Quick Spinach and Pork Chops Plate,entree,Italian,"['pork chops', 'tortillas', 'spinach', 'teriyaki sauce']",9,12,21,4,easy,False,A straightforward italian dish featuring pork chops and spinach.,1. Chop the spinach and prep the pork chops. 2. Cook the tortillas according to package directions. 3. Sauté the pork chops and spinach until fully cooked. 4. Combine all ingredients together and serve hot.,2
Lentils with Zucchini and Potatoes,entree,Mediterranean,"['lentils', 'potatoes', 'zucchini', 'teriyaki sauce', 'ginger']",8,20,28,4,easy,True,A straightforward mediterranean dish featuring lentils and zucchini.,1. Chop the zucchini and prep the lentils. 2. Cook the potatoes according to package directions. 3. Sauté the lentils and zucchini until fully cooked. 4. Combine all ingredients together and serve hot.,2
Simple Black Beans Bread Bowl,entree,Italian,"['black beans', 'bread', 'mushrooms']",6,17,23,2,easy,True,A straightforward italian dish featuring black beans and mushrooms.,1. Chop the mushrooms and prep the black beans. 2. Cook the bread according to package directions. 3. Sauté the black beans and mushrooms until fully cooked. 4. Combine all ingredients together and serve hot.,2
Simple Salmon Bread Bowl,entree,Mediterranean,"['salmon', 'bread', 'mushrooms', 'cheese']",9,25,34,2,medium,False,A straightforward mediterranean dish featuring salmon and mushrooms.,1. Chop the mushrooms and prep the salmon. 2. Cook the bread according to package directions. 3. Sauté the salmon and mushrooms until fully cooked. 4. Combine all ingredients together and serve hot.,3
Tofu with Onion and Tortillas,entree,Mediterranean,"['tofu', 'tortillas', 'onion']",11,20,31,2,medium,True,A straightforward mediterranean dish featuring tofu and onion.,1. Chop the onion and prep the tofu. 2. Cook the tortillas according to package directions. 3. Sauté the tofu and onion until fully cooked. 4. Combine all ingredients together and serve hot.,2
Simple Lentils Potatoes Bowl,entree,Italian,"['lentils', 'potatoes', 'cabbage', 'olive oil']",13,15,28,4,easy,True,A straightforward italian dish featuring lentils and cabbage.,1. Chop the cabbage and prep the lentils. 2. Cook the potatoes according to package directions. 3. Sauté the lentils and cabbage until fully cooked. 4. Combine all ingredients together and serve hot.,2
Quick Carrots and Salmon Plate,entree,Italian,"['salmon', 'tortillas', 'carrots', 'teriyaki sauce']",9,25,34,4,medium,False,A straightforward italian dish featuring salmon and carrots.,1. Chop the carrots and prep the salmon. 2. Cook the tortillas according to package directions. 3. Sauté the salmon and carrots until fully cooked. 4. Combine all ingredients together and serve hot.,3
Quick Mushrooms and Eggs Plate,entree,Italian,"['eggs', 'quinoa', 'mushrooms', 'butter', 'hot sauce']",13,24,37,4,medium,True,A straightforward italian dish featuring eggs and mushrooms.,1. Chop the mushrooms and prep the eggs. 2. Cook the quinoa according to package directions. 3. Sauté the eggs and mushrooms until fully cooked. 4. Combine all ingredients together and serve hot.,3
Quick Mushrooms and Salmon Plate,entree,Italian,"['salmon', 'rice', 'mushrooms', 'soy sauce', 'olive oil']",5,17,22,2,easy,False,A straightforward italian dish featuring salmon and mushrooms.,1. Chop the mushrooms and prep the salmon. 2. Cook the rice according to package directions. 3. Sauté the salmon and mushrooms until fully cooked. 4. Combine all ingredients together and serve hot.,2
Tofu with Peas and Quinoa,entree,Italian,"['tofu', 'quinoa', 'peas']",9,23,32,4,medium,True,A straightforward italian dish featuring tofu and peas.,1. Chop the peas and prep the tofu. 2. Cook the quinoa according to package directions. 3. Sauté the tofu and peas until fully cooked. 4. Combine all ingredients together and serve hot.,2
Simple Shrimp Tortillas Bowl,entree,Mediterranean,"['shrimp', 'tortillas', 'bell pepper']",10,18,28,2,easy,False,A straightforward mediterranean dish featuring shrimp and bell pepper.,1. Chop the bell pepper and prep the shrimp. 2. Cook the tortillas according to package directions. 3. Sauté the shrimp and bell pepper until fully cooked. 4. Combine all ingredients together and serve hot.,2
Beef Strips with Carrots and Noodles,entree,Mexican,"['beef strips', 'noodles', 'carrots', 'olive oil']",12,11,23,2,easy,False,A straightforward mexican dish featuring beef strips and carrots.,1. Chop the carrots and prep the beef strips. 2. Cook the noodles according to package directions. 3. Sauté the beef strips and carrots until fully cooked. 4. Combine all ingredients together and serve hot.,2
Simple Tofu Bread Bowl,entree,Mexican,"['tofu', 'bread', 'mushrooms', 'teriyaki sauce', 'olive oil']",9,12,21,2,easy,True,A straightforward mexican dish featuring tofu and mushrooms.,1. Chop the mushrooms and prep the tofu. 2. Cook the bread according to package directions. 3. Sauté the tofu and mushrooms until fully cooked. 4. Combine all ingredients together and serve hot.,2
Simple Tofu Rice Bowl,entree,Mexican,"['tofu', 'rice', 'spinach', 'butter']",14,16,30,4,medium,True,A straightforward mexican dish featuring tofu and spinach.,1. Chop the spinach and prep the tofu. 2. Cook the rice according to package directions. 3. Sauté the tofu and spinach until fully cooked. 4. Combine all ingredients together and serve hot.,3
Simple Shrimp Potatoes Bowl,entree,Asian,"['shrimp', 'potatoes', 'peas', 'olive oil']",5,25,30,2,medium,False,A straightforward asian dish featuring shrimp and peas.,1. Chop the peas and prep the shrimp. 2. Cook the potatoes according to package directions. 3. Sauté the shrimp and peas until fully cooked. 4. Combine all ingredients together and serve hot.,2
Beef Strips with Mushrooms and Bread,entree,Italian,"['beef strips', 'bread', 'mushrooms', 'butter', 'ginger']",13,12,25,2,easy,False,A straightforward italian dish featuring beef strips and mushrooms.,1. Chop the mushrooms and prep the beef strips. 2. Cook the bread according to package directions. 3. Sauté the beef strips and mushrooms until fully cooked. 4. Combine all ingredients together and serve hot.,2
Quick Carrots and Beef Strips Plate,entree,Mexican,"['beef strips', 'sweet potatoes', 'carrots']",7,24,31,4,medium,False,A straightforward mexican dish featuring beef strips and carrots.,1. Chop the carrots and prep the beef strips. 2. Cook the sweet potatoes according to package directions. 3. Sauté the beef strips and carrots until fully cooked. 4. Combine all ingredients together and serve hot.,2
Beef Strips with Onion and Sweet Potatoes,entree,Asian,"['beef strips', 'sweet potatoes', 'onion', 'butter', 'olive oil']",14,20,34,4,medium,False,A straightforward asian dish featuring beef strips and onion.,1. Chop the onion and prep the beef strips. 2. Cook the sweet potatoes according to package directions. 3. Sauté the beef strips and onion until fully cooked. 4. Combine all ingredients together and serve hot.,2
Lentils with Zucchini and Bread,entree,Italian,"['lentils', 'bread', 'zucchini']",13,20,33,4,medium,True,A straightforward italian dish featuring lentils and zucchini.,1. Chop the zucchini and prep the lentils. 2. Cook the bread according to package directions. 3. Sauté the lentils and zucchini until fully cooked. 4. Combine all ingredients together and serve hot.,2
Simple Eggs Pasta Bowl,entree,American,"['eggs', 'pasta', 'spinach']",10,13,23,4,easy,True,A straightforward american dish featuring eggs and spinach.,1. Chop the spinach and prep the eggs. 2. Cook the pasta according to package directions. 3. Sauté the eggs and spinach until fully cooked. 4. Combine all ingredients together and serve hot.,2
Quick Cabbage and Tofu Plate,entree,Asian,"['tofu', 'tortillas', 'cabbage', 'olive oil']",14,19,33,4,medium,True,A straightforward asian dish featuring tofu and cabbage.,1. Chop the cabbage and prep the tofu. 2. Cook the tortillas according to package directions. 3. Sauté the tofu and cabbage until fully cooked. 4. Combine all ingredients together and serve hot.,2
Lentils with Carrots and Tortillas,entree,Mediterranean,"['lentils', 'tortillas', 'carrots', 'lemon juice']",11,22,33,4,medium,True,A straightforward mediterranean dish featuring lentils and carrots.,1. Chop the carrots and prep the lentils. 2. Cook the tortillas according to package directions. 3. Sauté the lentils and carrots until fully cooked. 4. Combine all ingredients together and serve hot.,2
Shrimp with Carrots and Rice,entree,Mediterranean,"['shrimp', 'rice', 'carrots', 'butter']",8,13,21,4,easy,False,A straightforward mediterranean dish featuring shrimp and carrots.,1. Chop the carrots and prep the shrimp. 2. Cook the rice according to package directions. 3. Sauté the shrimp and carrots until fully cooked. 4. Combine all ingredients together and serve hot.,2
Quick Bell Pepper and Pork Chops Plate,entree,Asian,"['pork chops', 'tortillas', 'bell pepper']",7,13,20,2,easy,False,A straightforward asian dish featuring pork chops and bell pepper.,1. Chop the bell pepper and prep the pork chops. 2. Cook the tortillas according to package directions. 3. Sauté the pork chops and bell pepper until fully cooked. 4. Combine all ingredients together and serve hot.,2
Quick Onion and Chickpeas Plate,entree,Asian,"['chickpeas', 'sweet potatoes', 'onion']",10,15,25,2,easy,True,A straightforward asian dish featuring chickpeas and onion.,1. Chop the onion and prep the chickpeas. 2. Cook the sweet potatoes according to package directions. 3. Sauté the chickpeas and onion until fully cooked. 4. Combine all ingredients together and serve hot.,2
Simple Chicken Breast Noodles Bowl,entree,American,"['chicken breast', 'noodles', 'peas', 'garlic', 'olive oil']",11,12,23,4,easy,False,A straightforward american dish featuring chicken breast and peas.,1. Chop the peas and prep the chicken breast. 2. Cook the noodles according to package directions. 3. Sauté the chicken breast and peas until fully cooked. 4. Combine all ingredients together and serve hot.,2
Quick Mushrooms and Black Beans Plate,entree,Mexican,"['black beans', 'sweet potatoes', 'mushrooms']",13,24,37,4,medium,True,A straightforward mexican dish featuring black beans and mushrooms.,1. Chop the mushrooms and prep the black beans. 2. Cook the sweet potatoes according to package directions. 3. Sauté the black beans and mushrooms until fully cooked. 4. Combine all ingredients together and serve hot.,2
Quick Zucchini and Chickpeas Plate,entree,Asian,"['chickpeas', 'quinoa', 'zucchini']",6,23,29,4,easy,True,A straightforward asian dish featuring chickpeas and zucchini.,1. Chop the zucchini and prep the chickpeas. 2. Cook the quinoa according to package directions. 3. Sauté the chickpeas and zucchini until fully cooked. 4. Combine all ingredients together and serve hot.,2
Simple Chickpeas Tortillas Bowl,entree,American,"['chickpeas', 'tortillas', 'carrots', 'butter']",15,15,30,2,medium,True,A straightforward american dish featuring chickpeas and carrots.,1. Chop the carrots and prep the chickpeas. 2. Cook the tortillas according to package directions. 3. Sauté the chickpeas and carrots until fully cooked. 4. Combine all ingredients together and serve hot.,2
Simple Beef Strips Pasta Bowl,entree,Mexican,"['beef strips', 'pasta', 'cabbage', 'teriyaki sauce']",13,24,37,2,medium,False,A straightforward mexican dish featuring beef strips and cabbage.,1. Chop the cabbage and prep the beef strips. 2. Cook the pasta according to package directions. 3. Sauté the beef strips and cabbage until fully cooked. 4. Combine all ingredients together and serve hot.,2
Simple Tofu Potatoes Bowl,entree,Italian,"['tofu', 'potatoes', 'zucchini']",12,11,23,4,easy,True,A straightforward italian dish featuring tofu and zucchini.,1. Chop the zucchini and prep the tofu. 2. Cook the potatoes according to package directions. 3. Sauté the tofu and zucchini until fully cooked. 4. Combine all ingredients together and serve hot.,2
Simple Eggs Potatoes Bowl,entree,Italian,"['eggs', 'potatoes', 'cabbage']",5,15,20,2,easy,True,A straightforward italian dish featuring eggs and cabbage.,1. Chop the cabbage and prep the eggs. 2. Cook the potatoes according to package directions. 3. Sauté the eggs and cabbage until fully cooked. 4. Combine all ingredients together and serve hot.,2
Quick Onion and Chicken Breast Plate,entree,American,"['chicken breast', 'bread', 'onion']",15,11,26,4,easy,False,A straightforward american dish featuring chicken breast and onion.,1. Chop the onion and prep the chicken breast. 2. Cook the bread according to package directions. 3. Sauté the chicken breast and onion until fully cooked. 4. Combine all ingredients together and serve hot.,2
Salmon with Tomatoes and Pasta,entree,Asian,"['salmon', 'pasta', 'tomatoes']",9,18,27,4,easy,False,A straightforward asian dish featuring salmon and tomatoes.,1. Chop the tomatoes and prep the salmon. 2. Cook the pasta according to package directions. 3. Sauté the salmon and tomatoes until fully cooked. 4. Combine all ingredients together and serve hot.,2
Quick Zucchini and Black Beans Plate,entree,Asian,"['black beans', 'quinoa', 'zucchini', 'ginger']",5,19,24,4,easy,True,A straightforward asian dish featuring black beans and zucchini.,1. Chop the zucchini and prep the black beans. 2. Cook the quinoa according to package directions. 3. Sauté the black beans and zucchini until fully cooked. 4. Combine all ingredients together and serve hot.,2
Quick Carrots and Eggs Plate,entree,American,"['eggs', 'bread', 'carrots']",10,10,20,4,easy,True,A straightforward american dish featuring eggs and carrots.,1. Chop the carrots and prep the eggs. 2. Cook the bread according to package directions. 3. Sauté the eggs and carrots until fully cooked. 4. Combine all ingredients together and serve hot.,2
Beef Strips with Bell Pepper and Noodles,entree,Mexican,"['beef strips', 'noodles', 'bell pepper', 'hot sauce', 'garlic']",8,15,23,4,easy,False,A straightforward mexican dish featuring beef strips and bell pepper.,1. Chop the bell pepper and prep the beef strips. 2. Cook the noodles according to package directions. 3. Sauté the beef strips and bell pepper until fully cooked. 4. Combine all ingredients together and serve hot.,2
Simple Chicken Breast Bread Bowl,entree,Asian,"['chicken breast', 'bread', 'mushrooms', 'butter', 'hot sauce']",6,23,29,2,easy,False,A straightforward asian dish featuring chicken breast and mushrooms.,1. Chop the mushrooms and prep the chicken breast. 2. Cook the bread according to package directions. 3. Sauté the chicken breast and mushrooms until fully cooked. 4. Combine all ingredients together and serve hot.,2
Lentils with Onion and Quinoa,entree,Asian,"['lentils', 'quinoa', 'onion', 'soy sauce', 'hot sauce']",13,10,23,4,easy,True,A straightforward asian dish featuring lentils and onion.,1. Chop the onion and prep the lentils. 2. Cook the quinoa according to package directions. 3. Sauté the lentils and onion until fully cooked. 4. Combine all ingredients together and serve hot.,2
Quick Bell Pepper and Chicken Breast Plate,entree,Mediterranean,"['chicken breast', 'quinoa', 'bell pepper', 'hot sauce', 'soy sauce']",15,21,36,4,medium,False,A straightforward mediterranean dish featuring chicken breast and bell pepper.,1. Chop the bell pepper and prep the chicken breast. 2. Cook the quinoa according to package directions. 3. Sauté the chicken breast and bell pepper until fully cooked. 4. Combine all ingredients together and serve hot.,2
Simple Lentils Potatoes Bowl,entree,American,"['lentils', 'potatoes', 'peas', 'soy sauce', 'garlic']",6,12,18,4,easy,True,A straightforward american dish featuring lentils and peas.,1. Chop the peas and prep the lentils. 2. Cook the potatoes according to package directions. 3. Sauté the lentils and peas until fully cooked. 4. Combine all ingredients together and serve hot.,1
Beef Strips with Onion and Potatoes,entree,American,"['beef strips', 'potatoes', 'onion', 'hot sauce']",9,15,24,4,easy,False,A straightforward american dish featuring beef strips and onion.,1. Chop the onion and prep the beef strips. 2. Cook the potatoes according to package directions. 3. Sauté the beef strips and onion until fully cooked. 4. Combine all ingredients together and serve hot.,2
Quick Zucchini and Eggs Plate,entree,Asian,"['eggs', 'potatoes', 'zucchini', 'cheese']",9,20,29,4,easy,True,A straightforward asian dish featuring eggs and zucchini.,1. Chop the zucchini and prep the eggs. 2. Cook the potatoes according to package directions. 3. Sauté the eggs and zucchini until fully cooked. 4. Combine all ingredients together and serve hot.,2
Simple Chickpeas Rice Bowl,entree,Italian,"['chickpeas', 'rice', 'broccoli', 'olive oil']",13,10,23,4,easy,True,A straightforward italian dish featuring chickpeas and broccoli.,1. Chop the broccoli and prep the chickpeas. 2. Cook the rice according to package directions. 3. Sauté the chickpeas and broccoli until fully cooked. 4. Combine all ingredients together and serve hot.,2
Quick Zucchini and Chickpeas Plate,entree,Mexican,"['chickpeas', 'rice', 'zucchini', 'ginger', 'garlic']",15,11,26,2,easy,True,A straightforward mexican dish featuring chickpeas and zucchini.,1. Chop the zucchini and prep the chickpeas. 2. Cook the rice according to package directions. 3. Sauté the chickpeas and zucchini until fully cooked. 4. Combine all ingredients together and serve hot.,2
Simple Black Beans Sweet Potatoes Bowl,entree,Italian,"['black beans', 'sweet potatoes', 'carrots', 'ginger', 'butter']",11,25,36,4,medium,True,A straightforward italian dish featuring black beans and carrots.,1. Chop the carrots and prep the black beans. 2. Cook the sweet potatoes according to package directions. 3. Sauté the black beans and carrots until fully cooked. 4. Combine all ingredients together and serve hot.,2
Quick Tomatoes and Lentils Plate,entree,Mexican,"['lentils', 'tortillas', 'tomatoes', 'hot sauce']",14,19,33,2,medium,True,A straightforward mexican dish featuring lentils and tomatoes.,1. Chop the tomatoes and prep the lentils. 2. Cook the tortillas according to package directions. 3. Sauté the lentils and tomatoes until fully cooked. 4. Combine all ingredients together and serve hot.,3
Pork Chops with Tomatoes and Noodles,entree,American,"['pork chops', 'noodles', 'tomatoes', 'ginger']",15,10,25,2,easy,False,A straightforward american dish featuring pork chops and tomatoes.,1. Chop the tomatoes and prep the pork chops. 2. Cook the noodles according to package directions. 3. Sauté the pork chops and tomatoes until fully cooked. 4. Combine all ingredients together and serve hot.,2
Quick Spinach and Black Beans Plate,entree,Italian,"['black beans', 'noodles', 'spinach']",13,16,29,4,easy,True,A straightforward italian dish featuring black beans and spinach.,1. Chop the spinach and prep the black beans. 2. Cook the noodles according to package directions. 3. Sauté the black beans and spinach until fully cooked. 4. Combine all ingredients together and serve hot.,2
Quick Broccoli and Chicken Breast Plate,entree,Asian,"['chicken breast', 'noodles', 'broccoli']",12,16,28,4,easy,False,A straightforward asian dish featuring chicken breast and broccoli.,1. Chop the broccoli and prep the chicken breast. 2. Cook the noodles according to package directions. 3. Sauté the chicken breast and broccoli until fully cooked. 4. Combine all ingredients together and serve hot.,2
Simple Chickpeas Bread Bowl,entree,Mediterranean,"['chickpeas', 'bread', 'cabbage', 'garlic']",15,17,32,4,medium,True,A straightforward mediterranean dish featuring chickpeas and cabbage.,1. Chop the cabbage and prep the chickpeas. 2. Cook the bread according to package directions. 3. Sauté the chickpeas and cabbage until fully cooked. 4. Combine all ingredients together and serve hot.,2
Simple Pork Chops Noodles Bowl,entree,Italian,"['pork chops', 'noodles', 'cabbage', 'ginger', 'olive oil']",13,20,33,4,medium,False,A straightforward italian dish featuring pork chops and cabbage.,1. Chop the cabbage and prep the pork chops. 2. Cook the noodles according to package directions. 3. Sauté the pork chops and cabbage until fully cooked. 4. Combine all ingredients together and serve hot.,3
Quick Broccoli and Shrimp Plate,entree,Mediterranean,"['shrimp', 'bread', 'broccoli']",6,19,25,4,easy,False,A straightforward mediterranean dish featuring shrimp and broccoli.,1. Chop the broccoli and prep the shrimp. 2. Cook the bread according to package directions. 3. Sauté the shrimp and broccoli until fully cooked. 4. Combine all ingredients together and serve hot.,2
Chicken Breast with Onion and Rice,entree,Mediterranean,"['chicken breast', 'rice', 'onion', 'garlic', 'teriyaki sauce']",8,16,24,2,easy,False,A straightforward mediterranean dish featuring chicken breast and onion.,1. Chop the onion and prep the chicken breast. 2. Cook the rice according to package directions. 3. Sauté the chicken breast and onion until fully cooked. 4. Combine all ingredients together and serve hot.,2
Simple Beef Strips Quinoa Bowl,entree,Italian,"['beef strips', 'quinoa', 'onion']",10,10,20,2,easy,False,A straightforward italian dish featuring beef strips and onion.,1. Chop the onion and prep the beef strips. 2. Cook the quinoa according to package directions. 3. Sauté the beef strips and onion until fully cooked. 4. Combine all ingredients together and serve hot.,2
Beef Strips with Cabbage and Quinoa,entree,Mediterranean,"['beef strips', 'quinoa', 'cabbage', 'cheese']",8,19,27,4,easy,False,A straightforward mediterranean dish featuring beef strips and cabbage.,1. Chop the cabbage and prep the beef strips. 2. Cook the quinoa according to package directions. 3. Sauté the beef strips and cabbage until fully cooked. 4. Combine all ingredients together and serve hot.,2
Beef Strips with Zucchini and Bread,entree,Mexican,"['beef strips', 'bread', 'zucchini']",6,18,24,2,easy,False,A straightforward mexican dish featuring beef strips and zucchini.,1. Chop the zucchini and prep the beef strips. 2. Cook the bread according to package directions. 3. Sauté the beef strips and zucchini until fully cooked. 4. Combine all ingredients together and serve hot.,2
Simple Pork Chops Tortillas Bowl,entree,Italian,"['pork chops', 'tortillas', 'carrots', 'garlic']",11,19,30,2,medium,False,A straightforward italian dish featuring pork chops and carrots.,1. Chop the carrots and prep the pork chops. 2. Cook the tortillas according to package directions. 3. Sauté the pork chops and carrots until fully cooked. 4. Combine all ingredients together and serve hot.,3
Eggs with Spinach and Bread,entree,American,"['eggs', 'bread', 'spinach', 'lemon juice']",10,23,33,2,medium,True,A straightforward american dish featuring eggs and spinach.,1. Chop the spinach and prep the eggs. 2. Cook the bread according to package directions. 3. Sauté the eggs and spinach until fully cooked. 4. Combine all ingredients together and serve hot.,3
Simple Beef Strips Rice Bowl,entree,Mediterranean,"['beef strips', 'rice', 'peas', 'olive oil', 'cheese']",6,23,29,4,easy,False,A straightforward mediterranean dish featuring beef strips and peas.,1. Chop the peas and prep the beef strips. 2. Cook the rice according to package directions. 3. Sauté the beef strips and peas until fully cooked. 4. Combine all ingredients together and serve hot.,2
Simple Chickpeas Potatoes Bowl,entree,Mexican,"['chickpeas', 'potatoes', 'onion', 'olive oil']",12,15,27,4,easy,True,A straightforward mexican dish featuring chickpeas and onion.,1. Chop the onion and prep the chickpeas. 2. Cook the potatoes according to package directions. 3. Sauté the chickpeas and onion until fully cooked. 4. Combine all ingredients together and serve hot.,2
Simple Salmon Noodles Bowl,entree,Mediterranean,"['salmon', 'noodles', 'zucchini', 'soy sauce', 'garlic']",8,23,31,2,medium,False,A straightforward mediterranean dish featuring salmon and zucchini.,1. Chop the zucchini and prep the salmon. 2. Cook the noodles according to package directions. 3. Sauté the salmon and zucchini until fully cooked. 4. Combine all ingredients together and serve hot.,3
Eggs with Tomatoes and Sweet Potatoes,entree,Mediterranean,"['eggs', 'sweet potatoes', 'tomatoes']",12,15,27,2,easy,True,A straightforward mediterranean dish featuring eggs and tomatoes.,1. Chop the tomatoes and prep the eggs. 2. Cook the sweet potatoes according to package directions. 3. Sauté the eggs and tomatoes until fully cooked. 4. Combine all ingredients together and serve hot.,2
Simple Lentils Noodles Bowl,entree,American,"['lentils', 'noodles', 'peas', 'cheese']",10,15,25,2,easy,True,A straightforward american dish featuring lentils and peas.,1. Chop the peas and prep the lentils. 2. Cook the noodles according to package directions. 3. Sauté the lentils and peas until fully cooked. 4. Combine all ingredients together and serve hot.,2
Simple Eggs Potatoes Bowl,entree,Mexican,"['eggs', 'potatoes', 'mushrooms']",5,14,19,2,easy,True,A straightforward mexican dish featuring eggs and mushrooms.,1. Chop the mushrooms and prep the eggs. 2. Cook the potatoes according to package directions. 3. Sauté the eggs and mushrooms until fully cooked. 4. Combine all ingredients together and serve hot.,1
Salmon with Peas and Noodles,entree,Mediterranean,"['salmon', 'noodles', 'peas', 'olive oil']",7,11,18,4,easy,False,A straightforward mediterranean dish featuring salmon and peas.,1. Chop the peas and prep the salmon. 2. Cook the noodles according to package directions. 3. Sauté the salmon and peas until fully cooked. 4. Combine all ingredients together and serve hot.,1
Quick Broccoli and Pork Chops Plate,entree,Asian,"['pork chops', 'noodles', 'broccoli', 'olive oil']",10,15,25,2,easy,False,A straightforward asian dish featuring pork chops and broccoli.,1. Chop the broccoli and prep the pork chops. 2. Cook the noodles according to package directions. 3. Sauté the pork chops and broccoli until fully cooked. 4. Combine all ingredients together and serve hot.,2
Quick Spinach and Chicken Breast Plate,entree,Mexican,"['chicken breast', 'tortillas', 'spinach']",15,13,28,4,easy,False,A straightforward mexican dish featuring chicken breast and spinach.,1. Chop the spinach and prep the chicken breast. 2. Cook the tortillas according to package directions. 3. Sauté the chicken breast and spinach until fully cooked. 4. Combine all ingredients together and serve hot.,2
Quick Zucchini and Chicken Breast Plate,entree,American,"['chicken breast', 'rice', 'zucchini', 'ginger']",5,14,19,4,easy,False,A straightforward american dish featuring chicken breast and zucchini.,1. Chop the zucchini and prep the chicken breast. 2. Cook the rice according to package directions. 3. Sauté the chicken breast and zucchini until fully cooked. 4. Combine all ingredients together and serve hot.,1
Quick Bell Pepper and Shrimp Plate,entree,Mexican,"['shrimp', 'sweet potatoes', 'bell pepper', 'cheese']",14,14,28,4,easy,False,A straightforward mexican dish featuring shrimp and bell pepper.,1. Chop the bell pepper and prep the shrimp. 2. Cook the sweet potatoes according to package directions. 3. Sauté the shrimp and bell pepper until fully cooked. 4. Combine all ingredients together and serve hot.,2
Quick Broccoli and Shrimp Plate,entree,Mediterranean,"['shrimp', 'potatoes', 'broccoli']",13,15,28,2,easy,False,A straightforward mediterranean dish featuring shrimp and broccoli.,1. Chop the broccoli and prep the shrimp. 2. Cook the potatoes according to package directions. 3. Sauté the shrimp and broccoli until fully cooked. 4. Combine all ingredients together and serve hot.,2
Quick Carrots and Tofu Plate,entree,Mexican,"['tofu', 'rice', 'carrots', 'olive oil', 'ginger']",12,14,26,4,easy,True,A straightforward mexican dish featuring tofu and carrots.,1. Chop the carrots and prep the tofu. 2. Cook the rice according to package directions. 3. Sauté the tofu and carrots until fully cooked. 4. Combine all ingredients together and serve hot.,2
Chickpeas with Zucchini and Pasta,entree,Mexican,"['chickpeas', 'pasta', 'zucchini']",5,23,28,4,easy,True,A straightforward mexican dish featuring chickpeas and zucchini.,1. Chop the zucchini and prep the chickpeas. 2. Cook the pasta according to package directions. 3. Sauté the chickpeas and zucchini until fully cooked. 4. Combine all ingredients together and serve hot.,2
Simple Shrimp Pasta Bowl,entree,Asian,"['shrimp', 'pasta', 'broccoli', 'teriyaki sauce', 'butter']",9,21,30,2,medium,False,A straightforward asian dish featuring shrimp and broccoli.,1. Chop the broccoli and prep the shrimp. 2. Cook the pasta according to package directions. 3. Sauté the shrimp and broccoli until fully cooked. 4. Combine all ingredients together and serve hot.,2
Simple Salmon Pasta Bowl,entree,Italian,"['salmon', 'pasta', 'mushrooms']",7,23,30,2,medium,False,A straightforward italian dish featuring salmon and mushrooms.,1. Chop the mushrooms and prep the salmon. 2. Cook the pasta according to package directions. 3. Sauté the salmon and mushrooms until fully cooked. 4. Combine all ingredients together and serve hot.,3
Quick Onion and Chickpeas Plate,entree,Mediterranean,"['chickpeas', 'noodles', 'onion']",15,17,32,2,medium,True,A straightforward mediterranean dish featuring chickpeas and onion.,1. Chop the onion and prep the chickpeas. 2. Cook the noodles according to package directions. 3. Sauté the chickpeas and onion until fully cooked. 4. Combine all ingredients together and serve hot.,2
Quick Spinach and Beef Strips Plate,entree,Mediterranean,"['beef strips', 'bread', 'spinach', 'olive oil']",12,14,26,2,easy,False,A straightforward mediterranean dish featuring beef strips and spinach.,1. Chop the spinach and prep the beef strips. 2. Cook the bread according to package directions. 3. Sauté the beef strips and spinach until fully cooked. 4. Combine all ingredients together and serve hot.,2
Quick Tomatoes and Salmon Plate,entree,Mexican,"['salmon', 'bread', 'tomatoes', 'cheese']",6,21,27,4,easy,False,A straightforward mexican dish featuring salmon and tomatoes.,1. Chop the tomatoes and prep the salmon. 2. Cook the bread according to package directions. 3. Sauté the salmon and tomatoes until fully cooked. 4. Combine all ingredients together and serve hot.,2
Chickpeas with Bell Pepper and Tortillas,entree,Mexican,"['chickpeas', 'tortillas', 'bell pepper']",7,17,24,2,easy,True,A straightforward mexican dish featuring chickpeas and bell pepper.,1. Chop the bell pepper and prep the chickpeas. 2. Cook the tortillas according to package directions. 3. Sauté the chickpeas and bell pepper until fully cooked. 4. Combine all ingredients together and serve hot.,2
Simple Eggs Rice Bowl,entree,Mediterranean,"['eggs', 'rice', 'cabbage', 'lemon juice']",13,10,23,4,easy,True,A straightforward mediterranean dish featuring eggs and cabbage.,1. Chop the cabbage and prep the eggs. 2. Cook the rice according to package directions. 3. Sauté the eggs and cabbage until fully cooked. 4. Combine all ingredients together and serve hot.,2
Simple Salmon Noodles Bowl,entree,American,"['salmon', 'noodles', 'mushrooms', 'teriyaki sauce', 'butter']",14,18,32,4,medium,False,A straightforward american dish featuring salmon and mushrooms.,1. Chop the mushrooms and prep the salmon. 2. Cook the noodles according to package directions. 3. Sauté the salmon and mushrooms until fully cooked. 4. Combine all ingredients together and serve hot.,3
Simple Pork Chops Rice Bowl,entree,American,"['pork chops', 'rice', 'zucchini']",8,15,23,2,easy,False,A straightforward american dish featuring pork chops and zucchini.,1. Chop the zucchini and prep the pork chops. 2. Cook the rice according to package directions. 3. Sauté the pork chops and zucchini until fully cooked. 4. Combine all ingredients together and serve hot.,2
Simple Shrimp Pasta Bowl,entree,Asian,"['shrimp', 'pasta', 'peas', 'soy sauce']",7,16,23,4,easy,False,A straightforward asian dish featuring shrimp and peas.,1. Chop the peas and prep the shrimp. 2. Cook the pasta according to package directions. 3. Sauté the shrimp and peas until fully cooked. 4. Combine all ingredients together and serve hot.,2
Simple Salmon Sweet Potatoes Bowl,entree,Mediterranean,"['salmon', 'sweet potatoes', 'mushrooms']",10,14,24,2,easy,False,A straightforward mediterranean dish featuring salmon and mushrooms.,1. Chop the mushrooms and prep the salmon. 2. Cook the sweet potatoes according to package directions. 3. Sauté the salmon and mushrooms until fully cooked. 4. Combine all ingredients together and serve hot.,2
Quick Spinach and Beef Strips Plate,entree,Mediterranean,"['beef strips', 'bread', 'spinach', 'ginger', 'butter']",5,22,27,4,easy,False,A straightforward mediterranean dish featuring beef strips and spinach.,1. Chop the spinach and prep the beef strips. 2. Cook the bread according to package directions. 3. Sauté the beef strips and spinach until fully cooked. 4. Combine all ingredients together and serve hot.,2
Quick Bell Pepper and Lentils Plate,entree,Mediterranean,"['lentils', 'pasta', 'bell pepper', 'soy sauce', 'cheese']",15,24,39,4,medium,True,A straightforward mediterranean dish featuring lentils and bell pepper.,1. Chop the bell pepper and prep the lentils. 2. Cook the pasta according to package directions. 3. Sauté the lentils and bell pepper until fully cooked. 4. Combine all ingredients together and serve hot.,2
Lentils with Peas and Quinoa,entree,Asian,"['lentils', 'quinoa', 'peas', 'olive oil']",12,19,31,2,medium,True,A straightforward asian dish featuring lentils and peas.,1. Chop the peas and prep the lentils. 2. Cook the quinoa according to package directions. 3. Sauté the lentils and peas until fully cooked. 4. Combine all ingredients together and serve hot.,3
Pork Chops with Spinach and Sweet Potatoes,entree,Asian,"['pork chops', 'sweet potatoes', 'spinach']",11,15,26,2,easy,False,A straightforward asian dish featuring pork chops and spinach.,1. Chop the spinach and prep the pork chops. 2. Cook the sweet potatoes according to package directions. 3. Sauté the pork chops and spinach until fully cooked. 4. Combine all ingredients together and serve hot.,2
Simple Black Beans Tortillas Bowl,entree,Mexican,"['black beans', 'tortillas', 'broccoli', 'cheese']",6,13,19,2,easy,True,A straightforward mexican dish featuring black beans and broccoli.,1. Chop the broccoli and prep the black beans. 2. Cook the tortillas according to package directions. 3. Sauté the black beans and broccoli until fully cooked. 4. Combine all ingredients together and serve hot.,1
Simple Pork Chops Noodles Bowl,entree,Mexican,"['pork chops', 'noodles', 'bell pepper', 'teriyaki sauce']",15,19,34,4,medium,False,A straightforward mexican dish featuring pork chops and bell pepper.,1. Chop the bell pepper and prep the pork chops. 2. Cook the noodles according to package directions. 3. Sauté the pork chops and bell pepper until fully cooked. 4. Combine all ingredients together and serve hot.,3
Simple Tofu Potatoes Bowl,entree,American,"['tofu', 'potatoes', 'tomatoes', 'garlic']",10,15,25,2,easy,True,A straightforward american dish featuring tofu and tomatoes.,1. Chop the tomatoes and prep the tofu. 2. Cook the potatoes according to package directions. 3. Sauté the tofu and tomatoes until fully cooked. 4. Combine all ingredients together and serve hot.,2
Quick Mushrooms and Beef Strips Plate,entree,Asian,"['beef strips', 'sweet potatoes', 'mushrooms']",12,11,23,2,easy,False,A straightforward asian dish featuring beef strips and mushrooms.,1. Chop the mushrooms and prep the beef strips. 2. Cook the sweet potatoes according to package directions. 3. Sauté the beef strips and mushrooms until fully cooked. 4. Combine all ingredients together and serve hot.,2
Simple Beef Strips Pasta Bowl,entree,Italian,"['beef strips', 'pasta', 'broccoli', 'lemon juice', 'olive oil']",10,20,30,4,medium,False,A straightforward italian dish featuring beef strips and broccoli.,1. Chop the broccoli and prep the beef strips. 2. Cook the pasta according to package directions. 3. Sauté the beef strips and broccoli until fully cooked. 4. Combine all ingredients together and serve hot.,2
Simple Black Beans Bread Bowl,entree,American,"['black beans', 'bread', 'cabbage']",14,11,25,4,easy,True,A straightforward american dish featuring black beans and cabbage.,1. Chop the cabbage and prep the black beans. 2. Cook the bread according to package directions. 3. Sauté the black beans and cabbage until fully cooked. 4. Combine all ingredients together and serve hot.,2
Quick Tomatoes and Beef Strips Plate,entree,American,"['beef strips', 'bread', 'tomatoes', 'hot sauce']",12,16,28,4,easy,False,A straightforward american dish featuring beef strips and tomatoes.,1. Chop the tomatoes and prep the beef strips. 2. Cook the bread according to package directions. 3. Sauté the beef strips and tomatoes until fully cooked. 4. Combine all ingredients together and serve hot.,2
Simple Tofu Sweet Potatoes Bowl,entree,Italian,"['tofu', 'sweet potatoes', 'cabbage', 'olive oil']",7,25,32,2,medium,True,A straightforward italian dish featuring tofu and cabbage.,1. Chop the cabbage and prep the tofu. 2. Cook the sweet potatoes according to package directions. 3. Sauté the tofu and cabbage until fully cooked. 4. Combine all ingredients together and serve hot.,2
Simple Chicken Breast Potatoes Bowl,entree,American,"['chicken breast', 'potatoes', 'carrots', 'hot sauce', 'olive oil']",5,17,22,4,easy,False,A straightforward american dish featuring chicken breast and carrots.,1. Chop the carrots and prep the chicken breast. 2. Cook the potatoes according to package directions. 3. Sauté the chicken breast and carrots until fully cooked. 4. Combine all ingredients together and serve hot.,2
Tofu with Broccoli and Potatoes,entree,American,"['tofu', 'potatoes', 'broccoli']",9,10,19,4,easy,True,A straightforward american dish featuring tofu and broccoli.,1. Chop the broccoli and prep the tofu. 2. Cook the potatoes according to package directions. 3. Sauté the tofu and broccoli until fully cooked. 4. Combine all ingredients together and serve hot.,1
Simple Chickpeas Bread Bowl,entree,Asian,"['chickpeas', 'bread', 'peas']",10,16,26,4,easy,True,A straightforward asian dish featuring chickpeas and peas.,1. Chop the peas and prep the chickpeas. 2. Cook the bread according to package directions. 3. Sauté the chickpeas and peas until fully cooked. 4. Combine all ingredients together and serve hot.,2
Simple Salmon Rice Bowl,entree,Asian,"['salmon', 'rice', 'zucchini', 'olive oil']",10,25,35,4,medium,False,A straightforward asian dish featuring salmon and zucchini.,1. Chop the zucchini and prep the salmon. 2. Cook the rice according to package directions. 3. Sauté the salmon and zucchini until fully cooked. 4. Combine all ingredients together and serve hot.,2
Lentils with Mushrooms and Pasta,entree,American,"['lentils', 'pasta', 'mushrooms', 'soy sauce', 'olive oil']",9,18,27,2,easy,True,A straightforward american dish featuring lentils and mushrooms.,1. Chop the mushrooms and prep the lentils. 2. Cook the pasta according to package directions. 3. Sauté the lentils and mushrooms until fully cooked. 4. Combine all ingredients together and serve hot.,2
Simple Shrimp Rice Bowl,entree,American,"['shrimp', 'rice', 'peas', 'ginger']",12,25,37,4,medium,False,A straightforward american dish featuring shrimp and peas.,1. Chop the peas and prep the shrimp. 2. Cook the rice according to package directions. 3. Sauté the shrimp and peas until fully cooked. 4. Combine all ingredients together and serve hot.,2
Quick Spinach and Chickpeas Plate,entree,American,"['chickpeas', 'noodles', 'spinach', 'hot sauce', 'garlic']",15,18,33,4,medium,True,A straightforward american dish featuring chickpeas and spinach.,1. Chop the spinach and prep the chickpeas. 2. Cook the noodles according to package directions. 3. Sauté the chickpeas and spinach until fully cooked. 4. Combine all ingredients together and serve hot.,3
Simple Chicken Breast Bread Bowl,entree,Mexican,"['chicken breast', 'bread', 'zucchini', 'teriyaki sauce']",5,10,15,4,easy,False,A straightforward mexican dish featuring chicken breast and zucchini.,1. Chop the zucchini and prep the chicken breast. 2. Cook the bread according to package directions. 3. Sauté the chicken breast and zucchini until fully cooked. 4. Combine all ingredients together and serve hot.,1
Simple Tofu Pasta Bowl,entree,American,"['tofu', 'pasta', 'spinach', 'teriyaki sauce', 'soy sauce']",6,14,20,2,easy,True,A straightforward american dish featuring tofu and spinach.,1. Chop the spinach and prep the tofu. 2. Cook the pasta according to package directions. 3. Sauté the tofu and spinach until fully cooked. 4. Combine all ingredients together and serve hot.,2
Quick Carrots and Pork Chops Plate,entree,Italian,"['pork chops', 'sweet potatoes', 'carrots', 'garlic', 'olive oil']",12,18,30,2,medium,False,A straightforward italian dish featuring pork chops and carrots.,1. Chop the carrots and prep the pork chops. 2. Cook the sweet potatoes according to package directions. 3. Sauté the pork chops and carrots until fully cooked. 4. Combine all ingredients together and serve hot.,3
Simple Black Beans Tortillas Bowl,entree,Mexican,"['black beans', 'tortillas', 'tomatoes', 'lemon juice', 'soy sauce']",13,15,28,2,easy,True,A straightforward mexican dish featuring black beans and tomatoes.,1. Chop the tomatoes and prep the black beans. 2. Cook the tortillas according to package directions. 3. Sauté the black beans and tomatoes until fully cooked. 4. Combine all ingredients together and serve hot.,2
Salmon with Peas and Quinoa,entree,Italian,"['salmon', 'quinoa', 'peas']",8,12,20,2,easy,False,A straightforward italian dish featuring salmon and peas.,1. Chop the peas and prep the salmon. 2. Cook the quinoa according to package directions. 3. Sauté the salmon and peas until fully cooked. 4. Combine all ingredients together and serve hot.,2
Simple Tofu Tortillas Bowl,entree,Asian,"['tofu', 'tortillas', 'cabbage']",13,20,33,4,medium,True,A straightforward asian dish featuring tofu and cabbage.,1. Chop the cabbage and prep the tofu. 2. Cook the tortillas according to package directions. 3. Sauté the tofu and cabbage until fully cooked. 4. Combine all ingredients together and serve hot.,2
Quick Broccoli and Black Beans Plate,entree,Italian,"['black beans', 'bread', 'broccoli']",12,23,35,2,medium,True,A straightforward italian dish featuring black beans and broccoli.,1. Chop the broccoli and prep the black beans. 2. Cook the bread according to package directions. 3. Sauté the black beans and broccoli until fully cooked. 4. Combine all ingredients together and serve hot.,2
Simple Tofu Bread Bowl,entree,American,"['tofu', 'bread', 'bell pepper', 'cheese', 'ginger']",7,11,18,2,easy,True,A straightforward american dish featuring tofu and bell pepper.,1. Chop the bell pepper and prep the tofu. 2. Cook the bread according to package directions. 3. Sauté the tofu and bell pepper until fully cooked. 4. Combine all ingredients together and serve hot.,1
Simple Black Beans Potatoes Bowl,entree,Italian,"['black beans', 'potatoes', 'mushrooms', 'soy sauce', 'garlic']",8,24,32,2,medium,True,A straightforward italian dish featuring black beans and mushrooms.,1. Chop the mushrooms and prep the black beans. 2. Cook the potatoes according to package directions. 3. Sauté the black beans and mushrooms until fully cooked. 4. Combine all ingredients together and serve hot.,3
Simple Black Beans Potatoes Bowl,entree,Asian,"['black beans', 'potatoes', 'onion', 'lemon juice']",12,14,26,4,easy,True,A straightforward asian dish featuring black beans and onion.,1. Chop the onion and prep the black beans. 2. Cook the potatoes according to package directions. 3. Sauté the black beans and onion until fully cooked. 4. Combine all ingredients together and serve hot.,2
Simple Black Beans Pasta Bowl,entree,Mediterranean,"['black beans', 'pasta', 'broccoli', 'lemon juice', 'ginger']",13,15,28,2,easy,True,A straightforward mediterranean dish featuring black beans and broccoli.,1. Chop the broccoli and prep the black beans. 2. Cook the pasta according to package directions. 3. Sauté the black beans and broccoli until fully cooked. 4. Combine all ingredients together and serve hot.,2
Quick Cabbage and Salmon Plate,entree,American,"['salmon', 'rice', 'cabbage', 'cheese', 'ginger']",11,25,36,2,medium,False,A straightforward american dish featuring salmon and cabbage.,1. Chop the cabbage and prep the salmon. 2. Cook the rice according to package directions. 3. Sauté the salmon and cabbage until fully cooked. 4. Combine all ingredients together and serve hot.,2
Shrimp with Mushrooms and Noodles,entree,Italian,"['shrimp', 'noodles', 'mushrooms', 'hot sauce', 'ginger']",14,19,33,4,medium,False,A straightforward italian dish featuring shrimp and mushrooms.,1. Chop the mushrooms and prep the shrimp. 2. Cook the noodles according to package directions. 3. Sauté the shrimp and mushrooms until fully cooked. 4. Combine all ingredients together and serve hot.,3
Lentils with Cabbage and Pasta,entree,Italian,"['lentils', 'pasta', 'cabbage', 'olive oil', 'garlic']",6,23,29,2,easy,True,A straightforward italian dish featuring lentils and cabbage.,1. Chop the cabbage and prep the lentils. 2. Cook the pasta according to package directions. 3. Sauté the lentils and cabbage until fully cooked. 4. Combine all ingredients together and serve hot.,2
Simple Chickpeas Bread Bowl,entree,Asian,"['chickpeas', 'bread', 'cabbage', 'teriyaki sauce']",7,20,27,2,easy,True,A straightforward asian dish featuring chickpeas and cabbage.,1. Chop the cabbage and prep the chickpeas. 2. Cook the bread according to package directions. 3. Sauté the chickpeas and cabbage until fully cooked. 4. Combine all ingredients together and serve hot.,2
Quick Onion and Shrimp Plate,entree,Asian,"['shrimp', 'sweet potatoes', 'onion', 'butter', 'lemon juice']",13,15,28,4,easy,False,A straightforward asian dish featuring shrimp and onion.,1. Chop the onion and prep the shrimp. 2. Cook the sweet potatoes according to package directions. 3. Sauté the shrimp and onion until fully cooked. 4. Combine all ingredients together and serve hot.,2
Chicken Breast with Zucchini and Potatoes,entree,Italian,"['chicken breast', 'potatoes', 'zucchini', 'garlic']",15,22,37,4,medium,False,A straightforward italian dish featuring chicken breast and zucchini.,1. Chop the zucchini and prep the chicken breast. 2. Cook the potatoes according to package directions. 3. Sauté the chicken breast and zucchini until fully cooked. 4. Combine all ingredients together and serve hot.,2
Tofu with Broccoli and Bread,entree,Italian,"['tofu', 'bread', 'broccoli', 'cheese']",15,22,37,4,medium,True,A straightforward italian dish featuring tofu and broccoli.,1. Chop the broccoli and prep the tofu. 2. Cook the bread according to package directions. 3. Sauté the tofu and broccoli until fully cooked. 4. Combine all ingredients together and serve hot.,2
Simple Shrimp Tortillas Bowl,entree,American,"['shrimp', 'tortillas', 'mushrooms']",9,25,34,2,medium,False,A straightforward american dish featuring shrimp and mushrooms.,1. Chop the mushrooms and prep the shrimp. 2. Cook the tortillas according to package directions. 3. Sauté the shrimp and mushrooms until fully cooked. 4. Combine all ingredients together and serve hot.,3
Quick Carrots and Chickpeas Plate,entree,Italian,"['chickpeas', 'bread', 'carrots', 'hot sauce']",13,12,25,4,easy,True,A straightforward italian dish featuring chickpeas and carrots.,1. Chop the carrots and prep the chickpeas. 2. Cook the bread according to package directions. 3. Sauté the chickpeas and carrots until fully cooked. 4. Combine all ingredients together and serve hot.,2
Lentils with Mushrooms and Noodles,entree,Mediterranean,"['lentils', 'noodles', 'mushrooms', 'ginger', 'teriyaki sauce']",13,24,37,2,medium,True,A straightforward mediterranean dish featuring lentils and mushrooms.,1. Chop the mushrooms and prep the lentils. 2. Cook the noodles according to package directions. 3. Sauté the lentils and mushrooms until fully cooked. 4. Combine all ingredients together and serve hot.,2
Chickpeas with Tomatoes and Sweet Potatoes,entree,Mediterranean,"['chickpeas', 'sweet potatoes', 'tomatoes', 'lemon juice']",8,19,27,2,easy,True,A straightforward mediterranean dish featuring chickpeas and tomatoes.,1. Chop the tomatoes and prep the chickpeas. 2. Cook the sweet potatoes according to package directions. 3. Sauté the chickpeas and tomatoes until fully cooked. 4. Combine all ingredients together and serve hot.,2
Eggs with Peas and Rice,entree,Italian,"['eggs', 'rice', 'peas']",7,14,21,2,easy,True,A straightforward italian dish featuring eggs and peas.,1. Chop the peas and prep the eggs. 2. Cook the rice according to package directions. 3. Sauté the eggs and peas until fully cooked. 4. Combine all ingredients together and serve hot.,2
Quick Mushrooms and Beef Strips Plate,entree,American,"['beef strips', 'bread', 'mushrooms']",7,17,24,4,easy,False,A straightforward american dish featuring beef strips and mushrooms.,1. Chop the mushrooms and prep the beef strips. 2. Cook the bread according to package directions. 3. Sauté the beef strips and mushrooms until fully cooked. 4. Combine all ingredients together and serve hot.,2
Chickpeas with Tomatoes and Rice,entree,Italian,"['chickpeas', 'rice', 'tomatoes']",11,20,31,2,medium,True,A straightforward italian dish featuring chickpeas and tomatoes.,1. Chop the tomatoes and prep the chickpeas. 2. Cook the rice according to package directions. 3. Sauté the chickpeas and tomatoes until fully cooked. 4. Combine all ingredients together and serve hot.,2
Quick Mushrooms and Eggs Plate,entree,Asian,"['eggs', 'quinoa', 'mushrooms', 'garlic', 'teriyaki sauce']",10,16,26,2,easy,True,A straightforward asian dish featuring eggs and mushrooms.,1. Chop the mushrooms and prep the eggs. 2. Cook the quinoa according to package directions. 3. Sauté the eggs and mushrooms until fully cooked. 4. Combine all ingredients together and serve hot.,2
Lentils with Broccoli and Bread,entree,Asian,"['lentils', 'bread', 'broccoli', 'butter', 'lemon juice']",9,24,33,4,medium,True,A straightforward asian dish featuring lentils and broccoli.,1. Chop the broccoli and prep the lentils. 2. Cook the bread according to package directions. 3. Sauté the lentils and broccoli until fully cooked. 4. Combine all ingredients together and serve hot.,2
Simple Pork Chops Pasta Bowl,entree,American,"['pork chops', 'pasta', 'spinach']",6,22,28,4,easy,False,A straightforward american dish featuring pork chops and spinach.,1. Chop the spinach and prep the pork chops. 2. Cook the pasta according to package directions. 3. Sauté the pork chops and spinach until fully cooked. 4. Combine all ingredients together and serve hot.,2
Quick Peas and Shrimp Plate,entree,American,"['shrimp', 'potatoes', 'peas', 'hot sauce', 'garlic']",11,14,25,4,easy,False,A straightforward american dish featuring shrimp and peas.,1. Chop the peas and prep the shrimp. 2. Cook the potatoes according to package directions. 3. Sauté the shrimp and peas until fully cooked. 4. Combine all ingredients together and serve hot.,2
Chickpeas with Peas and Pasta,entree,Italian,"['chickpeas', 'pasta', 'peas', 'olive oil']",15,16,31,2,medium,True,A straightforward italian dish featuring chickpeas and peas.,1. Chop the peas and prep the chickpeas. 2. Cook the pasta according to package directions. 3. Sauté the chickpeas and peas until fully cooked. 4. Combine all ingredients together and serve hot.,3
Simple Salmon Rice Bowl,entree,Asian,"['salmon', 'rice', 'carrots', 'cheese', 'teriyaki sauce']",7,25,32,2,medium,False,A straightforward asian dish featuring salmon and carrots.,1. Chop the carrots and prep the salmon. 2. Cook the rice according to package directions. 3. Sauté the salmon and carrots until fully cooked. 4. Combine all ingredients together and serve hot.,2
Beef Strips with Onion and Quinoa,entree,American,"['beef strips', 'quinoa', 'onion']",10,24,34,4,medium,False,A straightforward american dish featuring beef strips and onion.,1. Chop the onion and prep the beef strips. 2. Cook the quinoa according to package directions. 3. Sauté the beef strips and onion until fully cooked. 4. Combine all ingredients together and serve hot.,2
Simple Chickpeas Sweet Potatoes Bowl,entree,Mexican,"['chickpeas', 'sweet potatoes', 'peas', 'lemon juice']",7,11,18,2,easy,True,A straightforward mexican dish featuring chickpeas and peas.,1. Chop the peas and prep the chickpeas. 2. Cook the sweet potatoes according to package directions. 3. Sauté the chickpeas and peas until fully cooked. 4. Combine all ingredients together and serve hot.,1
Tofu with Bell Pepper and Potatoes,entree,Mediterranean,"['tofu', 'potatoes', 'bell pepper', 'hot sauce', 'cheese']",14,12,26,4,easy,True,A straightforward mediterranean dish featuring tofu and bell pepper.,1. Chop the bell pepper and prep the tofu. 2. Cook the potatoes according to package directions. 3. Sauté the tofu and bell pepper until fully cooked. 4. Combine all ingredients together and serve hot.,2
Simple Shrimp Quinoa Bowl,entree,Mexican,"['shrimp', 'quinoa', 'tomatoes', 'soy sauce', 'olive oil']",7,20,27,2,easy,False,A straightforward mexican dish featuring shrimp and tomatoes.,1. Chop the tomatoes and prep the shrimp. 2. Cook the quinoa according to package directions. 3. Sauté the shrimp and tomatoes until fully cooked. 4. Combine all ingredients together and serve hot.,2
Chickpeas with Broccoli and Noodles,entree,Mediterranean,"['chickpeas', 'noodles', 'broccoli', 'hot sauce']",14,19,33,2,medium,True,A straightforward mediterranean dish featuring chickpeas and broccoli.,1. Chop the broccoli and prep the chickpeas. 2. Cook the noodles according to package directions. 3. Sauté the chickpeas and broccoli until fully cooked. 4. Combine all ingredients together and serve hot.,2
Quick Mushrooms and Pork Chops Plate,entree,American,"['pork chops', 'quinoa', 'mushrooms', 'garlic']",12,11,23,4,easy,False,A straightforward american dish featuring pork chops and mushrooms.,1. Chop the mushrooms and prep the pork chops. 2. Cook the quinoa according to package directions. 3. Sauté the pork chops and mushrooms until fully cooked. 4. Combine all ingredients together and serve hot.,2
Shrimp with Tomatoes and Potatoes,entree,Asian,"['shrimp', 'potatoes', 'tomatoes', 'cheese', 'butter']",7,20,27,4,easy,False,A straightforward asian dish featuring shrimp and tomatoes.,1. Chop the tomatoes and prep the shrimp. 2. Cook the potatoes according to package directions. 3. Sauté the shrimp and tomatoes until fully cooked. 4. Combine all ingredients together and serve hot.,2
Salmon with Broccoli and Tortillas,entree,American,"['salmon', 'tortillas', 'broccoli', 'ginger']",9,21,30,2,medium,False,A straightforward american dish featuring salmon and broccoli.,1. Chop the broccoli and prep the salmon. 2. Cook the tortillas according to package directions. 3. Sauté the salmon and broccoli until fully cooked. 4. Combine all ingredients together and serve hot.,2
Simple Chickpeas Tortillas Bowl,entree,Asian,"['chickpeas', 'tortillas', 'carrots', 'ginger']",6,22,28,4,easy,True,A straightforward asian dish featuring chickpeas and carrots.,1. Chop the carrots and prep the chickpeas. 2. Cook the tortillas according to package directions. 3. Sauté the chickpeas and carrots until fully cooked. 4. Combine all ingredients together and serve hot.,2
Simple Chickpeas Rice Bowl,entree,Italian,"['chickpeas', 'rice', 'peas', 'hot sauce']",10,21,31,2,medium,True,A straightforward italian dish featuring chickpeas and peas.,1. Chop the peas and prep the chickpeas. 2. Cook the rice according to package directions. 3. Sauté the chickpeas and peas until fully cooked. 4. Combine all ingredients together and serve hot.,2
Shrimp with Broccoli and Quinoa,entree,Italian,"['shrimp', 'quinoa', 'broccoli', 'lemon juice']",5,23,28,4,easy,False,A straightforward italian dish featuring shrimp and broccoli.,1. Chop the broccoli and prep the shrimp. 2. Cook the quinoa according to package directions. 3. Sauté the shrimp and broccoli until fully cooked. 4. Combine all ingredients together and serve hot.,2
Quick Spinach and Chicken Breast Plate,entree,Mediterranean,"['chicken breast', 'potatoes', 'spinach', 'teriyaki sauce', 'butter']",6,12,18,2,easy,False,A straightforward mediterranean dish featuring chicken breast and spinach.,1. Chop the spinach and prep the chicken breast. 2. Cook the potatoes according to package directions. 3. Sauté the chicken breast and spinach until fully cooked. 4. Combine all ingredients together and serve hot.,1
Lentils with Onion and Potatoes,entree,Mexican,"['lentils', 'potatoes', 'onion']",11,17,28,4,easy,True,A straightforward mexican dish featuring lentils and onion.,1. Chop the onion and prep the lentils. 2. Cook the potatoes according to package directions. 3. Sauté the lentils and onion until fully cooked. 4. Combine all ingredients together and serve hot.,2
Quick Spinach and Salmon Plate,entree,Asian,"['salmon', 'quinoa', 'spinach', 'ginger']",6,12,18,4,easy,False,A straightforward asian dish featuring salmon and spinach.,1. Chop the spinach and prep the salmon. 2. Cook the quinoa according to package directions. 3. Sauté the salmon and spinach until fully cooked. 4. Combine all ingredients together and serve hot.,1
Pork Chops with Spinach and Bread,entree,Italian,"['pork chops', 'bread', 'spinach']",11,17,28,4,easy,False,A straightforward italian dish featuring pork chops and spinach.,1. Chop the spinach and prep the pork chops. 2. Cook the bread according to package directions. 3. Sauté the pork chops and spinach until fully cooked. 4. Combine all ingredients together and serve hot.,2
Chickpeas with Peas and Bread,entree,American,"['chickpeas', 'bread', 'peas', 'hot sauce', 'lemon juice']",10,10,20,2,easy,True,A straightforward american dish featuring chickpeas and peas.,1. Chop the peas and prep the chickpeas. 2. Cook the bread according to package directions. 3. Sauté the chickpeas and peas until fully cooked. 4. Combine all ingredients together and serve hot.,2
Eggs with Zucchini and Bread,entree,Mediterranean,"['eggs', 'bread', 'zucchini', 'ginger', 'garlic']",7,16,23,2,easy,True,A straightforward mediterranean dish featuring eggs and zucchini.,1. Chop the zucchini and prep the eggs. 2. Cook the bread according to package directions. 3. Sauté the eggs and zucchini until fully cooked. 4. Combine all ingredients together and serve hot.,2
Quick Zucchini and Pork Chops Plate,entree,Asian,"['pork chops', 'tortillas', 'zucchini', 'teriyaki sauce']",11,10,21,2,easy,False,A straightforward asian dish featuring pork chops and zucchini.,1. Chop the zucchini and prep the pork chops. 2. Cook the tortillas according to package directions. 3. Sauté the pork chops and zucchini until fully cooked. 4. Combine all ingredients together and serve hot.,2
Simple Chicken Breast Quinoa Bowl,entree,American,"['chicken breast', 'quinoa', 'bell pepper']",14,14,28,4,easy,False,A straightforward american dish featuring chicken breast and bell pepper.,1. Chop the bell pepper and prep the chicken breast. 2. Cook the quinoa according to package directions. 3. Sauté the chicken breast and bell pepper until fully cooked. 4. Combine all ingredients together and serve hot.,2
Quick Tomatoes and Pork Chops Plate,entree,Mexican,"['pork chops', 'bread', 'tomatoes', 'hot sauce']",9,20,29,4,easy,False,A straightforward mexican dish featuring pork chops and tomatoes.,1. Chop the tomatoes and prep the pork chops. 2. Cook the bread according to package directions. 3. Sauté the pork chops and tomatoes until fully cooked. 4. Combine all ingredients together and serve hot.,2
Simple Chicken Breast Quinoa Bowl,entree,Italian,"['chicken breast', 'quinoa', 'onion']",5,21,26,4,easy,False,A straightforward italian dish featuring chicken breast and onion.,1. Chop the onion and prep the chicken breast. 2. Cook the quinoa according to package directions. 3. Sauté the chicken breast and onion until fully cooked. 4. Combine all ingredients together and serve hot.,2
Quick Mushrooms and Salmon Plate,entree,American,"['salmon', 'noodles', 'mushrooms', 'lemon juice']",6,12,18,4,easy,False,A straightforward american dish featuring salmon and mushrooms.,1. Chop the mushrooms and prep the salmon. 2. Cook the noodles according to package directions. 3. Sauté the salmon and mushrooms until fully cooked. 4. Combine all ingredients together and serve hot.,1
Simple Beef Strips Noodles Bowl,entree,Italian,"['beef strips', 'noodles', 'onion', 'ginger', 'hot sauce']",13,17,30,4,medium,False,A straightforward italian dish featuring beef strips and onion.,1. Chop the onion and prep the beef strips. 2. Cook the noodles according to package directions. 3. Sauté the beef strips and onion until fully cooked. 4. Combine all ingredients together and serve hot.,2
Quick Spinach and Shrimp Plate,entree,Mexican,"['shrimp', 'bread', 'spinach', 'cheese']",5,14,19,2,easy,False,A straightforward mexican dish featuring shrimp and spinach.,1. Chop the spinach and prep the shrimp. 2. Cook the bread according to package directions. 3. Sauté the shrimp and spinach until fully cooked. 4. Combine all ingredients together and serve hot.,1
Simple Salmon Quinoa Bowl,entree,Mexican,"['salmon', 'quinoa', 'cabbage', 'garlic', 'olive oil']",14,14,28,2,easy,False,A straightforward mexican dish featuring salmon and cabbage.,1. Chop the cabbage and prep the salmon. 2. Cook the quinoa according to package directions. 3. Sauté the salmon and cabbage until fully cooked. 4. Combine all ingredients together and serve hot.,2
Eggs with Cabbage and Potatoes,entree,American,"['eggs', 'potatoes', 'cabbage', 'cheese']",9,19,28,4,easy,True,A straightforward american dish featuring eggs and cabbage.,1. Chop the cabbage and prep the eggs. 2. Cook the potatoes according to package directions. 3. Sauté the eggs and cabbage until fully cooked. 4. Combine all ingredients together and serve hot.,2
Beef Strips with Broccoli and Tortillas,entree,Italian,"['beef strips', 'tortillas', 'broccoli', 'teriyaki sauce', 'lemon juice']",5,23,28,2,easy,False,A straightforward italian dish featuring beef strips and broccoli.,1. Chop the broccoli and prep the beef strips. 2. Cook the tortillas according to package directions. 3. Sauté the beef strips and broccoli until fully cooked. 4. Combine all ingredients together and serve hot.,2
Simple Lentils Quinoa Bowl,entree,American,"['lentils', 'quinoa', 'spinach', 'ginger', 'teriyaki sauce']",9,18,27,4,easy,True,A straightforward american dish featuring lentils and spinach.,1. Chop the spinach and prep the lentils. 2. Cook the quinoa according to package directions. 3. Sauté the lentils and spinach until fully cooked. 4. Combine all ingredients together and serve hot.,2
Quick Onion and Shrimp Plate,entree,American,"['shrimp', 'quinoa', 'onion']",10,17,27,4,easy,False,A straightforward american dish featuring shrimp and onion.,1. Chop the onion and prep the shrimp. 2. Cook the quinoa according to package directions. 3. Sauté the shrimp and onion until fully cooked. 4. Combine all ingredients together and serve hot.,2
Black Beans with Onion and Noodles,entree,Asian,"['black beans', 'noodles', 'onion']",5,18,23,2,easy,True,A straightforward asian dish featuring black beans and onion.,1. Chop the onion and prep the black beans. 2. Cook the noodles according to package directions. 3. Sauté the black beans and onion until fully cooked. 4. Combine all ingredients together and serve hot.,2
Quick Cabbage and Chicken Breast Plate,entree,Mediterranean,"['chicken breast', 'noodles', 'cabbage']",10,18,28,4,easy,False,A straightforward mediterranean dish featuring chicken breast and cabbage.,1. Chop the cabbage and prep the chicken breast. 2. Cook the noodles according to package directions. 3. Sauté the chicken breast and cabbage until fully cooked. 4. Combine all ingredients together and serve hot.,2
Quick Onion and Eggs Plate,entree,Mediterranean,"['eggs', 'tortillas', 'onion', 'soy sauce', 'ginger']",8,18,26,4,easy,True,A straightforward mediterranean dish featuring eggs and onion.,1. Chop the onion and prep the eggs. 2. Cook the tortillas according to package directions. 3. Sauté the eggs and onion until fully cooked. 4. Combine all ingredients together and serve hot.,2
Quick Peas and Beef Strips Plate,entree,American,"['beef strips', 'tortillas', 'peas', 'soy sauce']",8,17,25,4,easy,False,A straightforward american dish featuring beef strips and peas.,1. Chop the peas and prep the beef strips. 2. Cook the tortillas according to package directions. 3. Sauté the beef strips and peas until fully cooked. 4. Combine all ingredients together and serve hot.,2
Beef Strips with Mushrooms and Bread,entree,Mediterranean,"['beef strips', 'bread', 'mushrooms', 'ginger']",12,21,33,4,medium,False,A straightforward mediterranean dish featuring beef strips and mushrooms.,1. Chop the mushrooms and prep the beef strips. 2. Cook the bread according to package directions. 3. Sauté the beef strips and mushrooms until fully cooked. 4. Combine all ingredients together and serve hot.,2
Quick Mushrooms and Shrimp Plate,entree,Mediterranean,"['shrimp', 'quinoa', 'mushrooms', 'lemon juice']",8,11,19,2,easy,False,A straightforward mediterranean dish featuring shrimp and mushrooms.,1. Chop the mushrooms and prep the shrimp. 2. Cook the quinoa according to package directions. 3. Sauté the shrimp and mushrooms until fully cooked. 4. Combine all ingredients together and serve hot.,1
Chickpeas with Carrots and Rice,entree,Mediterranean,"['chickpeas', 'rice', 'carrots']",12,15,27,4,easy,True,A straightforward mediterranean dish featuring chickpeas and carrots.,1. Chop the carrots and prep the chickpeas. 2. Cook the rice according to package directions. 3. Sauté the chickpeas and carrots until fully cooked. 4. Combine all ingredients together and serve hot.,2
Beef Strips with Cabbage and Tortillas,entree,Asian,"['beef strips', 'tortillas', 'cabbage', 'olive oil']",14,12,26,4,easy,False,A straightforward asian dish featuring beef strips and cabbage.,1. Chop the cabbage and prep the beef strips. 2. Cook the tortillas according to package directions. 3. Sauté the beef strips and cabbage until fully cooked. 4. Combine all ingredients together and serve hot.,2
Simple Shrimp Noodles Bowl,entree,Mexican,"['shrimp', 'noodles', 'onion']",9,23,32,4,medium,False,A straightforward mexican dish featuring shrimp and onion.,1. Chop the onion and prep the shrimp. 2. Cook the noodles according to package directions. 3. Sauté the shrimp and onion until fully cooked. 4. Combine all ingredients together and serve hot.,2
Simple Beef Strips Bread Bowl,entree,Italian,"['beef strips', 'bread', 'bell pepper', 'garlic', 'cheese']",6,23,29,2,easy,False,A straightforward italian dish featuring beef strips and bell pepper.,1. Chop the bell pepper and prep the beef strips. 2. Cook the bread according to package directions. 3. Sauté the beef strips and bell pepper until fully cooked. 4. Combine all ingredients together and serve hot.,2
Simple Eggs Pasta Bowl,entree,Asian,"['eggs', 'pasta', 'zucchini']",15,17,32,2,medium,True,A straightforward asian dish featuring eggs and zucchini.,1. Chop the zucchini and prep the eggs. 2. Cook the pasta according to package directions. 3. Sauté the eggs and zucchini until fully cooked. 4. Combine all ingredients together and serve hot.,2
Quick Onion and Shrimp Plate,entree,Asian,"['shrimp', 'quinoa', 'onion']",10,15,25,2,easy,False,A straightforward asian dish featuring shrimp and onion.,1. Chop the onion and prep the shrimp. 2. Cook the quinoa according to package directions. 3. Sauté the shrimp and onion until fully cooked. 4. Combine all ingredients together and serve hot.,2
Quick Bell Pepper and Shrimp Plate,entree,American,"['shrimp', 'rice', 'bell pepper', 'butter', 'ginger']",15,25,40,2,medium,False,A straightforward american dish featuring shrimp and bell pepper.,1. Chop the bell pepper and prep the shrimp. 2. Cook the rice according to package directions. 3. Sauté the shrimp and bell pepper until fully cooked. 4. Combine all ingredients together and serve hot.,3
Shrimp with Broccoli and Rice,entree,Mexican,"['shrimp', 'rice', 'broccoli', 'cheese', 'soy sauce']",14,22,36,4,medium,False,A straightforward mexican dish featuring shrimp and broccoli.,1. Chop the broccoli and prep the shrimp. 2. Cook the rice according to package directions. 3. Sauté the shrimp and broccoli until fully cooked. 4. Combine all ingredients together and serve hot.,3
Quick Carrots and Chickpeas Plate,entree,American,"['chickpeas', 'bread', 'carrots']",13,25,38,4,medium,True,A straightforward american dish featuring chickpeas and carrots.,1. Chop the carrots and prep the chickpeas. 2. Cook the bread according to package directions. 3. Sauté the chickpeas and carrots until fully cooked. 4. Combine all ingredients together and serve hot.,2
Quick Carrots and Pork Chops Plate,entree,Italian,"['pork chops', 'pasta', 'carrots', 'teriyaki sauce']",12,19,31,2,medium,False,A straightforward italian dish featuring pork chops and carrots.,1. Chop the carrots and prep the pork chops. 2. Cook the pasta according to package directions. 3. Sauté the pork chops and carrots until fully cooked. 4. Combine all ingredients together and serve hot.,3
Quick Cabbage and Tofu Plate,entree,American,"['tofu', 'potatoes', 'cabbage']",6,16,22,4,easy,True,A straightforward american dish featuring tofu and cabbage.,1. Chop the cabbage and prep the tofu. 2. Cook the potatoes according to package directions. 3. Sauté the tofu and cabbage until fully cooked. 4. Combine all ingredients together and serve hot.,2
Quick Spinach and Tofu Plate,entree,Italian,"['tofu', 'rice', 'spinach']",6,21,27,2,easy,True,A straightforward italian dish featuring tofu and spinach.,1. Chop the spinach and prep the tofu. 2. Cook the rice according to package directions. 3. Sauté the tofu and spinach until fully cooked. 4. Combine all ingredients together and serve hot.,2
Quick Carrots and Chicken Breast Plate,entree,Mexican,"['chicken breast', 'bread', 'carrots']",10,17,27,4,easy,False,A straightforward mexican dish featuring chicken breast and carrots.,1. Chop the carrots and prep the chicken breast. 2. Cook the bread according to package directions. 3. Sauté the chicken breast and carrots until fully cooked. 4. Combine all ingredients together and serve hot.,2
Simple Tofu Noodles Bowl,entree,Mediterranean,"['tofu', 'noodles', 'broccoli', 'ginger']",8,18,26,4,easy,True,A straightforward mediterranean dish featuring tofu and broccoli.,1. Chop the broccoli and prep the tofu. 2. Cook the noodles according to package directions. 3. Sauté the tofu and broccoli until fully cooked. 4. Combine all ingredients together and serve hot.,2
Lentils with Mushrooms and Tortillas,entree,Mediterranean,"['lentils', 'tortillas', 'mushrooms', 'hot sauce', 'ginger']",8,21,29,2,easy,True,A straightforward mediterranean dish featuring lentils and mushrooms.,1. Chop the mushrooms and prep the lentils. 2. Cook the tortillas according to package directions. 3. Sauté the lentils and mushrooms until fully cooked. 4. Combine all ingredients together and serve hot.,2
Simple Beef Strips Rice Bowl,entree,Asian,"['beef strips', 'rice', 'spinach', 'olive oil', 'hot sauce']",6,24,30,4,medium,False,A straightforward asian dish featuring beef strips and spinach.,1. Chop the spinach and prep the beef strips. 2. Cook the rice according to package directions. 3. Sauté the beef strips and spinach until fully cooked. 4. Combine all ingredients together and serve hot.,2
Simple Tofu Pasta Bowl,entree,American,"['tofu', 'pasta', 'tomatoes']",14,18,32,4,medium,True,A straightforward american dish featuring tofu and tomatoes.,1. Chop the tomatoes and prep the tofu. 2. Cook the pasta according to package directions. 3. Sauté the tofu and tomatoes until fully cooked. 4. Combine all ingredients together and serve hot.,3
Simple Beef Strips Bread Bowl,entree,Mediterranean,"['beef strips', 'bread', 'mushrooms']",13,14,27,4,easy,False,A straightforward mediterranean dish featuring beef strips and mushrooms.,1. Chop the mushrooms and prep the beef strips. 2. Cook the bread according to package directions. 3. Sauté the beef strips and mushrooms until fully cooked. 4. Combine all ingredients together and serve hot.,2
Simple Lentils Rice Bowl,entree,Italian,"['lentils', 'rice', 'mushrooms', 'cheese', 'teriyaki sauce']",6,15,21,2,easy,True,A straightforward italian dish featuring lentils and mushrooms.,1. Chop the mushrooms and prep the lentils. 2. Cook the rice according to package directions. 3. Sauté the lentils and mushrooms until fully cooked. 4. Combine all ingredients together and serve hot.,2
Tofu with Tomatoes and Noodles,entree,American,"['tofu', 'noodles', 'tomatoes']",6,24,30,2,medium,True,A straightforward american dish featuring tofu and tomatoes.,1. Chop the tomatoes and prep the tofu. 2. Cook the noodles according to package directions. 3. Sauté the tofu and tomatoes until fully cooked. 4. Combine all ingredients together and serve hot.,3
Simple Chicken Breast Tortillas Bowl,entree,American,"['chicken breast', 'tortillas', 'zucchini', 'ginger']",12,18,30,4,medium,False,A straightforward american dish featuring chicken breast and zucchini.,1. Chop the zucchini and prep the chicken breast. 2. Cook the tortillas according to package directions. 3. Sauté the chicken breast and zucchini until fully cooked. 4. Combine all ingredients together and serve hot.,3
Simple Chicken Breast Tortillas Bowl,entree,Mediterranean,"['chicken breast', 'tortillas', 'spinach']",7,21,28,2,easy,False,A straightforward mediterranean dish featuring chicken breast and spinach.,1. Chop the spinach and prep the chicken breast. 2. Cook the tortillas according to package directions. 3. Sauté the chicken breast and spinach until fully cooked. 4. Combine all ingredients together and serve hot.,2
Black Beans with Carrots and Pasta,entree,Mexican,"['black beans', 'pasta', 'carrots', 'olive oil']",6,20,26,2,easy,True,A straightforward mexican dish featuring black beans and carrots.,1. Chop the carrots and prep the black beans. 2. Cook the pasta according to package directions. 3. Sauté the black beans and carrots until fully cooked. 4. Combine all ingredients together and serve hot.,2
Simple Lentils Potatoes Bowl,entree,Asian,"['lentils', 'potatoes', 'mushrooms', 'lemon juice']",6,11,17,2,easy,True,A straightforward asian dish featuring lentils and mushrooms.,1. Chop the mushrooms and prep the lentils. 2. Cook the potatoes according to package directions. 3. Sauté the lentils and mushrooms until fully cooked. 4. Combine all ingredients together and serve hot.,1
Quick Cabbage and Chickpeas Plate,entree,Mediterranean,"['chickpeas', 'rice', 'cabbage', 'garlic']",10,20,30,2,medium,True,A straightforward mediterranean dish featuring chickpeas and cabbage.,1. Chop the cabbage and prep the chickpeas. 2. Cook the rice according to package directions. 3. Sauté the chickpeas and cabbage until fully cooked. 4. Combine all ingredients together and serve hot.,3
Simple Chicken Breast Bread Bowl,entree,Italian,"['chicken breast', 'bread', 'bell pepper', 'hot sauce']",12,13,25,4,easy,False,A straightforward italian dish featuring chicken breast and bell pepper.,1. Chop the bell pepper and prep the chicken breast. 2. Cook the bread according to package directions. 3. Sauté the chicken breast and bell pepper until fully cooked. 4. Combine all ingredients together and serve hot.,2
Simple Chickpeas Pasta Bowl,entree,Italian,"['chickpeas', 'pasta', 'bell pepper', 'butter']",13,25,38,4,medium,True,A straightforward italian dish featuring chickpeas and bell pepper.,1. Chop the bell pepper and prep the chickpeas. 2. Cook the pasta according to package directions. 3. Sauté the chickpeas and bell pepper until fully cooked. 4. Combine all ingredients together and serve hot.,3
Quick Broccoli and Shrimp Plate,entree,American,"['shrimp', 'noodles', 'broccoli', 'soy sauce', 'garlic']",5,18,23,2,easy,False,A straightforward american dish featuring shrimp and broccoli.,1. Chop the broccoli and prep the shrimp. 2. Cook the noodles according to package directions. 3. Sauté the shrimp and broccoli until fully cooked. 4. Combine all ingredients together and serve hot.,2
Lentils with Carrots and Sweet Potatoes,entree,Mexican,"['lentils', 'sweet potatoes', 'carrots', 'teriyaki sauce', 'lemon juice']",11,17,28,2,easy,True,A straightforward mexican dish featuring lentils and carrots.,1. Chop the carrots and prep the lentils. 2. Cook the sweet potatoes according to package directions. 3. Sauté the lentils and carrots until fully cooked. 4. Combine all ingredients together and serve hot.,2
Quick Tomatoes and Pork Chops Plate,entree,Asian,"['pork chops', 'potatoes', 'tomatoes', 'cheese']",5,18,23,2,easy,False,A straightforward asian dish featuring pork chops and tomatoes.,1. Chop the tomatoes and prep the pork chops. 2. Cook the potatoes according to package directions. 3. Sauté the pork chops and tomatoes until fully cooked. 4. Combine all ingredients together and serve hot.,2
Quick Carrots and Salmon Plate,entree,Asian,"['salmon', 'potatoes', 'carrots', 'lemon juice']",7,14,21,2,easy,False,A straightforward asian dish featuring salmon and carrots.,1. Chop the carrots and prep the salmon. 2. Cook the potatoes according to package directions. 3. Sauté the salmon and carrots until fully cooked. 4. Combine all ingredients together and serve hot.,2
Chickpeas with Zucchini and Bread,entree,Italian,"['chickpeas', 'bread', 'zucchini']",11,18,29,2,easy,True,A straightforward italian dish featuring chickpeas and zucchini.,1. Chop the zucchini and prep the chickpeas. 2. Cook the bread according to package directions. 3. Sauté the chickpeas and zucchini until fully cooked. 4. Combine all ingredients together and serve hot.,2
Simple Beef Strips Bread Bowl,entree,American,"['beef strips', 'bread', 'zucchini', 'ginger', 'teriyaki sauce']",15,15,30,4,medium,False,A straightforward american dish featuring beef strips and zucchini.,1. Chop the zucchini and prep the beef strips. 2. Cook the bread according to package directions. 3. Sauté the beef strips and zucchini until fully cooked. 4. Combine all ingredients together and serve hot.,2
Chickpeas with Cabbage and Sweet Potatoes,entree,Mediterranean,"['chickpeas', 'sweet potatoes', 'cabbage', 'garlic']",13,10,23,4,easy,True,A straightforward mediterranean dish featuring chickpeas and cabbage.,1. Chop the cabbage and prep the chickpeas. 2. Cook the sweet potatoes according to package directions. 3. Sauté the chickpeas and cabbage until fully cooked. 4. Combine all ingredients together and serve hot.,2
Black Beans with Onion and Quinoa,entree,Asian,"['black beans', 'quinoa', 'onion']",15,19,34,4,medium,True,A straightforward asian dish featuring black beans and onion.,1. Chop the onion and prep the black beans. 2. Cook the quinoa according to package directions. 3. Sauté the black beans and onion until fully cooked. 4. Combine all ingredients together and serve hot.,2
Pork Chops with Mushrooms and Quinoa,entree,Asian,"['pork chops', 'quinoa', 'mushrooms', 'hot sauce', 'soy sauce']",11,13,24,4,easy,False,A straightforward asian dish featuring pork chops and mushrooms.,1. Chop the mushrooms and prep the pork chops. 2. Cook the quinoa according to package directions. 3. Sauté the pork chops and mushrooms until fully cooked. 4. Combine all ingredients together and serve hot.,2
Tofu with Cabbage and Pasta,entree,Italian,"['tofu', 'pasta', 'cabbage']",8,12,20,2,easy,True,A straightforward italian dish featuring tofu and cabbage.,1. Chop the cabbage and prep the tofu. 2. Cook the pasta according to package directions. 3. Sauté the tofu and cabbage until fully cooked. 4. Combine all ingredients together and serve hot.,2
Simple Shrimp Pasta Bowl,entree,Mediterranean,"['shrimp', 'pasta', 'mushrooms', 'garlic', 'butter']",11,20,31,2,medium,False,A straightforward mediterranean dish featuring shrimp and mushrooms.,1. Chop the mushrooms and prep the shrimp. 2. Cook the pasta according to package directions. 3. Sauté the shrimp and mushrooms until fully cooked. 4. Combine all ingredients together and serve hot.,3
Quick Carrots and Salmon Plate,entree,Asian,"['salmon', 'sweet potatoes', 'carrots']",10,21,31,4,medium,False,A straightforward asian dish featuring salmon and carrots.,1. Chop the carrots and prep the salmon. 2. Cook the sweet potatoes according to package directions. 3. Sauté the salmon and carrots until fully cooked. 4. Combine all ingredients together and serve hot.,3
Simple Pork Chops Tortillas Bowl,entree,Asian,"['pork chops', 'tortillas', 'carrots', 'olive oil']",8,24,32,4,medium,False,A straightforward asian dish featuring pork chops and carrots.,1. Chop the carrots and prep the pork chops. 2. Cook the tortillas according to package directions. 3. Sauté the pork chops and carrots until fully cooked. 4. Combine all ingredients together and serve hot.,3
Simple Salmon Quinoa Bowl,entree,Mediterranean,"['salmon', 'quinoa', 'spinach']",10,18,28,4,easy,False,A straightforward mediterranean dish featuring salmon and spinach.,1. Chop the spinach and prep the salmon. 2. Cook the quinoa according to package directions. 3. Sauté the salmon and spinach until fully cooked. 4. Combine all ingredients together and serve hot.,2
Simple Eggs Pasta Bowl,entree,Mexican,"['eggs', 'pasta', 'bell pepper']",10,15,25,4,easy,True,A straightforward mexican dish featuring eggs and bell pepper.,1. Chop the bell pepper and prep the eggs. 2. Cook the pasta according to package directions. 3. Sauté the eggs and bell pepper until fully cooked. 4. Combine all ingredients together and serve hot.,2
Simple Chickpeas Bread Bowl,entree,Italian,"['chickpeas', 'bread', 'tomatoes', 'ginger', 'cheese']",8,15,23,2,easy,True,A straightforward italian dish featuring chickpeas and tomatoes.,1. Chop the tomatoes and prep the chickpeas. 2. Cook the bread according to package directions. 3. Sauté the chickpeas and tomatoes until fully cooked. 4. Combine all ingredients together and serve hot.,2
Quick Zucchini and Chickpeas Plate,entree,Italian,"['chickpeas', 'noodles', 'zucchini', 'teriyaki sauce', 'garlic']",13,10,23,2,easy,True,A straightforward italian dish featuring chickpeas and zucchini.,1. Chop the zucchini and prep the chickpeas. 2. Cook the noodles according to package directions. 3. Sauté the chickpeas and zucchini until fully cooked. 4. Combine all ingredients together and serve hot.,2
Quick Mushrooms and Chicken Breast Plate,entree,Mexican,"['chicken breast', 'tortillas', 'mushrooms', 'hot sauce', 'olive oil']",9,14,23,2,easy,False,A straightforward mexican dish featuring chicken breast and mushrooms.,1. Chop the mushrooms and prep the chicken breast. 2. Cook the tortillas according to package directions. 3. Sauté the chicken breast and mushrooms until fully cooked. 4. Combine all ingredients together and serve hot.,2
Quick Spinach and Lentils Plate,entree,Mediterranean,"['lentils', 'rice', 'spinach', 'olive oil']",7,11,18,2,easy,True,A straightforward mediterranean dish featuring lentils and spinach.,1. Chop the spinach and prep the lentils. 2. Cook the rice according to package directions. 3. Sauté the lentils and spinach until fully cooked. 4. Combine all ingredients together and serve hot.,1
Quick Cabbage and Lentils Plate,entree,Italian,"['lentils', 'noodles', 'cabbage', 'lemon juice', 'olive oil']",10,14,24,4,easy,True,A straightforward italian dish featuring lentils and cabbage.,1. Chop the cabbage and prep the lentils. 2. Cook the noodles according to package directions. 3. Sauté the lentils and cabbage until fully cooked. 4. Combine all ingredients together and serve hot.,2
Pork Chops with Mushrooms and Noodles,entree,Mexican,"['pork chops', 'noodles', 'mushrooms', 'lemon juice', 'olive oil']",11,16,27,4,easy,False,A straightforward mexican dish featuring pork chops and mushrooms.,1. Chop the mushrooms and prep the pork chops. 2. Cook the noodles according to package directions. 3. Sauté the pork chops and mushrooms until fully cooked. 4. Combine all ingredients together and serve hot.,2
Quick Peas and Tofu Plate,entree,American,"['tofu', 'noodles', 'peas', 'hot sauce', 'ginger']",12,16,28,2,easy,True,A straightforward american dish featuring tofu and peas.,1. Chop the peas and prep the tofu. 2. Cook the noodles according to package directions. 3. Sauté the tofu and peas until fully cooked. 4. Combine all ingredients together and serve hot.,2
Quick Bell Pepper and Eggs Plate,entree,American,"['eggs', 'sweet potatoes', 'bell pepper', 'butter']",12,22,34,4,medium,True,A straightforward american dish featuring eggs and bell pepper.,1. Chop the bell pepper and prep the eggs. 2. Cook the sweet potatoes according to package directions. 3. Sauté the eggs and bell pepper until fully cooked. 4. Combine all ingredients together and serve hot.,3
Simple Tofu Bread Bowl,entree,American,"['tofu', 'bread', 'mushrooms', 'teriyaki sauce']",5,23,28,2,easy,True,A straightforward american dish featuring tofu and mushrooms.,1. Chop the mushrooms and prep the tofu. 2. Cook the bread according to package directions. 3. Sauté the tofu and mushrooms until fully cooked. 4. Combine all ingredients together and serve hot.,2
Shrimp with Bell Pepper and Quinoa,entree,Mediterranean,"['shrimp', 'quinoa', 'bell pepper']",13,19,32,4,medium,False,A straightforward mediterranean dish featuring shrimp and bell pepper.,1. Chop the bell pepper and prep the shrimp. 2. Cook the quinoa according to package directions. 3. Sauté the shrimp and bell pepper until fully cooked. 4. Combine all ingredients together and serve hot.,3
Black Beans with Spinach and Rice,entree,Mediterranean,"['black beans', 'rice', 'spinach']",8,17,25,2,easy,True,A straightforward mediterranean dish featuring black beans and spinach.,1. Chop the spinach and prep the black beans. 2. Cook the rice according to package directions. 3. Sauté the black beans and spinach until fully cooked. 4. Combine all ingredients together and serve hot.,2
Simple Lentils Tortillas Bowl,entree,Mediterranean,"['lentils', 'tortillas', 'cabbage', 'ginger']",15,11,26,2,easy,True,A straightforward mediterranean dish featuring lentils and cabbage.,1. Chop the cabbage and prep the lentils. 2. Cook the tortillas according to package directions. 3. Sauté the lentils and cabbage until fully cooked. 4. Combine all ingredients together and serve hot.,2
Black Beans with Peas and Pasta,entree,Mediterranean,"['black beans', 'pasta', 'peas', 'lemon juice']",12,13,25,2,easy,True,A straightforward mediterranean dish featuring black beans and peas.,1. Chop the peas and prep the black beans. 2. Cook the pasta according to package directions. 3. Sauté the black beans and peas until fully cooked. 4. Combine all ingredients together and serve hot.,2
Chickpeas with Cabbage and Tortillas,entree,Italian,"['chickpeas', 'tortillas', 'cabbage', 'olive oil', 'hot sauce']",7,24,31,4,medium,True,A straightforward italian dish featuring chickpeas and cabbage.,1. Chop the cabbage and prep the chickpeas. 2. Cook the tortillas according to package directions. 3. Sauté the chickpeas and cabbage until fully cooked. 4. Combine all ingredients together and serve hot.,3
Quick Onion and Salmon Plate,entree,Asian,"['salmon', 'quinoa', 'onion']",9,11,20,4,easy,False,A straightforward asian dish featuring salmon and onion.,1. Chop the onion and prep the salmon. 2. Cook the quinoa according to package directions. 3. Sauté the salmon and onion until fully cooked. 4. Combine all ingredients together and serve hot.,2
Simple Pork Chops Tortillas Bowl,entree,American,"['pork chops', 'tortillas', 'broccoli', 'ginger']",11,11,22,4,easy,False,A straightforward american dish featuring pork chops and broccoli.,1. Chop the broccoli and prep the pork chops. 2. Cook the tortillas according to package directions. 3. Sauté the pork chops and broccoli until fully cooked. 4. Combine all ingredients together and serve hot.,2
Simple Tofu Quinoa Bowl,entree,American,"['tofu', 'quinoa', 'cabbage', 'soy sauce', 'olive oil']",11,13,24,4,easy,True,A straightforward american dish featuring tofu and cabbage.,1. Chop the cabbage and prep the tofu. 2. Cook the quinoa according to package directions. 3. Sauté the tofu and cabbage until fully cooked. 4. Combine all ingredients together and serve hot.,2
Chicken Breast with Mushrooms and Tortillas,entree,Mexican,"['chicken breast', 'tortillas', 'mushrooms']",10,19,29,2,easy,False,A straightforward mexican dish featuring chicken breast and mushrooms.,1. Chop the mushrooms and prep the chicken breast. 2. Cook the tortillas according to package directions. 3. Sauté the chicken breast and mushrooms until fully cooked. 4. Combine all ingredients together and serve hot.,2
Simple Lentils Quinoa Bowl,entree,Italian,"['lentils', 'quinoa', 'zucchini', 'hot sauce', 'olive oil']",12,13,25,2,easy,True,A straightforward italian dish featuring lentils and zucchini.,1. Chop the zucchini and prep the lentils. 2. Cook the quinoa according to package directions. 3. Sauté the lentils and zucchini until fully cooked. 4. Combine all ingredients together and serve hot.,2
Chickpeas with Onion and Sweet Potatoes,entree,Mexican,"['chickpeas', 'sweet potatoes', 'onion']",7,17,24,4,easy,True,A straightforward mexican dish featuring chickpeas and onion.,1. Chop the onion and prep the chickpeas. 2. Cook the sweet potatoes according to package directions. 3. Sauté the chickpeas and onion until fully cooked. 4. Combine all ingredients together and serve hot.,2
Black Beans with Broccoli and Bread,entree,Mexican,"['black beans', 'bread', 'broccoli', 'hot sauce']",8,15,23,4,easy,True,A straightforward mexican dish featuring black beans and broccoli.,1. Chop the broccoli and prep the black beans. 2. Cook the bread according to package directions. 3. Sauté the black beans and broccoli until fully cooked. 4. Combine all ingredients together and serve hot.,2
Simple Chicken Breast Quinoa Bowl,entree,American,"['chicken breast', 'quinoa', 'carrots', 'lemon juice', 'ginger']",13,11,24,2,easy,False,A straightforward american dish featuring chicken breast and carrots.,1. Chop the carrots and prep the chicken breast. 2. Cook the quinoa according to package directions. 3. Sauté the chicken breast and carrots until fully cooked. 4. Combine all ingredients together and serve hot.,2
Tofu with Broccoli and Pasta,entree,Italian,"['tofu', 'pasta', 'broccoli', 'garlic', 'ginger']",5,21,26,4,easy,True,A straightforward italian dish featuring tofu and broccoli.,1. Chop the broccoli and prep the tofu. 2. Cook the pasta according to package directions. 3. Sauté the tofu and broccoli until fully cooked. 4. Combine all ingredients together and serve hot.,2
Simple Lentils Sweet Potatoes Bowl,entree,Asian,"['lentils', 'sweet potatoes', 'carrots', 'olive oil']",15,20,35,2,medium,True,A straightforward asian dish featuring lentils and carrots.,1. Chop the carrots and prep the lentils. 2. Cook the sweet potatoes according to package directions. 3. Sauté the lentils and carrots until fully cooked. 4. Combine all ingredients together and serve hot.,3
Simple Beef Strips Noodles Bowl,entree,Mediterranean,"['beef strips', 'noodles', 'onion', 'soy sauce', 'cheese']",13,20,33,4,medium,False,A straightforward mediterranean dish featuring beef strips and onion.,1. Chop the onion and prep the beef strips. 2. Cook the noodles according to package directions. 3. Sauté the beef strips and onion until fully cooked. 4. Combine all ingredients together and serve hot.,3
Simple Lentils Quinoa Bowl,entree,Italian,"['lentils', 'quinoa', 'cabbage']",6,22,28,2,easy,True,A straightforward italian dish featuring lentils and cabbage.,1. Chop the cabbage and prep the lentils. 2. Cook the quinoa according to package directions. 3. Sauté the lentils and cabbage until fully cooked. 4. Combine all ingredients together and serve hot.,2
Quick Peas and Lentils Plate,entree,American,"['lentils', 'pasta', 'peas', 'butter']",5,18,23,4,easy,True,A straightforward american dish featuring lentils and peas.,1. Chop the peas and prep the lentils. 2. Cook the pasta according to package directions. 3. Sauté the lentils and peas until fully cooked. 4. Combine all ingredients together and serve hot.,2
Simple Black Beans Pasta Bowl,entree,Mediterranean,"['black beans', 'pasta', 'zucchini', 'teriyaki sauce']",13,22,35,2,medium,True,A straightforward mediterranean dish featuring black beans and zucchini.,1. Chop the zucchini and prep the black beans. 2. Cook the pasta according to package directions. 3. Sauté the black beans and zucchini until fully cooked. 4. Combine all ingredients together and serve hot.,3
Quick Mushrooms and Eggs Plate,entree,Asian,"['eggs', 'rice', 'mushrooms']",7,22,29,4,easy,True,A straightforward asian dish featuring eggs and mushrooms.,1. Chop the mushrooms and prep the eggs. 2. Cook the rice according to package directions. 3. Sauté the eggs and mushrooms until fully cooked. 4. Combine all ingredients together and serve hot.,2
Quick Cabbage and Shrimp Plate,entree,Asian,"['shrimp', 'noodles', 'cabbage']",6,18,24,2,easy,False,A straightforward asian dish featuring shrimp and cabbage.,1. Chop the cabbage and prep the shrimp. 2. Cook the noodles according to package directions. 3. Sauté the shrimp and cabbage until fully cooked. 4. Combine all ingredients together and serve hot.,2
Quick Peas and Tofu Plate,entree,Mexican,"['tofu', 'rice', 'peas', 'cheese']",10,24,34,4,medium,True,A straightforward mexican dish featuring tofu and peas.,1. Chop the peas and prep the tofu. 2. Cook the rice according to package directions. 3. Sauté the tofu and peas until fully cooked. 4. Combine all ingredients together and serve hot.,2
Shrimp with Tomatoes and Quinoa,entree,Mediterranean,"['shrimp', 'quinoa', 'tomatoes', 'lemon juice']",7,17,24,2,easy,False,A straightforward mediterranean dish featuring shrimp and tomatoes.,1. Chop the tomatoes and prep the shrimp. 2. Cook the quinoa according to package directions. 3. Sauté the shrimp and tomatoes until fully cooked. 4. Combine all ingredients together and serve hot.,2
Simple Shrimp Potatoes Bowl,entree,Asian,"['shrimp', 'potatoes', 'broccoli']",14,17,31,4,medium,False,A straightforward asian dish featuring shrimp and broccoli.,1. Chop the broccoli and prep the shrimp. 2. Cook the potatoes according to package directions. 3. Sauté the shrimp and broccoli until fully cooked. 4. Combine all ingredients together and serve hot.,3
Simple Lentils Quinoa Bowl,entree,Asian,"['lentils', 'quinoa', 'broccoli', 'garlic', 'olive oil']",6,20,26,4,easy,True,A straightforward asian dish featuring lentils and broccoli.,1. Chop the broccoli and prep the lentils. 2. Cook the quinoa according to package directions. 3. Sauté the lentils and broccoli until fully cooked. 4. Combine all ingredients together and serve hot.,2
Quick Zucchini and Chicken Breast Plate,entree,Asian,"['chicken breast', 'potatoes', 'zucchini', 'olive oil', 'lemon juice']",12,12,24,4,easy,False,A straightforward asian dish featuring chicken breast and zucchini.,1. Chop the zucchini and prep the chicken breast. 2. Cook the potatoes according to package directions. 3. Sauté the chicken breast and zucchini until fully cooked. 4. Combine all ingredients together and serve hot.,2
Chickpeas with Spinach and Rice,entree,Asian,"['chickpeas', 'rice', 'spinach', 'butter']",6,12,18,2,easy,True,A straightforward asian dish featuring chickpeas and spinach.,1. Chop the spinach and prep the chickpeas. 2. Cook the rice according to package directions. 3. Sauté the chickpeas and spinach until fully cooked. 4. Combine all ingredients together and serve hot.,1
Quick Cabbage and Salmon Plate,entree,Mediterranean,"['salmon', 'noodles', 'cabbage', 'soy sauce']",12,23,35,2,medium,False,A straightforward mediterranean dish featuring salmon and cabbage.,1. Chop the cabbage and prep the salmon. 2. Cook the noodles according to package directions. 3. Sauté the salmon and cabbage until fully cooked. 4. Combine all ingredients together and serve hot.,2
Quick Carrots and Eggs Plate,entree,American,"['eggs', 'noodles', 'carrots']",9,18,27,2,easy,True,A straightforward american dish featuring eggs and carrots.,1. Chop the carrots and prep the eggs. 2. Cook the noodles according to package directions. 3. Sauté the eggs and carrots until fully cooked. 4. Combine all ingredients together and serve hot.,2
Tofu with Spinach and Noodles,entree,Mediterranean,"['tofu', 'noodles', 'spinach', 'teriyaki sauce', 'olive oil']",6,14,20,2,easy,True,A straightforward mediterranean dish featuring tofu and spinach.,1. Chop the spinach and prep the tofu. 2. Cook the noodles according to package directions. 3. Sauté the tofu and spinach until fully cooked. 4. Combine all ingredients together and serve hot.,2
Quick Mushrooms and Shrimp Plate,entree,American,"['shrimp', 'sweet potatoes', 'mushrooms', 'hot sauce']",15,22,37,2,medium,False,A straightforward american dish featuring shrimp and mushrooms.,1. Chop the mushrooms and prep the shrimp. 2. Cook the sweet potatoes according to package directions. 3. Sauté the shrimp and mushrooms until fully cooked. 4. Combine all ingredients together and serve hot.,2
Simple Lentils Noodles Bowl,entree,American,"['lentils', 'noodles', 'spinach', 'lemon juice', 'olive oil']",6,16,22,4,easy,True,A straightforward american dish featuring lentils and spinach.,1. Chop the spinach and prep the lentils. 2. Cook the noodles according to package directions. 3. Sauté the lentils and spinach until fully cooked. 4. Combine all ingredients together and serve hot.,2
Quick Cabbage and Chicken Breast Plate,entree,Italian,"['chicken breast', 'bread', 'cabbage', 'soy sauce', 'lemon juice']",9,17,26,4,easy,False,A straightforward italian dish featuring chicken breast and cabbage.,1. Chop the cabbage and prep the chicken breast. 2. Cook the bread according to package directions. 3. Sauté the chicken breast and cabbage until fully cooked. 4. Combine all ingredients together and serve hot.,2
Simple Eggs Noodles Bowl,entree,Mediterranean,"['eggs', 'noodles', 'spinach', 'teriyaki sauce']",12,21,33,4,medium,True,A straightforward mediterranean dish featuring eggs and spinach.,1. Chop the spinach and prep the eggs. 2. Cook the noodles according to package directions. 3. Sauté the eggs and spinach until fully cooked. 4. Combine all ingredients together and serve hot.,2
Quick Bell Pepper and Chickpeas Plate,entree,Mediterranean,"['chickpeas', 'potatoes', 'bell pepper']",10,23,33,4,medium,True,A straightforward mediterranean dish featuring chickpeas and bell pepper.,1. Chop the bell pepper and prep the chickpeas. 2. Cook the potatoes according to package directions. 3. Sauté the chickpeas and bell pepper until fully cooked. 4. Combine all ingredients together and serve hot.,3
Quick Carrots and Salmon Plate,entree,Italian,"['salmon', 'tortillas', 'carrots', 'hot sauce']",6,12,18,2,easy,False,A straightforward italian dish featuring salmon and carrots.,1. Chop the carrots and prep the salmon. 2. Cook the tortillas according to package directions. 3. Sauté the salmon and carrots until fully cooked. 4. Combine all ingredients together and serve hot.,1
Quick Spinach and Salmon Plate,entree,Asian,"['salmon', 'tortillas', 'spinach', 'ginger', 'teriyaki sauce']",13,21,34,2,medium,False,A straightforward asian dish featuring salmon and spinach.,1. Chop the spinach and prep the salmon. 2. Cook the tortillas according to package directions. 3. Sauté the salmon and spinach until fully cooked. 4. Combine all ingredients together and serve hot.,3
Quick Bell Pepper and Salmon Plate,entree,Italian,"['salmon', 'potatoes', 'bell pepper']",7,18,25,4,easy,False,A straightforward italian dish featuring salmon and bell pepper.,1. Chop the bell pepper and prep the salmon. 2. Cook the potatoes according to package directions. 3. Sauté the salmon and bell pepper until fully cooked. 4. Combine all ingredients together and serve hot.,2
Quick Bell Pepper and Tofu Plate,entree,Italian,"['tofu', 'tortillas', 'bell pepper']",8,20,28,2,easy,True,A straightforward italian dish featuring tofu and bell pepper.,1. Chop the bell pepper and prep the tofu. 2. Cook the tortillas according to package directions. 3. Sauté the tofu and bell pepper until fully cooked. 4. Combine all ingredients together and serve hot.,2
Quick Bell Pepper and Salmon Plate,entree,Asian,"['salmon', 'rice', 'bell pepper', 'ginger', 'lemon juice']",8,25,33,2,medium,False,A straightforward asian dish featuring salmon and bell pepper.,1. Chop the bell pepper and prep the salmon. 2. Cook the rice according to package directions. 3. Sauté the salmon and bell pepper until fully cooked. 4. Combine all ingredients together and serve hot.,3
Quick Tomatoes and Salmon Plate,entree,Asian,"['salmon', 'pasta', 'tomatoes', 'ginger']",10,21,31,2,medium,False,A straightforward asian dish featuring salmon and tomatoes.,1. Chop the tomatoes and prep the salmon. 2. Cook the pasta according to package directions. 3. Sauté the salmon and tomatoes until fully cooked. 4. Combine all ingredients together and serve hot.,2
Quick Onion and Black Beans Plate,entree,Asian,"['black beans', 'bread', 'onion']",10,11,21,2,easy,True,A straightforward asian dish featuring black beans and onion.,1. Chop the onion and prep the black beans. 2. Cook the bread according to package directions. 3. Sauté the black beans and onion until fully cooked. 4. Combine all ingredients together and serve hot.,2
Beef Strips with Carrots and Rice,entree,Mexican,"['beef strips', 'rice', 'carrots', 'garlic', 'soy sauce']",12,17,29,4,easy,False,A straightforward mexican dish featuring beef strips and carrots.,1. Chop the carrots and prep the beef strips. 2. Cook the rice according to package directions. 3. Sauté the beef strips and carrots until fully cooked. 4. Combine all ingredients together and serve hot.,2
Quick Zucchini and Eggs Plate,entree,Mediterranean,"['eggs', 'tortillas', 'zucchini', 'butter', 'lemon juice']",6,21,27,2,easy,True,A straightforward mediterranean dish featuring eggs and zucchini.,1. Chop the zucchini and prep the eggs. 2. Cook the tortillas according to package directions. 3. Sauté the eggs and zucchini until fully cooked. 4. Combine all ingredients together and serve hot.,2
Salmon with Mushrooms and Pasta,entree,Italian,"['salmon', 'pasta', 'mushrooms', 'teriyaki sauce']",6,19,25,2,easy,False,A straightforward italian dish featuring salmon and mushrooms.,1. Chop the mushrooms and prep the salmon. 2. Cook the pasta according to package directions. 3. Sauté the salmon and mushrooms until fully cooked. 4. Combine all ingredients together and serve hot.,2
Quick Cabbage and Lentils Plate,entree,American,"['lentils', 'noodles', 'cabbage', 'cheese', 'lemon juice']",14,10,24,2,easy,True,A straightforward american dish featuring lentils and cabbage.,1. Chop the cabbage and prep the lentils. 2. Cook the noodles according to package directions. 3. Sauté the lentils and cabbage until fully cooked. 4. Combine all ingredients together and serve hot.,2
Chicken Breast with Broccoli and Noodles,entree,Mediterranean,"['chicken breast', 'noodles', 'broccoli']",12,14,26,2,easy,False,A straightforward mediterranean dish featuring chicken breast and broccoli.,1. Chop the broccoli and prep the chicken breast. 2. Cook the noodles according to package directions. 3. Sauté the chicken breast and broccoli until fully cooked. 4. Combine all ingredients together and serve hot.,2
Quick Carrots and Pork Chops Plate,entree,American,"['pork chops', 'noodles', 'carrots', 'teriyaki sauce', 'olive oil']",15,10,25,4,easy,False,A straightforward american dish featuring pork chops and carrots.,1. Chop the carrots and prep the pork chops. 2. Cook the noodles according to package directions. 3. Sauté the pork chops and carrots until fully cooked. 4. Combine all ingredients together and serve hot.,2
Shrimp with Bell Pepper and Noodles,entree,Asian,"['shrimp', 'noodles', 'bell pepper']",6,19,25,2,easy,False,A straightforward asian dish featuring shrimp and bell pepper.,1. Chop the bell pepper and prep the shrimp. 2. Cook the noodles according to package directions. 3. Sauté the shrimp and bell pepper until fully cooked. 4. Combine all ingredients together and serve hot.,2
Salmon with Cabbage and Potatoes,entree,Mediterranean,"['salmon', 'potatoes', 'cabbage', 'soy sauce']",14,25,39,4,medium,False,A straightforward mediterranean dish featuring salmon and cabbage.,1. Chop the cabbage and prep the salmon. 2. Cook the potatoes according to package directions. 3. Sauté the salmon and cabbage until fully cooked. 4. Combine all ingredients together and serve hot.,3
Quick Bell Pepper and Lentils Plate,entree,Asian,"['lentils', 'sweet potatoes', 'bell pepper', 'garlic']",14,19,33,4,medium,True,A straightforward asian dish featuring lentils and bell pepper.,1. Chop the bell pepper and prep the lentils. 2. Cook the sweet potatoes according to package directions. 3. Sauté the lentils and bell pepper until fully cooked. 4. Combine all ingredients together and serve hot.,2
Quick Carrots and Chicken Breast Plate,entree,American,"['chicken breast', 'pasta', 'carrots']",5,11,16,2,easy,False,A straightforward american dish featuring chicken breast and carrots.,1. Chop the carrots and prep the chicken breast. 2. Cook the pasta according to package directions. 3. Sauté the chicken breast and carrots until fully cooked. 4. Combine all ingredients together and serve hot.,1
Beef Strips with Zucchini and Noodles,entree,American,"['beef strips', 'noodles', 'zucchini']",8,25,33,2,medium,False,A straightforward american dish featuring beef strips and zucchini.,1. Chop the zucchini and prep the beef strips. 2. Cook the noodles according to package directions. 3. Sauté the beef strips and zucchini until fully cooked. 4. Combine all ingredients together and serve hot.,3
Black Beans with Broccoli and Bread,entree,Asian,"['black beans', 'bread', 'broccoli', 'teriyaki sauce', 'olive oil']",12,21,33,2,medium,True,A straightforward asian dish featuring black beans and broccoli.,1. Chop the broccoli and prep the black beans. 2. Cook the bread according to package directions. 3. Sauté the black beans and broccoli until fully cooked. 4. Combine all ingredients together and serve hot.,2
Quick Zucchini and Black Beans Plate,entree,Mediterranean,"['black beans', 'rice', 'zucchini', 'garlic', 'teriyaki sauce']",5,13,18,4,easy,True,A straightforward mediterranean dish featuring black beans and zucchini.,1. Chop the zucchini and prep the black beans. 2. Cook the rice according to package directions. 3. Sauté the black beans and zucchini until fully cooked. 4. Combine all ingredients together and serve hot.,1
Quick Zucchini and Shrimp Plate,entree,Mediterranean,"['shrimp', 'sweet potatoes', 'zucchini']",8,25,33,2,medium,False,A straightforward mediterranean dish featuring shrimp and zucchini.,1. Chop the zucchini and prep the shrimp. 2. Cook the sweet potatoes according to package directions. 3. Sauté the shrimp and zucchini until fully cooked. 4. Combine all ingredients together and serve hot.,3
Simple Pork Chops Bread Bowl,entree,American,"['pork chops', 'bread', 'cabbage', 'soy sauce', 'ginger']",6,10,16,2,easy,False,A straightforward american dish featuring pork chops and cabbage.,1. Chop the cabbage and prep the pork chops. 2. Cook the bread according to package directions. 3. Sauté the pork chops and cabbage until fully cooked. 4. Combine all ingredients together and serve hot.,1
Tofu with Spinach and Noodles,entree,Italian,"['tofu', 'noodles', 'spinach', 'ginger']",8,21,29,2,easy,True,A straightforward italian dish featuring tofu and spinach.,1. Chop the spinach and prep the tofu. 2. Cook the noodles according to package directions. 3. Sauté the tofu and spinach until fully cooked. 4. Combine all ingredients together and serve hot.,2
Chicken Breast with Peas and Sweet Potatoes,entree,Italian,"['chicken breast', 'sweet potatoes', 'peas', 'lemon juice']",10,14,24,4,easy,False,A straightforward italian dish featuring chicken breast and peas.,1. Chop the peas and prep the chicken breast. 2. Cook the sweet potatoes according to package directions. 3. Sauté the chicken breast and peas until fully cooked. 4. Combine all ingredients together and serve hot.,2
Simple Lentils Quinoa Bowl,entree,American,"['lentils', 'quinoa', 'bell pepper']",12,22,34,2,medium,True,A straightforward american dish featuring lentils and bell pepper.,1. Chop the bell pepper and prep the lentils. 2. Cook the quinoa according to package directions. 3. Sauté the lentils and bell pepper until fully cooked. 4. Combine all ingredients together and serve hot.,3
Black Beans with Broccoli and Pasta,entree,Italian,"['black beans', 'pasta', 'broccoli', 'garlic']",11,19,30,2,medium,True,A straightforward italian dish featuring black beans and broccoli.,1. Chop the broccoli and prep the black beans. 2. Cook the pasta according to package directions. 3. Sauté the black beans and broccoli until fully cooked. 4. Combine all ingredients together and serve hot.,2
Pork Chops with Spinach and Rice,entree,Mediterranean,"['pork chops', 'rice', 'spinach', 'ginger', 'garlic']",6,19,25,2,easy,False,A straightforward mediterranean dish featuring pork chops and spinach.,1. Chop the spinach and prep the pork chops. 2. Cook the rice according to package directions. 3. Sauté the pork chops and spinach until fully cooked. 4. Combine all ingredients together and serve hot.,2
Quick Mushrooms and Shrimp Plate,entree,Mexican,"['shrimp', 'bread', 'mushrooms', 'lemon juice', 'soy sauce']",12,11,23,2,easy,False,A straightforward mexican dish featuring shrimp and mushrooms.,1. Chop the mushrooms and prep the shrimp. 2. Cook the bread according to package directions. 3. Sauté the shrimp and mushrooms until fully cooked. 4. Combine all ingredients together and serve hot.,2
Simple Black Beans Tortillas Bowl,entree,Mediterranean,"['black beans', 'tortillas', 'carrots', 'soy sauce', 'hot sauce']",7,23,30,4,medium,True,A straightforward mediterranean dish featuring black beans and carrots.,1. Chop the carrots and prep the black beans. 2. Cook the tortillas according to package directions. 3. Sauté the black beans and carrots until fully cooked. 4. Combine all ingredients together and serve hot.,2
Simple Chickpeas Bread Bowl,entree,American,"['chickpeas', 'bread', 'cabbage', 'ginger', 'hot sauce']",14,12,26,4,easy,True,A straightforward american dish featuring chickpeas and cabbage.,1. Chop the cabbage and prep the chickpeas. 2. Cook the bread according to package directions. 3. Sauté the chickpeas and cabbage until fully cooked. 4. Combine all ingredients together and serve hot.,2
Quick Tomatoes and Shrimp Plate,entree,Italian,"['shrimp', 'rice', 'tomatoes', 'teriyaki sauce']",7,15,22,2,easy,False,A straightforward italian dish featuring shrimp and tomatoes.,1. Chop the tomatoes and prep the shrimp. 2. Cook the rice according to package directions. 3. Sauté the shrimp and tomatoes until fully cooked. 4. Combine all ingredients together and serve hot.,2
Quick Spinach and Tofu Plate,entree,American,"['tofu', 'bread', 'spinach', 'olive oil', 'hot sauce']",7,13,20,4,easy,True,A straightforward american dish featuring tofu and spinach.,1. Chop the spinach and prep the tofu. 2. Cook the bread according to package directions. 3. Sauté the tofu and spinach until fully cooked. 4. Combine all ingredients together and serve hot.,2
Black Beans with Mushrooms and Noodles,entree,American,"['black beans', 'noodles', 'mushrooms', 'soy sauce', 'lemon juice']",8,21,29,2,easy,True,A straightforward american dish featuring black beans and mushrooms.,1. Chop the mushrooms and prep the black beans. 2. Cook the noodles according to package directions. 3. Sauté the black beans and mushrooms until fully cooked. 4. Combine all ingredients together and serve hot.,2
Pork Chops with Mushrooms and Tortillas,entree,Mexican,"['pork chops', 'tortillas', 'mushrooms', 'hot sauce']",11,13,24,4,easy,False,A straightforward mexican dish featuring pork chops and mushrooms.,1. Chop the mushrooms and prep the pork chops. 2. Cook the tortillas according to package directions. 3. Sauté the pork chops and mushrooms until fully cooked. 4. Combine all ingredients together and serve hot.,2
Quick Bell Pepper and Eggs Plate,entree,Asian,"['eggs', 'potatoes', 'bell pepper']",5,17,22,2,easy,True,A straightforward asian dish featuring eggs and bell pepper.,1. Chop the bell pepper and prep the eggs. 2. Cook the potatoes according to package directions. 3. Sauté the eggs and bell pepper until fully cooked. 4. Combine all ingredients together and serve hot.,2
Chickpeas with Bell Pepper and Rice,entree,American,"['chickpeas', 'rice', 'bell pepper', 'soy sauce']",6,22,28,2,easy,True,A straightforward american dish featuring chickpeas and bell pepper.,1. Chop the bell pepper and prep the chickpeas. 2. Cook the rice according to package directions. 3. Sauté the chickpeas and bell pepper until fully cooked. 4. Combine all ingredients together and serve hot.,2
Chicken Breast with Spinach and Tortillas,entree,Italian,"['chicken breast', 'tortillas', 'spinach']",12,24,36,2,medium,False,A straightforward italian dish featuring chicken breast and spinach.,1. Chop the spinach and prep the chicken breast. 2. Cook the tortillas according to package directions. 3. Sauté the chicken breast and spinach until fully cooked. 4. Combine all ingredients together and serve hot.,3
Simple Black Beans Sweet Potatoes Bowl,entree,Mediterranean,"['black beans', 'sweet potatoes', 'mushrooms', 'butter']",15,22,37,2,medium,True,A straightforward mediterranean dish featuring black beans and mushrooms.,1. Chop the mushrooms and prep the black beans. 2. Cook the sweet potatoes according to package directions. 3. Sauté the black beans and mushrooms until fully cooked. 4. Combine all ingredients together and serve hot.,2
Quick Bell Pepper and Chickpeas Plate,entree,Mexican,"['chickpeas', 'rice', 'bell pepper']",10,13,23,4,easy,True,A straightforward mexican dish featuring chickpeas and bell pepper.,1. Chop the bell pepper and prep the chickpeas. 2. Cook the rice according to package directions. 3. Sauté the chickpeas and bell pepper until fully cooked. 4. Combine all ingredients together and serve hot.,2
Simple Chicken Breast Pasta Bowl,entree,Asian,"['chicken breast', 'pasta', 'onion', 'butter']",13,12,25,4,easy,False,A straightforward asian dish featuring chicken breast and onion.,1. Chop the onion and prep the chicken breast. 2. Cook the pasta according to package directions. 3. Sauté the chicken breast and onion until fully cooked. 4. Combine all ingredients together and serve hot.,2
Quick Carrots and Chicken Breast Plate,entree,Italian,"['chicken breast', 'rice', 'carrots']",11,12,23,4,easy,False,A straightforward italian dish featuring chicken breast and carrots.,1. Chop the carrots and prep the chicken breast. 2. Cook the rice according to package directions. 3. Sauté the chicken breast and carrots until fully cooked. 4. Combine all ingredients together and serve hot.,2
Quick Cabbage and Chicken Breast Plate,entree,Mediterranean,"['chicken breast', 'pasta', 'cabbage']",11,12,23,2,easy,False,A straightforward mediterranean dish featuring chicken breast and cabbage.,1. Chop the cabbage and prep the chicken breast. 2. Cook the pasta according to package directions. 3. Sauté the chicken breast and cabbage until fully cooked. 4. Combine all ingredients together and serve hot.,2
Simple Shrimp Quinoa Bowl,entree,American,"['shrimp', 'quinoa', 'onion']",5,12,17,2,easy,False,A straightforward american dish featuring shrimp and onion.,1. Chop the onion and prep the shrimp. 2. Cook the quinoa according to package directions. 3. Sauté the shrimp and onion until fully cooked. 4. Combine all ingredients together and serve hot.,1
Quick Mushrooms and Beef Strips Plate,entree,Asian,"['beef strips', 'quinoa', 'mushrooms']",8,24,32,2,medium,False,A straightforward asian dish featuring beef strips and mushrooms.,1. Chop the mushrooms and prep the beef strips. 2. Cook the quinoa according to package directions. 3. Sauté the beef strips and mushrooms until fully cooked. 4. Combine all ingredients together and serve hot.,2
Black Beans with Zucchini and Tortillas,entree,Asian,"['black beans', 'tortillas', 'zucchini', 'teriyaki sauce']",5,15,20,4,easy,True,A straightforward asian dish featuring black beans and zucchini.,1. Chop the zucchini and prep the black beans. 2. Cook the tortillas according to package directions. 3. Sauté the black beans and zucchini until fully cooked. 4. Combine all ingredients together and serve hot.,2
Simple Shrimp Potatoes Bowl,entree,American,"['shrimp', 'potatoes', 'onion', 'butter', 'soy sauce']",15,18,33,4,medium,False,A straightforward american dish featuring shrimp and onion.,1. Chop the onion and prep the shrimp. 2. Cook the potatoes according to package directions. 3. Sauté the shrimp and onion until fully cooked. 4. Combine all ingredients together and serve hot.,2
Quick Broccoli and Pork Chops Plate,entree,Mexican,"['pork chops', 'noodles', 'broccoli']",9,23,32,4,medium,False,A straightforward mexican dish featuring pork chops and broccoli.,1. Chop the broccoli and prep the pork chops. 2. Cook the noodles according to package directions. 3. Sauté the pork chops and broccoli until fully cooked. 4. Combine all ingredients together and serve hot.,3
Simple Salmon Potatoes Bowl,entree,Mexican,"['salmon', 'potatoes', 'onion']",11,13,24,4,easy,False,A straightforward mexican dish featuring salmon and onion.,1. Chop the onion and prep the salmon. 2. Cook the potatoes according to package directions. 3. Sauté the salmon and onion until fully cooked. 4. Combine all ingredients together and serve hot.,2
Simple Black Beans Pasta Bowl,entree,Italian,"['black beans', 'pasta', 'spinach', 'butter']",10,11,21,4,easy,True,A straightforward italian dish featuring black beans and spinach.,1. Chop the spinach and prep the black beans. 2. Cook the pasta according to package directions. 3. Sauté the black beans and spinach until fully cooked. 4. Combine all ingredients together and serve hot.,2
Eggs with Spinach and Pasta,entree,Italian,"['eggs', 'pasta', 'spinach']",15,20,35,2,medium,True,A straightforward italian dish featuring eggs and spinach.,1. Chop the spinach and prep the eggs. 2. Cook the pasta according to package directions. 3. Sauté the eggs and spinach until fully cooked. 4. Combine all ingredients together and serve hot.,3
Tofu with Cabbage and Potatoes,entree,Italian,"['tofu', 'potatoes', 'cabbage']",6,23,29,2,easy,True,A straightforward italian dish featuring tofu and cabbage.,1. Chop the cabbage and prep the tofu. 2. Cook the potatoes according to package directions. 3. Sauté the tofu and cabbage until fully cooked. 4. Combine all ingredients together and serve hot.,2
Chickpeas with Tomatoes and Sweet Potatoes,entree,Mediterranean,"['chickpeas', 'sweet potatoes', 'tomatoes']",11,21,32,4,medium,True,A straightforward mediterranean dish featuring chickpeas and tomatoes.,1. Chop the tomatoes and prep the chickpeas. 2. Cook the sweet potatoes according to package directions. 3. Sauté the chickpeas and tomatoes until fully cooked. 4. Combine all ingredients together and serve hot.,3
Quick Mushrooms and Black Beans Plate,entree,Italian,"['black beans', 'bread', 'mushrooms']",13,15,28,2,easy,True,A straightforward italian dish featuring black beans and mushrooms.,1. Chop the mushrooms and prep the black beans. 2. Cook the bread according to package directions. 3. Sauté the black beans and mushrooms until fully cooked. 4. Combine all ingredients together and serve hot.,2
Black Beans with Bell Pepper and Bread,entree,Italian,"['black beans', 'bread', 'bell pepper', 'hot sauce']",15,20,35,2,medium,True,A straightforward italian dish featuring black beans and bell pepper.,1. Chop the bell pepper and prep the black beans. 2. Cook the bread according to package directions. 3. Sauté the black beans and bell pepper until fully cooked. 4. Combine all ingredients together and serve hot.,2
Quick Carrots and Eggs Plate,entree,American,"['eggs', 'rice', 'carrots', 'lemon juice', 'olive oil']",9,20,29,2,easy,True,A straightforward american dish featuring eggs and carrots.,1. Chop the carrots and prep the eggs. 2. Cook the rice according to package directions. 3. Sauté the eggs and carrots until fully cooked. 4. Combine all ingredients together and serve hot.,2
Quick Tomatoes and Beef Strips Plate,entree,Italian,"['beef strips', 'pasta', 'tomatoes']",9,15,24,2,easy,False,A straightforward italian dish featuring beef strips and tomatoes.,1. Chop the tomatoes and prep the beef strips. 2. Cook the pasta according to package directions. 3. Sauté the beef strips and tomatoes until fully cooked. 4. Combine all ingredients together and serve hot.,2
Simple Chicken Breast Noodles Bowl,entree,American,"['chicken breast', 'noodles', 'bell pepper', 'butter', 'soy sauce']",12,22,34,2,medium,False,A straightforward american dish featuring chicken breast and bell pepper.,1. Chop the bell pepper and prep the chicken breast. 2. Cook the noodles according to package directions. 3. Sauté the chicken breast and bell pepper until fully cooked. 4. Combine all ingredients together and serve hot.,2
Simple Chickpeas Bread Bowl,entree,Asian,"['chickpeas', 'bread', 'broccoli', 'lemon juice']",11,14,25,4,easy,True,A straightforward asian dish featuring chickpeas and broccoli.,1. Chop the broccoli and prep the chickpeas. 2. Cook the bread according to package directions. 3. Sauté the chickpeas and broccoli until fully cooked. 4. Combine all ingredients together and serve hot.,2
Chickpeas with Spinach and Potatoes,entree,Asian,"['chickpeas', 'potatoes', 'spinach']",12,10,22,4,easy,True,A straightforward asian dish featuring chickpeas and spinach.,1. Chop the spinach and prep the chickpeas. 2. Cook the potatoes according to package directions. 3. Sauté the chickpeas and spinach until fully cooked. 4. Combine all ingredients together and serve hot.,2
Quick Bell Pepper and Eggs Plate,entree,Italian,"['eggs', 'rice', 'bell pepper']",14,20,34,2,medium,True,A straightforward italian dish featuring eggs and bell pepper.,1. Chop the bell pepper and prep the eggs. 2. Cook the rice according to package directions. 3. Sauté the eggs and bell pepper until fully cooked. 4. Combine all ingredients together and serve hot.,2
Simple Beef Strips Noodles Bowl,entree,Mediterranean,"['beef strips', 'noodles', 'zucchini']",10,23,33,2,medium,False,A straightforward mediterranean dish featuring beef strips and zucchini.,1. Chop the zucchini and prep the beef strips. 2. Cook the noodles according to package directions. 3. Sauté the beef strips and zucchini until fully cooked. 4. Combine all ingredients together and serve hot.,2
Quick Tomatoes and Pork Chops Plate,entree,Mexican,"['pork chops', 'rice', 'tomatoes', 'soy sauce']",12,19,31,4,medium,False,A straightforward mexican dish featuring pork chops and tomatoes.,1. Chop the tomatoes and prep the pork chops. 2. Cook the rice according to package directions. 3. Sauté the pork chops and tomatoes until fully cooked. 4. Combine all ingredients together and serve hot.,2
Quick Mushrooms and Salmon Plate,entree,Asian,"['salmon', 'pasta', 'mushrooms']",14,24,38,2,medium,False,A straightforward asian dish featuring salmon and mushrooms.,1. Chop the mushrooms and prep the salmon. 2. Cook the pasta according to package directions. 3. Sauté the salmon and mushrooms until fully cooked. 4. Combine all ingredients together and serve hot.,3
Shrimp with Carrots and Pasta,entree,Asian,"['shrimp', 'pasta', 'carrots', 'soy sauce', 'olive oil']",12,15,27,2,easy,False,A straightforward asian dish featuring shrimp and carrots.,1. Chop the carrots and prep the shrimp. 2. Cook the pasta according to package directions. 3. Sauté the shrimp and carrots until fully cooked. 4. Combine all ingredients together and serve hot.,2
Chicken Breast with Onion and Potatoes,entree,Asian,"['chicken breast', 'potatoes', 'onion', 'teriyaki sauce']",11,23,34,2,medium,False,A straightforward asian dish featuring chicken breast and onion.,1. Chop the onion and prep the chicken breast. 2. Cook the potatoes according to package directions. 3. Sauté the chicken breast and onion until fully cooked. 4. Combine all ingredients together and serve hot.,3
Simple Lentils Noodles Bowl,entree,Mediterranean,"['lentils', 'noodles', 'carrots', 'lemon juice']",14,14,28,4,easy,True,A straightforward mediterranean dish featuring lentils and carrots.,1. Chop the carrots and prep the lentils. 2. Cook the noodles according to package directions. 3. Sauté the lentils and carrots until fully cooked. 4. Combine all ingredients together and serve hot.,2
Simple Tofu Quinoa Bowl,entree,Mexican,"['tofu', 'quinoa', 'bell pepper']",12,20,32,2,medium,True,A straightforward mexican dish featuring tofu and bell pepper.,1. Chop the bell pepper and prep the tofu. 2. Cook the quinoa according to package directions. 3. Sauté the tofu and bell pepper until fully cooked. 4. Combine all ingredients together and serve hot.,3
Quick Cabbage and Beef Strips Plate,entree,Mediterranean,"['beef strips', 'tortillas', 'cabbage', 'ginger', 'garlic']",5,23,28,4,easy,False,A straightforward mediterranean dish featuring beef strips and cabbage.,1. Chop the cabbage and prep the beef strips. 2. Cook the tortillas according to package directions. 3. Sauté the beef strips and cabbage until fully cooked. 4. Combine all ingredients together and serve hot.,2
Quick Mushrooms and Eggs Plate,entree,Mediterranean,"['eggs', 'potatoes', 'mushrooms']",14,14,28,4,easy,True,A straightforward mediterranean dish featuring eggs and mushrooms.,1. Chop the mushrooms and prep the eggs. 2. Cook the potatoes according to package directions. 3. Sauté the eggs and mushrooms until fully cooked. 4. Combine all ingredients together and serve hot.,2
Simple Lentils Quinoa Bowl,entree,Asian,"['lentils', 'quinoa', 'cabbage', 'lemon juice']",11,15,26,2,easy,True,A straightforward asian dish featuring lentils and cabbage.,1. Chop the cabbage and prep the lentils. 2. Cook the quinoa according to package directions. 3. Sauté the lentils and cabbage until fully cooked. 4. Combine all ingredients together and serve hot.,2
Quick Bell Pepper and Pork Chops Plate,entree,Asian,"['pork chops', 'quinoa', 'bell pepper', 'soy sauce']",12,13,25,2,easy,False,A straightforward asian dish featuring pork chops and bell pepper.,1. Chop the bell pepper and prep the pork chops. 2. Cook the quinoa according to package directions. 3. Sauté the pork chops and bell pepper until fully cooked. 4. Combine all ingredients together and serve hot.,2
Shrimp with Peas and Noodles,entree,Italian,"['shrimp', 'noodles', 'peas']",13,10,23,4,easy,False,A straightforward italian dish featuring shrimp and peas.,1. Chop the peas and prep the shrimp. 2. Cook the noodles according to package directions. 3. Sauté the shrimp and peas until fully cooked. 4. Combine all ingredients together and serve hot.,2
Simple Pork Chops Pasta Bowl,entree,Italian,"['pork chops', 'pasta', 'zucchini', 'soy sauce', 'hot sauce']",7,13,20,4,easy,False,A straightforward italian dish featuring pork chops and zucchini.,1. Chop the zucchini and prep the pork chops. 2. Cook the pasta according to package directions. 3. Sauté the pork chops and zucchini until fully cooked. 4. Combine all ingredients together and serve hot.,2
Simple Lentils Noodles Bowl,entree,Italian,"['lentils', 'noodles', 'spinach']",5,16,21,2,easy,True,A straightforward italian dish featuring lentils and spinach.,1. Chop the spinach and prep the lentils. 2. Cook the noodles according to package directions. 3. Sauté the lentils and spinach until fully cooked. 4. Combine all ingredients together and serve hot.,2
Simple Eggs Quinoa Bowl,entree,Mexican,"['eggs', 'quinoa', 'peas', 'garlic', 'teriyaki sauce']",15,20,35,2,medium,True,A straightforward mexican dish featuring eggs and peas.,1. Chop the peas and prep the eggs. 2. Cook the quinoa according to package directions. 3. Sauté the eggs and peas until fully cooked. 4. Combine all ingredients together and serve hot.,2
Simple Shrimp Sweet Potatoes Bowl,entree,Italian,"['shrimp', 'sweet potatoes', 'zucchini']",8,14,22,2,easy,False,A straightforward italian dish featuring shrimp and zucchini.,1. Chop the zucchini and prep the shrimp. 2. Cook the sweet potatoes according to package directions. 3. Sauté the shrimp and zucchini until fully cooked. 4. Combine all ingredients together and serve hot.,2
Quick Bell Pepper and Black Beans Plate,entree,Italian,"['black beans', 'potatoes', 'bell pepper']",14,16,30,4,medium,True,A straightforward italian dish featuring black beans and bell pepper.,1. Chop the bell pepper and prep the black beans. 2. Cook the potatoes according to package directions. 3. Sauté the black beans and bell pepper until fully cooked. 4. Combine all ingredients together and serve hot.,3
Salmon with Cabbage and Noodles,entree,Mediterranean,"['salmon', 'noodles', 'cabbage', 'soy sauce', 'teriyaki sauce']",9,11,20,2,easy,False,A straightforward mediterranean dish featuring salmon and cabbage.,1. Chop the cabbage and prep the salmon. 2. Cook the noodles according to package directions. 3. Sauté the salmon and cabbage until fully cooked. 4. Combine all ingredients together and serve hot.,2
Salmon with Carrots and Rice,entree,Mexican,"['salmon', 'rice', 'carrots']",5,13,18,4,easy,False,A straightforward mexican dish featuring salmon and carrots.,1. Chop the carrots and prep the salmon. 2. Cook the rice according to package directions. 3. Sauté the salmon and carrots until fully cooked. 4. Combine all ingredients together and serve hot.,1
Quick Mushrooms and Eggs Plate,entree,Mexican,"['eggs', 'bread', 'mushrooms', 'garlic', 'lemon juice']",10,11,21,2,easy,True,A straightforward mexican dish featuring eggs and mushrooms.,1. Chop the mushrooms and prep the eggs. 2. Cook the bread according to package directions. 3. Sauté the eggs and mushrooms until fully cooked. 4. Combine all ingredients together and serve hot.,2
Simple Salmon Quinoa Bowl,entree,Mexican,"['salmon', 'quinoa', 'broccoli']",9,14,23,2,easy,False,A straightforward mexican dish featuring salmon and broccoli.,1. Chop the broccoli and prep the salmon. 2. Cook the quinoa according to package directions. 3. Sauté the salmon and broccoli until fully cooked. 4. Combine all ingredients together and serve hot.,2
Black Beans with Bell Pepper and Tortillas,entree,American,"['black beans', 'tortillas', 'bell pepper', 'cheese']",5,25,30,2,medium,True,A straightforward american dish featuring black beans and bell pepper.,1. Chop the bell pepper and prep the black beans. 2. Cook the tortillas according to package directions. 3. Sauté the black beans and bell pepper until fully cooked. 4. Combine all ingredients together and serve hot.,2
Simple Pork Chops Tortillas Bowl,entree,Asian,"['pork chops', 'tortillas', 'zucchini']",7,13,20,2,easy,False,A straightforward asian dish featuring pork chops and zucchini.,1. Chop the zucchini and prep the pork chops. 2. Cook the tortillas according to package directions. 3. Sauté the pork chops and zucchini until fully cooked. 4. Combine all ingredients together and serve hot.,2
